N,bits_N,repeat,timeout_s,status,p_found,q_found,iterations,restarts,seed,x0,c,duration_ns,duration_us,duration_ms,duration_s,started_utc,finished_utc,source_file
143,8,1,60,FOUND,11,13,6,1,15813628312338801304,68,21,7500,7.5,0.0075,7.5e-06,2026-02-09 23:23:50,2026-02-09 23:23:50,n_values_equal\n_values_008bit.txt
143,8,2,60,FOUND,11,13,3,0,12118099819743790987,16,96,2400,2.4,0.0024,2.4e-06,2026-02-09 23:23:50,2026-02-09 23:23:50,n_values_equal\n_values_008bit.txt
143,8,3,60,FOUND,11,13,2,0,15043360844455138235,53,34,1400,1.4,0.0014,1.4e-06,2026-02-09 23:23:50,2026-02-09 23:23:50,n_values_equal\n_values_008bit.txt
169,8,1,60,FOUND,13,13,2,0,7929613011968713902,159,35,1300,1.3,0.0013,1.3e-06,2026-02-09 23:23:50,2026-02-09 23:23:50,n_values_equal\n_values_008bit.txt
169,8,2,60,FOUND,13,13,12,2,13067120761180676465,121,161,9700,9.7,0.0097,9.7e-06,2026-02-09 23:23:50,2026-02-09 23:23:50,n_values_equal\n_values_008bit.txt
169,8,3,60,FOUND,13,13,8,1,448097964384459718,47,33,8400,8.4,0.0084,8.4e-06,2026-02-09 23:23:50,2026-02-09 23:23:50,n_values_equal\n_values_008bit.txt
143,8,1,60,FOUND,11,13,6,1,15813628312338801304,68,21,5900,5.9,0.0059,5.9e-06,2026-02-09 23:23:50,2026-02-09 23:23:50,n_values_equal\n_values_008bit.txt
143,8,2,60,FOUND,11,13,3,0,12118099819743790987,16,96,2600,2.6,0.0026,2.6e-06,2026-02-09 23:23:50,2026-02-09 23:23:50,n_values_equal\n_values_008bit.txt
143,8,3,60,FOUND,11,13,2,0,15043360844455138235,53,34,1800,1.8,0.0018,1.8e-06,2026-02-09 23:23:50,2026-02-09 23:23:50,n_values_equal\n_values_008bit.txt
169,8,1,60,FOUND,13,13,2,0,7929613011968713902,159,35,1600,1.6,0.0016,1.6e-06,2026-02-09 23:23:50,2026-02-09 23:23:50,n_values_equal\n_values_008bit.txt
169,8,2,60,FOUND,13,13,12,2,13067120761180676465,121,161,11500,11.5,0.0115,1.15e-05,2026-02-09 23:23:50,2026-02-09 23:23:50,n_values_equal\n_values_008bit.txt
169,8,3,60,FOUND,13,13,8,1,448097964384459718,47,33,7400,7.4,0.0074,7.4e-06,2026-02-09 23:23:50,2026-02-09 23:23:50,n_values_equal\n_values_008bit.txt
143,8,1,60,FOUND,11,13,6,1,15813628312338801304,68,21,6100,6.1,0.0061,6.1e-06,2026-02-09 23:23:50,2026-02-09 23:23:50,n_values_equal\n_values_008bit.txt
143,8,2,60,FOUND,11,13,3,0,12118099819743790987,16,96,2100,2.1,0.0021,2.1e-06,2026-02-09 23:23:50,2026-02-09 23:23:50,n_values_equal\n_values_008bit.txt
143,8,3,60,FOUND,11,13,2,0,15043360844455138235,53,34,1800,1.8,0.0018,1.8e-06,2026-02-09 23:23:50,2026-02-09 23:23:50,n_values_equal\n_values_008bit.txt
169,8,1,60,FOUND,13,13,2,0,7929613011968713902,159,35,1900,1.9,0.0019,1.9e-06,2026-02-09 23:23:50,2026-02-09 23:23:50,n_values_equal\n_values_008bit.txt
169,8,2,60,FOUND,13,13,12,2,13067120761180676465,121,161,11500,11.5,0.0115,1.15e-05,2026-02-09 23:23:50,2026-02-09 23:23:50,n_values_equal\n_values_008bit.txt
169,8,3,60,FOUND,13,13,8,1,448097964384459718,47,33,6900,6.9,0.0069,6.9e-06,2026-02-09 23:23:50,2026-02-09 23:23:50,n_values_equal\n_values_008bit.txt
143,8,1,60,FOUND,11,13,6,1,15813628312338801304,68,21,5600,5.6,0.0056,5.6e-06,2026-02-09 23:23:50,2026-02-09 23:23:50,n_values_equal\n_values_008bit.txt
143,8,2,60,FOUND,11,13,3,0,12118099819743790987,16,96,2500,2.5,0.0025,2.5e-06,2026-02-09 23:23:50,2026-02-09 23:23:50,n_values_equal\n_values_008bit.txt
143,8,3,60,FOUND,11,13,2,0,15043360844455138235,53,34,1700,1.7,0.0017,1.7e-06,2026-02-09 23:23:50,2026-02-09 23:23:50,n_values_equal\n_values_008bit.txt
169,8,1,60,FOUND,13,13,2,0,7929613011968713902,159,35,1500,1.5,0.0015,1.5e-06,2026-02-09 23:23:50,2026-02-09 23:23:50,n_values_equal\n_values_008bit.txt
169,8,2,60,FOUND,13,13,12,2,13067120761180676465,121,161,10700,10.7,0.0107,1.07e-05,2026-02-09 23:23:50,2026-02-09 23:23:50,n_values_equal\n_values_008bit.txt
169,8,3,60,FOUND,13,13,8,1,448097964384459718,47,33,7300,7.3,0.0073,7.3e-06,2026-02-09 23:23:50,2026-02-09 23:23:50,n_values_equal\n_values_008bit.txt
143,8,1,60,FOUND,11,13,6,1,15813628312338801304,68,21,6400,6.4,0.0064,6.4e-06,2026-02-09 23:23:50,2026-02-09 23:23:50,n_values_equal\n_values_008bit.txt
143,8,2,60,FOUND,11,13,3,0,12118099819743790987,16,96,2100,2.1,0.0021,2.1e-06,2026-02-09 23:23:50,2026-02-09 23:23:50,n_values_equal\n_values_008bit.txt
143,8,3,60,FOUND,11,13,2,0,15043360844455138235,53,34,1300,1.3,0.0013,1.3e-06,2026-02-09 23:23:50,2026-02-09 23:23:50,n_values_equal\n_values_008bit.txt
169,8,1,60,FOUND,13,13,2,0,7929613011968713902,159,35,1500,1.5,0.0015,1.5e-06,2026-02-09 23:23:50,2026-02-09 23:23:50,n_values_equal\n_values_008bit.txt
169,8,2,60,FOUND,13,13,12,2,13067120761180676465,121,161,6700,6.7,0.0067,6.7e-06,2026-02-09 23:23:50,2026-02-09 23:23:50,n_values_equal\n_values_008bit.txt
169,8,3,60,FOUND,13,13,8,1,448097964384459718,47,33,4500,4.5,0.0045,4.5e-06,2026-02-09 23:23:50,2026-02-09 23:23:50,n_values_equal\n_values_008bit.txt
143,8,1,60,FOUND,11,13,6,1,15813628312338801304,68,21,3500,3.5,0.0035,3.5e-06,2026-02-09 23:23:50,2026-02-09 23:23:50,n_values_equal\n_values_008bit.txt
143,8,2,60,FOUND,11,13,3,0,12118099819743790987,16,96,1700,1.7,0.0017,1.7e-06,2026-02-09 23:23:50,2026-02-09 23:23:50,n_values_equal\n_values_008bit.txt
143,8,3,60,FOUND,11,13,2,0,15043360844455138235,53,34,1300,1.3,0.0013,1.3e-06,2026-02-09 23:23:50,2026-02-09 23:23:50,n_values_equal\n_values_008bit.txt
169,8,1,60,FOUND,13,13,2,0,7929613011968713902,159,35,1200,1.2,0.0012,1.2e-06,2026-02-09 23:23:50,2026-02-09 23:23:50,n_values_equal\n_values_008bit.txt
169,8,2,60,FOUND,13,13,12,2,13067120761180676465,121,161,6500,6.5,0.0065,6.5e-06,2026-02-09 23:23:50,2026-02-09 23:23:50,n_values_equal\n_values_008bit.txt
169,8,3,60,FOUND,13,13,8,1,448097964384459718,47,33,4500,4.5,0.0045,4.5e-06,2026-02-09 23:23:50,2026-02-09 23:23:50,n_values_equal\n_values_008bit.txt
143,8,1,60,FOUND,11,13,6,1,15813628312338801304,68,21,3300,3.3,0.0033,3.3e-06,2026-02-09 23:23:50,2026-02-09 23:23:50,n_values_equal\n_values_008bit.txt
143,8,2,60,FOUND,11,13,3,0,12118099819743790987,16,96,1600,1.6,0.0016,1.6e-06,2026-02-09 23:23:50,2026-02-09 23:23:50,n_values_equal\n_values_008bit.txt
143,8,3,60,FOUND,11,13,2,0,15043360844455138235,53,34,1100,1.1,0.0011,1.1e-06,2026-02-09 23:23:50,2026-02-09 23:23:50,n_values_equal\n_values_008bit.txt
169,8,1,60,FOUND,13,13,2,0,7929613011968713902,159,35,1300,1.3,0.0013,1.3e-06,2026-02-09 23:23:50,2026-02-09 23:23:50,n_values_equal\n_values_008bit.txt
169,8,2,60,FOUND,13,13,12,2,13067120761180676465,121,161,6200,6.2,0.0062,6.2e-06,2026-02-09 23:23:50,2026-02-09 23:23:50,n_values_equal\n_values_008bit.txt
169,8,3,60,FOUND,13,13,8,1,448097964384459718,47,33,4300,4.3,0.0043,4.3e-06,2026-02-09 23:23:50,2026-02-09 23:23:50,n_values_equal\n_values_008bit.txt
143,8,1,60,FOUND,11,13,6,1,15813628312338801304,68,21,3500,3.5,0.0035,3.5e-06,2026-02-09 23:23:50,2026-02-09 23:23:50,n_values_equal\n_values_008bit.txt
143,8,2,60,FOUND,11,13,3,0,12118099819743790987,16,96,1700,1.7,0.0017,1.7e-06,2026-02-09 23:23:50,2026-02-09 23:23:50,n_values_equal\n_values_008bit.txt
143,8,3,60,FOUND,11,13,2,0,15043360844455138235,53,34,1100,1.1,0.0011,1.1e-06,2026-02-09 23:23:50,2026-02-09 23:23:50,n_values_equal\n_values_008bit.txt
169,8,1,60,FOUND,13,13,2,0,7929613011968713902,159,35,1000,1.0,0.001,1e-06,2026-02-09 23:23:50,2026-02-09 23:23:50,n_values_equal\n_values_008bit.txt
169,8,2,60,FOUND,13,13,12,2,13067120761180676465,121,161,6200,6.2,0.0062,6.2e-06,2026-02-09 23:23:50,2026-02-09 23:23:50,n_values_equal\n_values_008bit.txt
169,8,3,60,FOUND,13,13,8,1,448097964384459718,47,33,5200,5.2,0.0052,5.2e-06,2026-02-09 23:23:50,2026-02-09 23:23:50,n_values_equal\n_values_008bit.txt
143,8,1,60,FOUND,11,13,6,1,15813628312338801304,68,21,3500,3.5,0.0035,3.5e-06,2026-02-09 23:23:50,2026-02-09 23:23:50,n_values_equal\n_values_008bit.txt
143,8,2,60,FOUND,11,13,3,0,12118099819743790987,16,96,1600,1.6,0.0016,1.6e-06,2026-02-09 23:23:50,2026-02-09 23:23:50,n_values_equal\n_values_008bit.txt
143,8,3,60,FOUND,11,13,2,0,15043360844455138235,53,34,1300,1.3,0.0013,1.3e-06,2026-02-09 23:23:50,2026-02-09 23:23:50,n_values_equal\n_values_008bit.txt
169,8,1,60,FOUND,13,13,2,0,7929613011968713902,159,35,1400,1.4,0.0014,1.4e-06,2026-02-09 23:23:50,2026-02-09 23:23:50,n_values_equal\n_values_008bit.txt
169,8,2,60,FOUND,13,13,12,2,13067120761180676465,121,161,6800,6.8,0.0068,6.8e-06,2026-02-09 23:23:50,2026-02-09 23:23:50,n_values_equal\n_values_008bit.txt
169,8,3,60,FOUND,13,13,8,1,448097964384459718,47,33,4400,4.4,0.0044,4.4e-06,2026-02-09 23:23:50,2026-02-09 23:23:50,n_values_equal\n_values_008bit.txt
143,8,1,60,FOUND,11,13,6,1,15813628312338801304,68,21,3500,3.5,0.0035,3.5e-06,2026-02-09 23:23:50,2026-02-09 23:23:50,n_values_equal\n_values_008bit.txt
143,8,2,60,FOUND,11,13,3,0,12118099819743790987,16,96,1500,1.5,0.0015,1.5e-06,2026-02-09 23:23:50,2026-02-09 23:23:50,n_values_equal\n_values_008bit.txt
143,8,3,60,FOUND,11,13,2,0,15043360844455138235,53,34,1100,1.1,0.0011,1.1e-06,2026-02-09 23:23:50,2026-02-09 23:23:50,n_values_equal\n_values_008bit.txt
169,8,1,60,FOUND,13,13,2,0,7929613011968713902,159,35,1200,1.2,0.0012,1.2e-06,2026-02-09 23:23:50,2026-02-09 23:23:50,n_values_equal\n_values_008bit.txt
169,8,2,60,FOUND,13,13,12,2,13067120761180676465,121,161,6400,6.4,0.0064,6.4e-06,2026-02-09 23:23:50,2026-02-09 23:23:50,n_values_equal\n_values_008bit.txt
169,8,3,60,FOUND,13,13,8,1,448097964384459718,47,33,4300,4.3,0.0043,4.3e-06,2026-02-09 23:23:50,2026-02-09 23:23:50,n_values_equal\n_values_008bit.txt
143,8,1,60,FOUND,11,13,6,1,15813628312338801304,68,21,3300,3.3,0.0033,3.3e-06,2026-02-09 23:23:50,2026-02-09 23:23:50,n_values_equal\n_values_008bit.txt
143,8,2,60,FOUND,11,13,3,0,12118099819743790987,16,96,1500,1.5,0.0015,1.5e-06,2026-02-09 23:23:50,2026-02-09 23:23:50,n_values_equal\n_values_008bit.txt
143,8,3,60,FOUND,11,13,2,0,15043360844455138235,53,34,1100,1.1,0.0011,1.1e-06,2026-02-09 23:23:50,2026-02-09 23:23:50,n_values_equal\n_values_008bit.txt
169,8,1,60,FOUND,13,13,2,0,7929613011968713902,159,35,1100,1.1,0.0011,1.1e-06,2026-02-09 23:23:50,2026-02-09 23:23:50,n_values_equal\n_values_008bit.txt
169,8,2,60,FOUND,13,13,12,2,13067120761180676465,121,161,6800,6.8,0.0068,6.8e-06,2026-02-09 23:23:50,2026-02-09 23:23:50,n_values_equal\n_values_008bit.txt
169,8,3,60,FOUND,13,13,8,1,448097964384459718,47,33,4400,4.4,0.0044,4.4e-06,2026-02-09 23:23:50,2026-02-09 23:23:50,n_values_equal\n_values_008bit.txt
143,8,1,60,FOUND,11,13,6,1,15813628312338801304,68,21,3600,3.6,0.0036,3.6e-06,2026-02-09 23:23:50,2026-02-09 23:23:50,n_values_equal\n_values_008bit.txt
143,8,2,60,FOUND,11,13,3,0,12118099819743790987,16,96,1600,1.6,0.0016,1.6e-06,2026-02-09 23:23:50,2026-02-09 23:23:50,n_values_equal\n_values_008bit.txt
143,8,3,60,FOUND,11,13,2,0,15043360844455138235,53,34,1500,1.5,0.0015,1.5e-06,2026-02-09 23:23:50,2026-02-09 23:23:50,n_values_equal\n_values_008bit.txt
169,8,1,60,FOUND,13,13,2,0,7929613011968713902,159,35,1100,1.1,0.0011,1.1e-06,2026-02-09 23:23:50,2026-02-09 23:23:50,n_values_equal\n_values_008bit.txt
169,8,2,60,FOUND,13,13,12,2,13067120761180676465,121,161,6200,6.2,0.0062,6.2e-06,2026-02-09 23:23:50,2026-02-09 23:23:50,n_values_equal\n_values_008bit.txt
169,8,3,60,FOUND,13,13,8,1,448097964384459718,47,33,4300,4.3,0.0043,4.3e-06,2026-02-09 23:23:50,2026-02-09 23:23:50,n_values_equal\n_values_008bit.txt
143,8,1,60,FOUND,11,13,6,1,15813628312338801304,68,21,3400,3.4,0.0034,3.4e-06,2026-02-09 23:23:50,2026-02-09 23:23:50,n_values_equal\n_values_008bit.txt
143,8,2,60,FOUND,11,13,3,0,12118099819743790987,16,96,1500,1.5,0.0015,1.5e-06,2026-02-09 23:23:50,2026-02-09 23:23:50,n_values_equal\n_values_008bit.txt
143,8,3,60,FOUND,11,13,2,0,15043360844455138235,53,34,1100,1.1,0.0011,1.1e-06,2026-02-09 23:23:50,2026-02-09 23:23:50,n_values_equal\n_values_008bit.txt
2173,12,1,60,FOUND,53,41,5,0,10155834839939267613,1424,2094,5300,5.3,0.0053,5.3e-06,2026-02-09 23:23:50,2026-02-09 23:23:50,n_values_equal\n_values_012bit.txt
2173,12,2,60,FOUND,53,41,4,0,18070911589390037774,1965,214,2800,2.8,0.0028,2.8e-06,2026-02-09 23:23:50,2026-02-09 23:23:50,n_values_equal\n_values_012bit.txt
2173,12,3,60,FOUND,41,53,14,2,11685833798197492438,1211,737,8900,8.9,0.0089,8.9e-06,2026-02-09 23:23:50,2026-02-09 23:23:50,n_values_equal\n_values_012bit.txt
2183,12,1,60,FOUND,59,37,3,0,17148261186416136359,99,525,1700,1.7,0.0017,1.7e-06,2026-02-09 23:23:50,2026-02-09 23:23:50,n_values_equal\n_values_012bit.txt
2183,12,2,60,FOUND,37,59,8,0,8539501041485505765,370,1654,4100,4.1,0.0041,4.1e-06,2026-02-09 23:23:50,2026-02-09 23:23:50,n_values_equal\n_values_012bit.txt
2183,12,3,60,FOUND,37,59,1,0,14590108163719196001,376,636,900,0.9,0.0009,9e-07,2026-02-09 23:23:50,2026-02-09 23:23:50,n_values_equal\n_values_012bit.txt
2209,12,1,60,FOUND,47,47,2,0,4108697534888190248,1030,833,1400,1.4,0.0014,1.4e-06,2026-02-09 23:23:50,2026-02-09 23:23:50,n_values_equal\n_values_012bit.txt
2209,12,2,60,FOUND,47,47,9,0,8774687388879024314,1784,600,4100,4.1,0.0041,4.1e-06,2026-02-09 23:23:50,2026-02-09 23:23:50,n_values_equal\n_values_012bit.txt
2209,12,3,60,FOUND,47,47,7,0,305376844466006068,1488,394,3400,3.4,0.0034,3.4e-06,2026-02-09 23:23:50,2026-02-09 23:23:50,n_values_equal\n_values_012bit.txt
2257,12,1,60,FOUND,37,61,5,0,2986284759159474582,2059,1500,2400,2.4,0.0024,2.4e-06,2026-02-09 23:23:50,2026-02-09 23:23:50,n_values_equal\n_values_012bit.txt
2257,12,2,60,FOUND,37,61,7,1,15421944872897385931,1714,315,4400,4.4,0.0044,4.4e-06,2026-02-09 23:23:50,2026-02-09 23:23:50,n_values_equal\n_values_012bit.txt
2257,12,3,60,FOUND,37,61,8,0,671461968776367482,1147,899,3800,3.8,0.0038,3.8e-06,2026-02-09 23:23:50,2026-02-09 23:23:50,n_values_equal\n_values_012bit.txt
2279,12,1,60,FOUND,43,53,4,0,16880873290506082497,2185,540,2100,2.1,0.0021,2.1e-06,2026-02-09 23:23:50,2026-02-09 23:23:50,n_values_equal\n_values_012bit.txt
2279,12,2,60,FOUND,43,53,4,0,8350269654628634762,772,1608,2100,2.1,0.0021,2.1e-06,2026-02-09 23:23:50,2026-02-09 23:23:50,n_values_equal\n_values_012bit.txt
2279,12,3,60,FOUND,53,43,5,0,4456202398759800608,308,701,2600,2.6,0.0026,2.6e-06,2026-02-09 23:23:50,2026-02-09 23:23:50,n_values_equal\n_values_012bit.txt
2419,12,1,60,FOUND,59,41,3,0,6413267581701633955,1065,331,1700,1.7,0.0017,1.7e-06,2026-02-09 23:23:50,2026-02-09 23:23:50,n_values_equal\n_values_012bit.txt
2419,12,2,60,FOUND,59,41,2,0,18257213317209465051,677,982,1200,1.2,0.0012,1.2e-06,2026-02-09 23:23:50,2026-02-09 23:23:50,n_values_equal\n_values_012bit.txt
2419,12,3,60,FOUND,59,41,5,0,13053641032563285632,158,2075,2500,2.5,0.0025,2.5e-06,2026-02-09 23:23:50,2026-02-09 23:23:50,n_values_equal\n_values_012bit.txt
2491,12,1,60,FOUND,53,47,1,0,12066291068946000124,1570,1475,800,0.8,0.0008,8e-07,2026-02-09 23:23:50,2026-02-09 23:23:50,n_values_equal\n_values_012bit.txt
2491,12,2,60,FOUND,53,47,6,0,10954052494637975078,610,1270,3100,3.1,0.0031,3.1e-06,2026-02-09 23:23:50,2026-02-09 23:23:50,n_values_equal\n_values_012bit.txt
2491,12,3,60,FOUND,47,53,3,0,9875273908845122860,2193,1761,1600,1.6,0.0016,1.6e-06,2026-02-09 23:23:50,2026-02-09 23:23:50,n_values_equal\n_values_012bit.txt
2501,12,1,60,FOUND,61,41,2,0,14923556776329740444,1251,2118,1100,1.1,0.0011,1.1e-06,2026-02-09 23:23:50,2026-02-09 23:23:50,n_values_equal\n_values_012bit.txt
2501,12,2,60,FOUND,41,61,3,0,7478163875037312895,2076,2031,1700,1.7,0.0017,1.7e-06,2026-02-09 23:23:50,2026-02-09 23:23:50,n_values_equal\n_values_012bit.txt
2501,12,3,60,FOUND,61,41,7,0,7611528738927286917,1313,467,3300,3.3,0.0033,3.3e-06,2026-02-09 23:23:50,2026-02-09 23:23:50,n_values_equal\n_values_012bit.txt
2537,12,1,60,FOUND,43,59,1,0,12712822439952154141,2328,2421,800,0.8,0.0008,8e-07,2026-02-09 23:23:50,2026-02-09 23:23:50,n_values_equal\n_values_012bit.txt
2537,12,2,60,FOUND,43,59,6,0,12776191816873879387,1988,1453,3500,3.5,0.0035,3.5e-06,2026-02-09 23:23:50,2026-02-09 23:23:50,n_values_equal\n_values_012bit.txt
2537,12,3,60,FOUND,43,59,2,0,15823308784892854616,2454,2223,1300,1.3,0.0013,1.3e-06,2026-02-09 23:23:50,2026-02-09 23:23:50,n_values_equal\n_values_012bit.txt
2623,12,1,60,FOUND,61,43,7,0,1706797773690321574,857,1583,3300,3.3,0.0033,3.3e-06,2026-02-09 23:23:50,2026-02-09 23:23:50,n_values_equal\n_values_012bit.txt
2623,12,2,60,FOUND,61,43,8,0,13103275062526066671,1046,1196,3900,3.9,0.0039,3.9e-06,2026-02-09 23:23:50,2026-02-09 23:23:50,n_values_equal\n_values_012bit.txt
2623,12,3,60,FOUND,43,61,2,0,14239703232169222926,1047,2094,1300,1.3,0.0013,1.3e-06,2026-02-09 23:23:50,2026-02-09 23:23:50,n_values_equal\n_values_012bit.txt
2773,12,1,60,FOUND,59,47,6,0,7536189028968090324,1170,525,5800,5.8,0.0058,5.8e-06,2026-02-09 23:23:50,2026-02-09 23:23:50,n_values_equal\n_values_012bit.txt
2773,12,2,60,FOUND,47,59,11,0,10581328433933931086,527,2771,4700,4.7,0.0047,4.7e-06,2026-02-09 23:23:50,2026-02-09 23:23:50,n_values_equal\n_values_012bit.txt
2773,12,3,60,FOUND,59,47,7,0,8401340898083850380,1934,2186,3100,3.1,0.0031,3.1e-06,2026-02-09 23:23:50,2026-02-09 23:23:50,n_values_equal\n_values_012bit.txt
2809,12,1,60,FOUND,53,53,8,0,2664823180687162136,1714,1201,6100,6.1,0.0061,6.1e-06,2026-02-09 23:23:50,2026-02-09 23:23:50,n_values_equal\n_values_012bit.txt
2809,12,2,60,FOUND,53,53,5,0,9096183983291376761,880,2349,3400,3.4,0.0034,3.4e-06,2026-02-09 23:23:50,2026-02-09 23:23:50,n_values_equal\n_values_012bit.txt
2809,12,3,60,FOUND,53,53,8,0,16241550450016322309,838,2792,5700,5.7,0.0057,5.7e-06,2026-02-09 23:23:50,2026-02-09 23:23:50,n_values_equal\n_values_012bit.txt
2867,12,1,60,FOUND,61,47,13,1,18298557691788686125,1798,257,13700,13.7,0.0137,1.37e-05,2026-02-09 23:23:50,2026-02-09 23:23:50,n_values_equal\n_values_012bit.txt
2867,12,2,60,FOUND,47,61,3,0,17307402897178623226,194,989,2100,2.1,0.0021,2.1e-06,2026-02-09 23:23:50,2026-02-09 23:23:50,n_values_equal\n_values_012bit.txt
2867,12,3,60,FOUND,47,61,14,2,2520478244768197442,310,513,15000,15.0,0.015,1.5e-05,2026-02-09 23:23:50,2026-02-09 23:23:50,n_values_equal\n_values_012bit.txt
3127,12,1,60,FOUND,53,59,2,0,13625176659310733696,1187,32,1900,1.9,0.0019,1.9e-06,2026-02-09 23:23:50,2026-02-09 23:23:50,n_values_equal\n_values_012bit.txt
3127,12,2,60,FOUND,59,53,1,0,932521538481899831,1703,2878,1300,1.3,0.0013,1.3e-06,2026-02-09 23:23:50,2026-02-09 23:23:50,n_values_equal\n_values_012bit.txt
3127,12,3,60,FOUND,59,53,4,0,14047602466972588322,59,2818,3500,3.5,0.0035,3.5e-06,2026-02-09 23:23:50,2026-02-09 23:23:50,n_values_equal\n_values_012bit.txt
3233,12,1,60,FOUND,53,61,3,0,12259723645651016176,404,45,3000,3.0,0.003,3e-06,2026-02-09 23:23:50,2026-02-09 23:23:50,n_values_equal\n_values_012bit.txt
3233,12,2,60,FOUND,53,61,5,0,12636449878807845681,684,2382,4400,4.4,0.0044,4.4e-06,2026-02-09 23:23:50,2026-02-09 23:23:50,n_values_equal\n_values_012bit.txt
3233,12,3,60,FOUND,53,61,1,0,6592871489949343183,1263,1836,1200,1.2,0.0012,1.2e-06,2026-02-09 23:23:50,2026-02-09 23:23:50,n_values_equal\n_values_012bit.txt
3481,12,1,60,FOUND,59,59,16,1,10290475164392089326,1828,520,12800,12.8,0.0128,1.28e-05,2026-02-09 23:23:50,2026-02-09 23:23:50,n_values_equal\n_values_012bit.txt
3481,12,2,60,FOUND,59,59,11,1,11774249375389683511,2790,1123,10000,10.0,0.01,1e-05,2026-02-09 23:23:50,2026-02-09 23:23:50,n_values_equal\n_values_012bit.txt
3481,12,3,60,FOUND,59,59,2,0,8529969567831621841,3065,2471,2100,2.1,0.0021,2.1e-06,2026-02-09 23:23:50,2026-02-09 23:23:50,n_values_equal\n_values_012bit.txt
3599,12,1,60,FOUND,61,59,6,0,11255406348164457955,1295,2830,4500,4.5,0.0045,4.5e-06,2026-02-09 23:23:50,2026-02-09 23:23:50,n_values_equal\n_values_012bit.txt
3599,12,2,60,FOUND,61,59,11,0,10050404653340786491,2652,704,7300,7.3,0.0073,7.3e-06,2026-02-09 23:23:50,2026-02-09 23:23:50,n_values_equal\n_values_012bit.txt
3599,12,3,60,FOUND,59,61,3,0,13885890287963609306,382,584,2400,2.4,0.0024,2.4e-06,2026-02-09 23:23:50,2026-02-09 23:23:50,n_values_equal\n_values_012bit.txt
3721,12,1,60,FOUND,61,61,5,0,4826678661281858250,624,1743,4200,4.2,0.0042,4.2e-06,2026-02-09 23:23:50,2026-02-09 23:23:50,n_values_equal\n_values_012bit.txt
3721,12,2,60,FOUND,61,61,1,0,6803507218931483341,3574,2633,1100,1.1,0.0011,1.1e-06,2026-02-09 23:23:50,2026-02-09 23:23:50,n_values_equal\n_values_012bit.txt
3721,12,3,60,FOUND,61,61,6,0,8066922897526529578,1377,2898,4600,4.6,0.0046,4.6e-06,2026-02-09 23:23:50,2026-02-09 23:23:50,n_values_equal\n_values_012bit.txt
2173,12,1,60,FOUND,53,41,5,0,10155834839939267613,1424,2094,3800,3.8,0.0038,3.8e-06,2026-02-09 23:23:50,2026-02-09 23:23:50,n_values_equal\n_values_012bit.txt
2173,12,2,60,FOUND,53,41,4,0,18070911589390037774,1965,214,2500,2.5,0.0025,2.5e-06,2026-02-09 23:23:50,2026-02-09 23:23:50,n_values_equal\n_values_012bit.txt
2173,12,3,60,FOUND,41,53,14,2,11685833798197492438,1211,737,9200,9.2,0.0092,9.2e-06,2026-02-09 23:23:50,2026-02-09 23:23:50,n_values_equal\n_values_012bit.txt
2183,12,1,60,FOUND,59,37,3,0,17148261186416136359,99,525,2300,2.3,0.0023,2.3e-06,2026-02-09 23:23:50,2026-02-09 23:23:50,n_values_equal\n_values_012bit.txt
2183,12,2,60,FOUND,37,59,8,0,8539501041485505765,370,1654,5300,5.3,0.0053,5.3e-06,2026-02-09 23:23:50,2026-02-09 23:23:50,n_values_equal\n_values_012bit.txt
2183,12,3,60,FOUND,37,59,1,0,14590108163719196001,376,636,1400,1.4,0.0014,1.4e-06,2026-02-09 23:23:50,2026-02-09 23:23:50,n_values_equal\n_values_012bit.txt
2209,12,1,60,FOUND,47,47,2,0,4108697534888190248,1030,833,1800,1.8,0.0018,1.8e-06,2026-02-09 23:23:50,2026-02-09 23:23:50,n_values_equal\n_values_012bit.txt
2209,12,2,60,FOUND,47,47,9,0,8774687388879024314,1784,600,4100,4.1,0.0041,4.1e-06,2026-02-09 23:23:50,2026-02-09 23:23:50,n_values_equal\n_values_012bit.txt
2209,12,3,60,FOUND,47,47,7,0,305376844466006068,1488,394,4000,4.0,0.004,4e-06,2026-02-09 23:23:50,2026-02-09 23:23:50,n_values_equal\n_values_012bit.txt
2257,12,1,60,FOUND,37,61,5,0,2986284759159474582,2059,1500,2900,2.9,0.0029,2.9e-06,2026-02-09 23:23:50,2026-02-09 23:23:50,n_values_equal\n_values_012bit.txt
2257,12,2,60,FOUND,37,61,7,1,15421944872897385931,1714,315,4700,4.7,0.0047,4.7e-06,2026-02-09 23:23:50,2026-02-09 23:23:50,n_values_equal\n_values_012bit.txt
2257,12,3,60,FOUND,37,61,8,0,671461968776367482,1147,899,4000,4.0,0.004,4e-06,2026-02-09 23:23:50,2026-02-09 23:23:50,n_values_equal\n_values_012bit.txt
2279,12,1,60,FOUND,43,53,4,0,16880873290506082497,2185,540,2100,2.1,0.0021,2.1e-06,2026-02-09 23:23:50,2026-02-09 23:23:50,n_values_equal\n_values_012bit.txt
2279,12,2,60,FOUND,43,53,4,0,8350269654628634762,772,1608,2300,2.3,0.0023,2.3e-06,2026-02-09 23:23:50,2026-02-09 23:23:50,n_values_equal\n_values_012bit.txt
2279,12,3,60,FOUND,53,43,5,0,4456202398759800608,308,701,2900,2.9,0.0029,2.9e-06,2026-02-09 23:23:50,2026-02-09 23:23:50,n_values_equal\n_values_012bit.txt
2419,12,1,60,FOUND,59,41,3,0,6413267581701633955,1065,331,2000,2.0,0.002,2e-06,2026-02-09 23:23:50,2026-02-09 23:23:50,n_values_equal\n_values_012bit.txt
2419,12,2,60,FOUND,59,41,2,0,18257213317209465051,677,982,1300,1.3,0.0013,1.3e-06,2026-02-09 23:23:50,2026-02-09 23:23:50,n_values_equal\n_values_012bit.txt
2419,12,3,60,FOUND,59,41,5,0,13053641032563285632,158,2075,2600,2.6,0.0026,2.6e-06,2026-02-09 23:23:50,2026-02-09 23:23:50,n_values_equal\n_values_012bit.txt
2491,12,1,60,FOUND,53,47,1,0,12066291068946000124,1570,1475,700,0.7,0.0007,7e-07,2026-02-09 23:23:50,2026-02-09 23:23:50,n_values_equal\n_values_012bit.txt
2491,12,2,60,FOUND,53,47,6,0,10954052494637975078,610,1270,3100,3.1,0.0031,3.1e-06,2026-02-09 23:23:50,2026-02-09 23:23:50,n_values_equal\n_values_012bit.txt
2491,12,3,60,FOUND,47,53,3,0,9875273908845122860,2193,1761,1700,1.7,0.0017,1.7e-06,2026-02-09 23:23:50,2026-02-09 23:23:50,n_values_equal\n_values_012bit.txt
47941,16,1,60,FOUND,191,251,9,0,17093845881372101192,3377,12810,11500,11.5,0.0115,1.15e-05,2026-02-09 23:23:50,2026-02-09 23:23:50,n_values_equal\n_values_016bit.txt
47941,16,2,60,FOUND,191,251,3,0,7181674732189927443,10667,47711,3200,3.2,0.0032,3.2e-06,2026-02-09 23:23:50,2026-02-09 23:23:50,n_values_equal\n_values_016bit.txt
47941,16,3,60,FOUND,251,191,6,0,11710150920028235188,20816,14988,5300,5.3,0.0053,5.3e-06,2026-02-09 23:23:50,2026-02-09 23:23:50,n_values_equal\n_values_016bit.txt
53297,16,1,60,FOUND,223,239,6,0,17340685472249895750,36273,12474,5500,5.5,0.0055,5.5e-06,2026-02-09 23:23:50,2026-02-09 23:23:50,n_values_equal\n_values_016bit.txt
53297,16,2,60,FOUND,223,239,22,0,3059901480652597228,26441,43910,17500,17.5,0.0175,1.75e-05,2026-02-09 23:23:50,2026-02-09 23:23:50,n_values_equal\n_values_016bit.txt
53297,16,3,60,FOUND,223,239,1,0,11488323794382234213,23916,40292,1400,1.4,0.0014,1.4e-06,2026-02-09 23:23:50,2026-02-09 23:23:50,n_values_equal\n_values_016bit.txt
49447,16,1,60,FOUND,197,251,35,1,9226582309693538633,7749,27587,29100,29.1,0.0291,2.91e-05,2026-02-09 23:23:50,2026-02-09 23:23:50,n_values_equal\n_values_016bit.txt
49447,16,2,60,FOUND,197,251,11,0,7338766359450861745,22783,27506,9200,9.2,0.0092,9.2e-06,2026-02-09 23:23:50,2026-02-09 23:23:50,n_values_equal\n_values_016bit.txt
49447,16,3,60,FOUND,197,251,8,0,2893512746864543340,44915,3389,7500,7.5,0.0075,7.5e-06,2026-02-09 23:23:50,2026-02-09 23:23:50,n_values_equal\n_values_016bit.txt
42593,16,1,60,FOUND,191,223,14,0,5650610146982250011,22602,7249,11500,11.5,0.0115,1.15e-05,2026-02-09 23:23:50,2026-02-09 23:23:50,n_values_equal\n_values_016bit.txt
42593,16,2,60,FOUND,191,223,3,0,4136551716626498839,36369,5877,2700,2.7,0.0027,2.7e-06,2026-02-09 23:23:50,2026-02-09 23:23:50,n_values_equal\n_values_016bit.txt
42593,16,3,60,FOUND,191,223,8,0,8264472884810603326,10613,24835,6700,6.7,0.0067,6.7e-06,2026-02-09 23:23:50,2026-02-09 23:23:50,n_values_equal\n_values_016bit.txt
38957,16,1,60,FOUND,163,239,1,0,17085442030291768727,7846,15142,1300,1.3,0.0013,1.3e-06,2026-02-09 23:23:50,2026-02-09 23:23:50,n_values_equal\n_values_016bit.txt
38957,16,2,60,FOUND,163,239,21,0,6144315821889457956,8179,22785,15200,15.2,0.0152,1.52e-05,2026-02-09 23:23:50,2026-02-09 23:23:50,n_values_equal\n_values_016bit.txt
38957,16,3,60,FOUND,163,239,5,0,8366531781358097792,20032,29176,4200,4.2,0.0042,4.2e-06,2026-02-09 23:23:50,2026-02-09 23:23:50,n_values_equal\n_values_016bit.txt
45901,16,1,60,FOUND,233,197,5,0,3071888488866548534,33108,28163,4800,4.8,0.0048,4.8e-06,2026-02-09 23:23:50,2026-02-09 23:23:50,n_values_equal\n_values_016bit.txt
45901,16,2,60,FOUND,197,233,10,0,10388351884614124161,45861,41982,8400,8.4,0.0084,8.4e-06,2026-02-09 23:23:50,2026-02-09 23:23:50,n_values_equal\n_values_016bit.txt
45901,16,3,60,FOUND,197,233,8,0,14179221938254064072,27110,1669,6800,6.8,0.0068,6.8e-06,2026-02-09 23:23:50,2026-02-09 23:23:50,n_values_equal\n_values_016bit.txt
38191,16,1,60,FOUND,211,181,4,0,2565845235272632337,21112,37484,3500,3.5,0.0035,3.5e-06,2026-02-09 23:23:50,2026-02-09 23:23:50,n_values_equal\n_values_016bit.txt
38191,16,2,60,FOUND,211,181,16,0,12075923634644442378,32265,33351,12800,12.8,0.0128,1.28e-05,2026-02-09 23:23:50,2026-02-09 23:23:50,n_values_equal\n_values_016bit.txt
38191,16,3,60,FOUND,181,211,1,0,14193179483091396900,11293,4080,1200,1.2,0.0012,1.2e-06,2026-02-09 23:23:50,2026-02-09 23:23:50,n_values_equal\n_values_016bit.txt
42173,16,1,60,FOUND,181,233,13,0,10133055322674020500,15940,20397,6600,6.6,0.0066,6.6e-06,2026-02-09 23:23:50,2026-02-09 23:23:50,n_values_equal\n_values_016bit.txt
42173,16,2,60,FOUND,233,181,5,0,18071459533703189315,1727,25472,2600,2.6,0.0026,2.6e-06,2026-02-09 23:23:50,2026-02-09 23:23:50,n_values_equal\n_values_016bit.txt
42173,16,3,60,FOUND,233,181,8,0,15712021608555819670,31243,39170,5300,5.3,0.0053,5.3e-06,2026-02-09 23:23:50,2026-02-09 23:23:50,n_values_equal\n_values_016bit.txt
47477,16,1,60,FOUND,197,241,7,0,4660083190908784456,16076,44538,3500,3.5,0.0035,3.5e-06,2026-02-09 23:23:50,2026-02-09 23:23:50,n_values_equal\n_values_016bit.txt
47477,16,2,60,FOUND,197,241,15,0,4997826454978859998,27036,1377,7000,7.0,0.007,7e-06,2026-02-09 23:23:50,2026-02-09 23:23:50,n_values_equal\n_values_016bit.txt
47477,16,3,60,FOUND,241,197,4,0,18195333905053496423,16706,22953,2200,2.2,0.0022,2.2e-06,2026-02-09 23:23:50,2026-02-09 23:23:50,n_values_equal\n_values_016bit.txt
54731,16,1,60,FOUND,239,229,17,0,12054250530494818663,47175,36817,8700,8.7,0.0087,8.7e-06,2026-02-09 23:23:50,2026-02-09 23:23:50,n_values_equal\n_values_016bit.txt
54731,16,2,60,FOUND,229,239,9,0,246591078414665187,37543,34349,4500,4.5,0.0045,4.5e-06,2026-02-09 23:23:50,2026-02-09 23:23:50,n_values_equal\n_values_016bit.txt
54731,16,3,60,FOUND,229,239,1,0,1121647259820351562,53037,37428,800,0.8,0.0008,8e-07,2026-02-09 23:23:50,2026-02-09 23:23:50,n_values_equal\n_values_016bit.txt
39407,16,1,60,FOUND,157,251,8,0,12270372314151553435,8812,33407,3900,3.9,0.0039,3.9e-06,2026-02-09 23:23:50,2026-02-09 23:23:50,n_values_equal\n_values_016bit.txt
39407,16,2,60,FOUND,157,251,12,0,15467834582561367166,37843,10336,5600,5.6,0.0056,5.6e-06,2026-02-09 23:23:50,2026-02-09 23:23:50,n_values_equal\n_values_016bit.txt
39407,16,3,60,FOUND,157,251,13,0,6167912432264323722,28544,23057,6000,6.0,0.006,6e-06,2026-02-09 23:23:50,2026-02-09 23:23:50,n_values_equal\n_values_016bit.txt
57479,16,1,60,FOUND,229,251,5,0,13898857705194101252,11528,31862,2800,2.8,0.0028,2.8e-06,2026-02-09 23:23:50,2026-02-09 23:23:50,n_values_equal\n_values_016bit.txt
57479,16,2,60,FOUND,251,229,19,0,4076598979946936982,38730,45777,8900,8.9,0.0089,8.9e-06,2026-02-09 23:23:50,2026-02-09 23:23:50,n_values_equal\n_values_016bit.txt
57479,16,3,60,FOUND,229,251,9,0,15444434513655441011,10503,10745,4700,4.7,0.0047,4.7e-06,2026-02-09 23:23:50,2026-02-09 23:23:50,n_values_equal\n_values_016bit.txt
58081,16,1,60,FOUND,241,241,20,0,8295243923614058460,9110,25328,10000,10.0,0.01,1e-05,2026-02-09 23:23:50,2026-02-09 23:23:50,n_values_equal\n_values_016bit.txt
58081,16,2,60,FOUND,241,241,28,0,7469824242503338768,25681,16681,15500,15.5,0.0155,1.55e-05,2026-02-09 23:23:50,2026-02-09 23:23:50,n_values_equal\n_values_016bit.txt
58081,16,3,60,FOUND,241,241,12,0,16880504622497197905,12292,2494,6400,6.4,0.0064,6.4e-06,2026-02-09 23:23:50,2026-02-09 23:23:50,n_values_equal\n_values_016bit.txt
50851,16,1,60,FOUND,211,241,22,0,435024539725086993,3555,47231,11200,11.2,0.0112,1.12e-05,2026-02-09 23:23:50,2026-02-09 23:23:50,n_values_equal\n_values_016bit.txt
50851,16,2,60,FOUND,211,241,16,0,8148139675651212101,13898,36370,7800,7.8,0.0078,7.8e-06,2026-02-09 23:23:50,2026-02-09 23:23:50,n_values_equal\n_values_016bit.txt
50851,16,3,60,FOUND,211,241,4,0,9639551729527463708,29629,12594,2300,2.3,0.0023,2.3e-06,2026-02-09 23:23:50,2026-02-09 23:23:50,n_values_equal\n_values_016bit.txt
34393,16,1,60,FOUND,211,163,3,0,10713197236598129173,3673,30664,1700,1.7,0.0017,1.7e-06,2026-02-09 23:23:50,2026-02-09 23:23:50,n_values_equal\n_values_016bit.txt
34393,16,2,60,FOUND,163,211,12,0,9292674463128000446,2271,14482,5800,5.8,0.0058,5.8e-06,2026-02-09 23:23:50,2026-02-09 23:23:50,n_values_equal\n_values_016bit.txt
34393,16,3,60,FOUND,163,211,9,0,11029588138986428118,9774,21305,4300,4.3,0.0043,4.3e-06,2026-02-09 23:23:50,2026-02-09 23:23:50,n_values_equal\n_values_016bit.txt
33499,16,1,60,FOUND,241,139,3,0,14130300526792491375,4824,10399,1800,1.8,0.0018,1.8e-06,2026-02-09 23:23:50,2026-02-09 23:23:50,n_values_equal\n_values_016bit.txt
33499,16,2,60,FOUND,139,241,12,0,9118044548544456418,24408,3196,5600,5.6,0.0056,5.6e-06,2026-02-09 23:23:50,2026-02-09 23:23:50,n_values_equal\n_values_016bit.txt
33499,16,3,60,FOUND,139,241,8,0,2167679545431751474,25118,10064,3800,3.8,0.0038,3.8e-06,2026-02-09 23:23:50,2026-02-09 23:23:50,n_values_equal\n_values_016bit.txt
35263,16,1,60,FOUND,197,179,3,0,3600048093047835141,24434,16249,1700,1.7,0.0017,1.7e-06,2026-02-09 23:23:50,2026-02-09 23:23:50,n_values_equal\n_values_016bit.txt
35263,16,2,60,FOUND,179,197,7,0,5682596821932053738,34470,16638,3800,3.8,0.0038,3.8e-06,2026-02-09 23:23:50,2026-02-09 23:23:50,n_values_equal\n_values_016bit.txt
35263,16,3,60,FOUND,179,197,5,0,1337496328962164409,27176,9742,2700,2.7,0.0027,2.7e-06,2026-02-09 23:23:50,2026-02-09 23:23:50,n_values_equal\n_values_016bit.txt
43811,16,1,60,FOUND,193,227,3,0,15475229747695847115,40657,7328,2000,2.0,0.002,2e-06,2026-02-09 23:23:50,2026-02-09 23:23:50,n_values_equal\n_values_016bit.txt
43811,16,2,60,FOUND,227,193,13,0,2788318707063898930,17053,37215,10300,10.3,0.0103,1.03e-05,2026-02-09 23:23:50,2026-02-09 23:23:50,n_values_equal\n_values_016bit.txt
43811,16,3,60,FOUND,193,227,8,0,16012442712163201703,33825,31594,4300,4.3,0.0043,4.3e-06,2026-02-09 23:23:50,2026-02-09 23:23:50,n_values_equal\n_values_016bit.txt
39203,16,1,60,FOUND,197,199,10,0,13844213542877056409,11278,15663,5200,5.2,0.0052,5.2e-06,2026-02-09 23:23:50,2026-02-09 23:23:50,n_values_equal\n_values_016bit.txt
39203,16,2,60,FOUND,197,199,10,0,16981342130631333820,4190,12346,5200,5.2,0.0052,5.2e-06,2026-02-09 23:23:50,2026-02-09 23:23:50,n_values_equal\n_values_016bit.txt
39203,16,3,60,FOUND,199,197,11,0,10679225501305264559,27990,1740,5300,5.3,0.0053,5.3e-06,2026-02-09 23:23:50,2026-02-09 23:23:50,n_values_equal\n_values_016bit.txt
40991,16,1,60,FOUND,229,179,8,0,13676999653377272090,19853,13856,3800,3.8,0.0038,3.8e-06,2026-02-09 23:23:50,2026-02-09 23:23:50,n_values_equal\n_values_016bit.txt
40991,16,2,60,FOUND,179,229,16,0,4376510997409806416,26050,27588,7600,7.6,0.0076,7.6e-06,2026-02-09 23:23:50,2026-02-09 23:23:50,n_values_equal\n_values_016bit.txt
40991,16,3,60,FOUND,179,229,2,0,12454508738253978539,7014,25756,1200,1.2,0.0012,1.2e-06,2026-02-09 23:23:50,2026-02-09 23:23:50,n_values_equal\n_values_016bit.txt
55687,16,1,60,FOUND,233,239,5,0,14583608695582527367,3101,43093,2500,2.5,0.0025,2.5e-06,2026-02-09 23:23:50,2026-02-09 23:23:50,n_values_equal\n_values_016bit.txt
55687,16,2,60,FOUND,239,233,18,0,3425686255431027897,21245,4296,8800,8.8,0.0088,8.8e-06,2026-02-09 23:23:50,2026-02-09 23:23:50,n_values_equal\n_values_016bit.txt
55687,16,3,60,FOUND,239,233,25,0,4188686179670189951,17206,5153,12200,12.2,0.0122,1.22e-05,2026-02-09 23:23:50,2026-02-09 23:23:50,n_values_equal\n_values_016bit.txt
36503,16,1,60,FOUND,173,211,9,0,17139545929473329983,29708,5808,4700,4.7,0.0047,4.7e-06,2026-02-09 23:23:50,2026-02-09 23:23:50,n_values_equal\n_values_016bit.txt
36503,16,2,60,FOUND,211,173,9,0,15349437648610037824,19473,28933,4500,4.5,0.0045,4.5e-06,2026-02-09 23:23:50,2026-02-09 23:23:50,n_values_equal\n_values_016bit.txt
36503,16,3,60,FOUND,173,211,6,0,9360148119592708341,29353,27708,3100,3.1,0.0031,3.1e-06,2026-02-09 23:23:50,2026-02-09 23:23:50,n_values_equal\n_values_016bit.txt
35639,16,1,60,FOUND,157,227,18,0,5632792617495498457,32021,29452,8300,8.3,0.0083,8.3e-06,2026-02-09 23:23:50,2026-02-09 23:23:50,n_values_equal\n_values_016bit.txt
35639,16,2,60,FOUND,157,227,13,0,9249120539479338869,31823,15083,6000,6.0,0.006,6e-06,2026-02-09 23:23:50,2026-02-09 23:23:50,n_values_equal\n_values_016bit.txt
35639,16,3,60,FOUND,227,157,5,0,2178193744029815324,18890,28228,2700,2.7,0.0027,2.7e-06,2026-02-09 23:23:50,2026-02-09 23:23:50,n_values_equal\n_values_016bit.txt
35011,16,1,60,FOUND,223,157,2,0,3718674876577497720,9373,16236,1200,1.2,0.0012,1.2e-06,2026-02-09 23:23:50,2026-02-09 23:23:50,n_values_equal\n_values_016bit.txt
35011,16,2,60,FOUND,157,223,6,0,8385011779489017861,5827,26327,2800,2.8,0.0028,2.8e-06,2026-02-09 23:23:50,2026-02-09 23:23:50,n_values_equal\n_values_016bit.txt
35011,16,3,60,FOUND,223,157,17,0,5584125878626027900,9060,24805,7500,7.5,0.0075,7.5e-06,2026-02-09 23:23:50,2026-02-09 23:23:50,n_values_equal\n_values_016bit.txt
43139,16,1,60,FOUND,241,179,13,0,2277024065246042289,29538,2446,6300,6.3,0.0063,6.3e-06,2026-02-09 23:23:50,2026-02-09 23:23:50,n_values_equal\n_values_016bit.txt
43139,16,2,60,FOUND,179,241,8,0,4427614093294597773,4544,33368,4000,4.0,0.004,4e-06,2026-02-09 23:23:50,2026-02-09 23:23:50,n_values_equal\n_values_016bit.txt
43139,16,3,60,FOUND,179,241,4,0,17951858366896317163,8753,27772,2100,2.1,0.0021,2.1e-06,2026-02-09 23:23:50,2026-02-09 23:23:50,n_values_equal\n_values_016bit.txt
574339,20,1,60,FOUND,773,743,21,0,10249715607932844100,483587,227408,17000,17.0,0.017,1.7e-05,2026-02-09 23:23:50,2026-02-09 23:23:50,n_values_equal\n_values_020bit.txt
574339,20,2,60,FOUND,743,773,20,0,11904516371827170922,123637,482248,17600,17.6,0.0176,1.76e-05,2026-02-09 23:23:50,2026-02-09 23:23:50,n_values_equal\n_values_020bit.txt
574339,20,3,60,FOUND,743,773,20,0,1839665963539481439,109128,532449,20800,20.8,0.0208,2.08e-05,2026-02-09 23:23:50,2026-02-09 23:23:50,n_values_equal\n_values_020bit.txt
525647,20,1,60,FOUND,577,911,9,0,12076191988085547084,194148,443727,6400,6.4,0.0064,6.4e-06,2026-02-09 23:23:50,2026-02-09 23:23:50,n_values_equal\n_values_020bit.txt
525647,20,2,60,FOUND,911,577,25,0,18322503172038689143,457568,352094,12100,12.1,0.0121,1.21e-05,2026-02-09 23:23:50,2026-02-09 23:23:50,n_values_equal\n_values_020bit.txt
525647,20,3,60,FOUND,911,577,4,0,16429536346142809208,508231,240766,2600,2.6,0.0026,2.6e-06,2026-02-09 23:23:50,2026-02-09 23:23:50,n_values_equal\n_values_020bit.txt
623011,20,1,60,FOUND,757,823,15,0,13915924377357403822,25248,211346,7600,7.6,0.0076,7.6e-06,2026-02-09 23:23:50,2026-02-09 23:23:50,n_values_equal\n_values_020bit.txt
623011,20,2,60,FOUND,757,823,25,0,11231763303288344990,131732,145707,12000,12.0,0.012,1.2e-05,2026-02-09 23:23:50,2026-02-09 23:23:50,n_values_equal\n_values_020bit.txt
623011,20,3,60,FOUND,757,823,18,0,7886103901925886489,537616,189277,9000,9.0,0.009,9e-06,2026-02-09 23:23:50,2026-02-09 23:23:50,n_values_equal\n_values_020bit.txt
971107,20,1,60,FOUND,1019,953,16,0,4226086858231305125,5827,586587,8800,8.8,0.0088,8.8e-06,2026-02-09 23:23:50,2026-02-09 23:23:50,n_values_equal\n_values_020bit.txt
971107,20,2,60,FOUND,1019,953,26,0,399037392774688750,688845,904462,12800,12.8,0.0128,1.28e-05,2026-02-09 23:23:50,2026-02-09 23:23:50,n_values_equal\n_values_020bit.txt
971107,20,3,60,FOUND,953,1019,36,0,8768993418663056242,758910,672548,17300,17.3,0.0173,1.73e-05,2026-02-09 23:23:50,2026-02-09 23:23:50,n_values_equal\n_values_020bit.txt
574121,20,1,60,FOUND,569,1009,28,0,3637522554711866141,514127,254804,13200,13.2,0.0132,1.32e-05,2026-02-09 23:23:50,2026-02-09 23:23:50,n_values_equal\n_values_020bit.txt
574121,20,2,60,FOUND,569,1009,12,0,14768213294259251532,566504,93832,6600,6.6,0.0066,6.6e-06,2026-02-09 23:23:50,2026-02-09 23:23:50,n_values_equal\n_values_020bit.txt
574121,20,3,60,FOUND,1009,569,41,0,11620901598373756829,163599,476635,19600,19.6,0.0196,1.96e-05,2026-02-09 23:23:50,2026-02-09 23:23:50,n_values_equal\n_values_020bit.txt
695273,20,1,60,FOUND,967,719,26,0,9931732143784664182,413878,263675,12300,12.3,0.0123,1.23e-05,2026-02-09 23:23:50,2026-02-09 23:23:50,n_values_equal\n_values_020bit.txt
695273,20,2,60,FOUND,719,967,18,0,13153597291711837918,347555,416336,9000,9.0,0.009,9e-06,2026-02-09 23:23:50,2026-02-09 23:23:50,n_values_equal\n_values_020bit.txt
695273,20,3,60,FOUND,719,967,22,0,4362161720499448652,544609,168575,11000,11.0,0.011,1.1e-05,2026-02-09 23:23:50,2026-02-09 23:23:50,n_values_equal\n_values_020bit.txt
730369,20,1,60,FOUND,983,743,12,0,2946523101229893052,149176,293849,6100,6.1,0.0061,6.1e-06,2026-02-09 23:23:50,2026-02-09 23:23:50,n_values_equal\n_values_020bit.txt
730369,20,2,60,FOUND,743,983,11,0,5049660307116351940,120214,211052,5700,5.7,0.0057,5.7e-06,2026-02-09 23:23:50,2026-02-09 23:23:50,n_values_equal\n_values_020bit.txt
730369,20,3,60,FOUND,743,983,11,0,529151618620505102,221124,651165,6700,6.7,0.0067,6.7e-06,2026-02-09 23:23:50,2026-02-09 23:23:50,n_values_equal\n_values_020bit.txt
814733,20,1,60,FOUND,929,877,8,0,9525305284058962980,159714,108186,4600,4.6,0.0046,4.6e-06,2026-02-09 23:23:50,2026-02-09 23:23:50,n_values_equal\n_values_020bit.txt
814733,20,2,60,FOUND,877,929,12,0,1964370995093709710,455721,495728,8300,8.3,0.0083,8.3e-06,2026-02-09 23:23:50,2026-02-09 23:23:50,n_values_equal\n_values_020bit.txt
814733,20,3,60,FOUND,877,929,30,0,3327001891427094975,453831,117598,27000,27.0,0.027,2.7e-05,2026-02-09 23:23:50,2026-02-09 23:23:50,n_values_equal\n_values_020bit.txt
603329,20,1,60,FOUND,757,797,20,0,5236484971181407276,50042,202886,10200,10.2,0.0102,1.02e-05,2026-02-09 23:23:50,2026-02-09 23:23:50,n_values_equal\n_values_020bit.txt
603329,20,2,60,FOUND,757,797,16,0,6402766440089355029,95624,163750,7800,7.8,0.0078,7.8e-06,2026-02-09 23:23:50,2026-02-09 23:23:50,n_values_equal\n_values_020bit.txt
603329,20,3,60,FOUND,797,757,26,0,12957600926433615081,577705,132149,24200,24.2,0.0242,2.42e-05,2026-02-09 23:23:50,2026-02-09 23:23:50,n_values_equal\n_values_020bit.txt
954803,20,1,60,FOUND,937,1019,24,0,1970620584230660630,518984,864238,11800,11.8,0.0118,1.18e-05,2026-02-09 23:23:50,2026-02-09 23:23:50,n_values_equal\n_values_020bit.txt
954803,20,2,60,FOUND,937,1019,14,0,2443799024888887327,421192,907072,7300,7.3,0.0073,7.3e-06,2026-02-09 23:23:50,2026-02-09 23:23:50,n_values_equal\n_values_020bit.txt
954803,20,3,60,FOUND,1019,937,24,0,9171527752959305930,942177,572947,11500,11.5,0.0115,1.15e-05,2026-02-09 23:23:50,2026-02-09 23:23:50,n_values_equal\n_values_020bit.txt
751589,20,1,60,FOUND,857,877,18,0,6473061676725754046,317464,688934,11900,11.9,0.0119,1.19e-05,2026-02-09 23:23:50,2026-02-09 23:23:50,n_values_equal\n_values_020bit.txt
751589,20,2,60,FOUND,877,857,4,0,1797289839577748095,409414,60617,2400,2.4,0.0024,2.4e-06,2026-02-09 23:23:50,2026-02-09 23:23:50,n_values_equal\n_values_020bit.txt
751589,20,3,60,FOUND,857,877,17,0,10326700859239870973,562120,462558,8900,8.9,0.0089,8.9e-06,2026-02-09 23:23:50,2026-02-09 23:23:50,n_values_equal\n_values_020bit.txt
558013,20,1,60,FOUND,941,593,12,0,14186503705301312838,45234,440544,6500,6.5,0.0065,6.5e-06,2026-02-09 23:23:50,2026-02-09 23:23:50,n_values_equal\n_values_020bit.txt
558013,20,2,60,FOUND,593,941,9,0,15914211671342229764,333468,459852,4700,4.7,0.0047,4.7e-06,2026-02-09 23:23:50,2026-02-09 23:23:50,n_values_equal\n_values_020bit.txt
558013,20,3,60,FOUND,941,593,28,0,3664500318170161157,202402,107249,13500,13.5,0.0135,1.35e-05,2026-02-09 23:23:50,2026-02-09 23:23:50,n_values_equal\n_values_020bit.txt
607613,20,1,60,FOUND,857,709,15,0,4040846859441736425,252067,397803,8100,8.1,0.0081,8.1e-06,2026-02-09 23:23:50,2026-02-09 23:23:50,n_values_equal\n_values_020bit.txt
607613,20,2,60,FOUND,857,709,14,0,1852834266472746597,456864,47761,7400,7.4,0.0074,7.4e-06,2026-02-09 23:23:50,2026-02-09 23:23:50,n_values_equal\n_values_020bit.txt
607613,20,3,60,FOUND,709,857,18,0,8447977494561254202,579780,233047,8700,8.7,0.0087,8.7e-06,2026-02-09 23:23:50,2026-02-09 23:23:50,n_values_equal\n_values_020bit.txt
799067,20,1,60,FOUND,881,907,28,0,11355687934394385450,587229,225134,13500,13.5,0.0135,1.35e-05,2026-02-09 23:23:50,2026-02-09 23:23:50,n_values_equal\n_values_020bit.txt
799067,20,2,60,FOUND,907,881,28,0,9101889726124200399,96528,111600,14700,14.7,0.0147,1.47e-05,2026-02-09 23:23:50,2026-02-09 23:23:50,n_values_equal\n_values_020bit.txt
799067,20,3,60,FOUND,881,907,15,0,14935268454736977912,34559,720428,8200,8.2,0.0082,8.2e-06,2026-02-09 23:23:50,2026-02-09 23:23:50,n_values_equal\n_values_020bit.txt
880937,20,1,60,FOUND,911,967,8,0,12178072166646419206,489352,43839,5800,5.8,0.0058,5.8e-06,2026-02-09 23:23:50,2026-02-09 23:23:50,n_values_equal\n_values_020bit.txt
880937,20,2,60,FOUND,911,967,39,0,955239972592109525,713725,69679,19000,19.0,0.019,1.9e-05,2026-02-09 23:23:50,2026-02-09 23:23:50,n_values_equal\n_values_020bit.txt
880937,20,3,60,FOUND,967,911,10,0,4853723122836833122,308056,868687,5200,5.2,0.0052,5.2e-06,2026-02-09 23:23:50,2026-02-09 23:23:50,n_values_equal\n_values_020bit.txt
783611,20,1,60,FOUND,1019,769,10,0,3347225141390877743,336332,625355,5500,5.5,0.0055,5.5e-06,2026-02-09 23:23:50,2026-02-09 23:23:50,n_values_equal\n_values_020bit.txt
783611,20,2,60,FOUND,769,1019,14,0,3159953403417060960,563984,38264,7100,7.1,0.0071,7.1e-06,2026-02-09 23:23:50,2026-02-09 23:23:50,n_values_equal\n_values_020bit.txt
783611,20,3,60,FOUND,1019,769,9,0,5869969698243306013,532456,162479,4600,4.6,0.0046,4.6e-06,2026-02-09 23:23:50,2026-02-09 23:23:50,n_values_equal\n_values_020bit.txt
752659,20,1,60,FOUND,1013,743,26,0,14772974096901885885,592646,685839,13400,13.4,0.0134,1.34e-05,2026-02-09 23:23:50,2026-02-09 23:23:50,n_values_equal\n_values_020bit.txt
752659,20,2,60,FOUND,1013,743,17,0,12031580282719073862,726364,291154,8700,8.7,0.0087,8.7e-06,2026-02-09 23:23:50,2026-02-09 23:23:50,n_values_equal\n_values_020bit.txt
752659,20,3,60,FOUND,743,1013,28,0,366192051482625911,710784,719023,14000,14.0,0.014,1.4e-05,2026-02-09 23:23:50,2026-02-09 23:23:50,n_values_equal\n_values_020bit.txt
641941,20,1,60,FOUND,883,727,24,0,2054137338852615338,42422,486482,11900,11.9,0.0119,1.19e-05,2026-02-09 23:23:50,2026-02-09 23:23:50,n_values_equal\n_values_020bit.txt
641941,20,2,60,FOUND,727,883,38,0,11526525499823426848,327885,81554,18200,18.2,0.0182,1.82e-05,2026-02-09 23:23:50,2026-02-09 23:23:50,n_values_equal\n_values_020bit.txt
641941,20,3,60,FOUND,883,727,10,0,6695254283519940359,510876,591339,5300,5.3,0.0053,5.3e-06,2026-02-09 23:23:50,2026-02-09 23:23:50,n_values_equal\n_values_020bit.txt
927271,20,1,60,FOUND,1009,919,19,0,2535969604970801523,250618,184903,9200,9.2,0.0092,9.2e-06,2026-02-09 23:23:50,2026-02-09 23:23:50,n_values_equal\n_values_020bit.txt
927271,20,2,60,FOUND,1009,919,52,0,6545245682060066257,214560,783439,28400,28.4,0.0284,2.84e-05,2026-02-09 23:23:50,2026-02-09 23:23:50,n_values_equal\n_values_020bit.txt
927271,20,3,60,FOUND,919,1009,22,0,1929375349237026432,330425,335428,10900,10.9,0.0109,1.09e-05,2026-02-09 23:23:50,2026-02-09 23:23:50,n_values_equal\n_values_020bit.txt
814669,20,1,60,FOUND,839,971,35,0,12352320169279970342,157409,580636,16700,16.7,0.0167,1.67e-05,2026-02-09 23:23:50,2026-02-09 23:23:50,n_values_equal\n_values_020bit.txt
814669,20,2,60,FOUND,971,839,32,0,11240354887163553885,230683,13973,16000,16.0,0.016,1.6e-05,2026-02-09 23:23:50,2026-02-09 23:23:50,n_values_equal\n_values_020bit.txt
814669,20,3,60,FOUND,971,839,2,0,323521607031133532,99635,126412,1400,1.4,0.0014,1.4e-06,2026-02-09 23:23:50,2026-02-09 23:23:50,n_values_equal\n_values_020bit.txt
936799,20,1,60,FOUND,953,983,30,0,11958054364929791011,414618,388541,14900,14.9,0.0149,1.49e-05,2026-02-09 23:23:50,2026-02-09 23:23:50,n_values_equal\n_values_020bit.txt
936799,20,2,60,FOUND,953,983,27,0,3764693738858111901,929042,331701,12900,12.9,0.0129,1.29e-05,2026-02-09 23:23:50,2026-02-09 23:23:50,n_values_equal\n_values_020bit.txt
936799,20,3,60,FOUND,983,953,46,0,1631771278319685551,458896,695999,22000,22.0,0.022,2.2e-05,2026-02-09 23:23:50,2026-02-09 23:23:50,n_values_equal\n_values_020bit.txt
544993,20,1,60,FOUND,827,659,36,0,1513296806156448171,342889,464235,17000,17.0,0.017,1.7e-05,2026-02-09 23:23:50,2026-02-09 23:23:50,n_values_equal\n_values_020bit.txt
544993,20,2,60,FOUND,659,827,8,0,641375087908524492,344100,395196,4200,4.2,0.0042,4.2e-06,2026-02-09 23:23:50,2026-02-09 23:23:50,n_values_equal\n_values_020bit.txt
544993,20,3,60,FOUND,659,827,18,0,1120583389355976584,218878,115139,8900,8.9,0.0089,8.9e-06,2026-02-09 23:23:50,2026-02-09 23:23:50,n_values_equal\n_values_020bit.txt
751561,20,1,60,FOUND,809,929,2,0,10061888150178079367,565346,619398,1300,1.3,0.0013,1.3e-06,2026-02-09 23:23:50,2026-02-09 23:23:50,n_values_equal\n_values_020bit.txt
751561,20,2,60,FOUND,929,809,6,0,10308458566128926729,1066,505071,4600,4.6,0.0046,4.6e-06,2026-02-09 23:23:50,2026-02-09 23:23:50,n_values_equal\n_values_020bit.txt
751561,20,3,60,FOUND,809,929,20,0,16174671973745970733,81193,695754,10000,10.0,0.01,1e-05,2026-02-09 23:23:50,2026-02-09 23:23:50,n_values_equal\n_values_020bit.txt
636751,20,1,60,FOUND,743,857,19,0,12905679798922537198,562678,449088,16700,16.7,0.0167,1.67e-05,2026-02-09 23:23:50,2026-02-09 23:23:50,n_values_equal\n_values_020bit.txt
636751,20,2,60,FOUND,857,743,22,0,1386480595837036392,464352,305681,18400,18.4,0.0184,1.84e-05,2026-02-09 23:23:50,2026-02-09 23:23:50,n_values_equal\n_values_020bit.txt
636751,20,3,60,FOUND,857,743,30,0,4198658742932553078,474446,385178,14000,14.0,0.014,1.4e-05,2026-02-09 23:23:50,2026-02-09 23:23:50,n_values_equal\n_values_020bit.txt
622579,20,1,60,FOUND,829,751,14,0,9888896046626206363,151415,446665,6800,6.8,0.0068,6.8e-06,2026-02-09 23:23:50,2026-02-09 23:23:50,n_values_equal\n_values_020bit.txt
622579,20,2,60,FOUND,751,829,26,0,4788651615301008159,496182,227055,12400,12.4,0.0124,1.24e-05,2026-02-09 23:23:50,2026-02-09 23:23:50,n_values_equal\n_values_020bit.txt
622579,20,3,60,FOUND,829,751,20,0,2835712797485336622,525094,380631,10200,10.2,0.0102,1.02e-05,2026-02-09 23:23:50,2026-02-09 23:23:50,n_values_equal\n_values_020bit.txt
9291229,24,1,60,FOUND,3463,2683,27,0,8542847763069456986,8199367,1593758,26800,26.8,0.0268,2.68e-05,2026-02-09 23:23:50,2026-02-09 23:23:50,n_values_equal\n_values_024bit.txt
9291229,24,2,60,FOUND,2683,3463,67,0,12645070965640923052,6180377,1965120,56700,56.7,0.0567,5.67e-05,2026-02-09 23:23:50,2026-02-09 23:23:50,n_values_equal\n_values_024bit.txt
9291229,24,3,60,FOUND,2683,3463,74,0,8475882542676238659,9208096,146473,63200,63.2,0.0632,6.32e-05,2026-02-09 23:23:50,2026-02-09 23:23:50,n_values_equal\n_values_024bit.txt
13803431,24,1,60,FOUND,3907,3533,25,0,13958093725343721006,13079555,8566382,21300,21.3,0.0213,2.13e-05,2026-02-09 23:23:50,2026-02-09 23:23:50,n_values_equal\n_values_024bit.txt
13803431,24,2,60,FOUND,3533,3907,90,0,6044397895868519091,11975791,6956715,77400,77.4,0.0774,7.74e-05,2026-02-09 23:23:50,2026-02-09 23:23:50,n_values_equal\n_values_024bit.txt
13803431,24,3,60,FOUND,3533,3907,76,0,11915657279671599687,7015921,6188850,77900,77.9,0.0779,7.79e-05,2026-02-09 23:23:50,2026-02-09 23:23:50,n_values_equal\n_values_024bit.txt
14837939,24,1,60,FOUND,3643,4073,19,0,286326858191931379,12734077,1690318,16500,16.5,0.0165,1.65e-05,2026-02-09 23:23:50,2026-02-09 23:23:50,n_values_equal\n_values_024bit.txt
14837939,24,2,60,FOUND,3643,4073,18,0,11463372011011248842,14169985,8991460,15900,15.9,0.0159,1.59e-05,2026-02-09 23:23:50,2026-02-09 23:23:50,n_values_equal\n_values_024bit.txt
14837939,24,3,60,FOUND,3643,4073,11,0,6716384763995830012,10306568,7279155,9900,9.9,0.0099,9.9e-06,2026-02-09 23:23:50,2026-02-09 23:23:50,n_values_equal\n_values_024bit.txt
15374237,24,1,60,FOUND,3923,3919,56,0,10778458496028930232,1316415,4007327,47100,47.1,0.0471,4.71e-05,2026-02-09 23:23:50,2026-02-09 23:23:50,n_values_equal\n_values_024bit.txt
15374237,24,2,60,FOUND,3919,3923,59,0,593857760933839888,5941256,3216114,49700,49.7,0.0497,4.97e-05,2026-02-09 23:23:50,2026-02-09 23:23:50,n_values_equal\n_values_024bit.txt
15374237,24,3,60,FOUND,3919,3923,48,0,8018121169406514791,3429823,1056053,39400,39.4,0.0394,3.94e-05,2026-02-09 23:23:50,2026-02-09 23:23:50,n_values_equal\n_values_024bit.txt
10538659,24,1,60,FOUND,4027,2617,34,0,7573576651975646396,1576530,10428953,28500,28.5,0.0285,2.85e-05,2026-02-09 23:23:50,2026-02-09 23:23:50,n_values_equal\n_values_024bit.txt
10538659,24,2,60,FOUND,4027,2617,19,0,562566586628289992,1834041,1776564,16300,16.3,0.0163,1.63e-05,2026-02-09 23:23:50,2026-02-09 23:23:50,n_values_equal\n_values_024bit.txt
10538659,24,3,60,FOUND,4027,2617,57,0,14239780507613025212,7421467,3464108,46900,46.9,0.0469,4.69e-05,2026-02-09 23:23:50,2026-02-09 23:23:50,n_values_equal\n_values_024bit.txt
9232739,24,1,60,FOUND,3187,2897,14,0,7807351659349399676,1257858,7164684,12500,12.5,0.0125,1.25e-05,2026-02-09 23:23:50,2026-02-09 23:23:50,n_values_equal\n_values_024bit.txt
9232739,24,2,60,FOUND,2897,3187,12,0,9735506349348179964,8345848,2197803,10500,10.5,0.0105,1.05e-05,2026-02-09 23:23:50,2026-02-09 23:23:50,n_values_equal\n_values_024bit.txt
9232739,24,3,60,FOUND,2897,3187,13,0,13597510207302080613,9026446,575437,11300,11.3,0.0113,1.13e-05,2026-02-09 23:23:50,2026-02-09 23:23:50,n_values_equal\n_values_024bit.txt
11755811,24,1,60,FOUND,3833,3067,36,0,12140345376849542803,4160658,7553727,30400,30.4,0.0304,3.04e-05,2026-02-09 23:23:50,2026-02-09 23:23:50,n_values_equal\n_values_024bit.txt
11755811,24,2,60,FOUND,3833,3067,39,0,11624473494646151915,9305045,7914779,31300,31.3,0.0313,3.13e-05,2026-02-09 23:23:50,2026-02-09 23:23:50,n_values_equal\n_values_024bit.txt
11755811,24,3,60,FOUND,3067,3833,34,0,12940628743477037832,7379667,10467634,29200,29.2,0.0292,2.92e-05,2026-02-09 23:23:50,2026-02-09 23:23:50,n_values_equal\n_values_024bit.txt
12778861,24,1,60,FOUND,3617,3533,64,0,10582516497710024825,1365093,8200772,53400,53.4,0.0534,5.34e-05,2026-02-09 23:23:50,2026-02-09 23:23:50,n_values_equal\n_values_024bit.txt
12778861,24,2,60,FOUND,3617,3533,28,0,4915797391614771798,5351197,9465554,24000,24.0,0.024,2.4e-05,2026-02-09 23:23:50,2026-02-09 23:23:50,n_values_equal\n_values_024bit.txt
12778861,24,3,60,FOUND,3617,3533,78,0,12899441822907765961,117719,5090979,63400,63.4,0.0634,6.34e-05,2026-02-09 23:23:50,2026-02-09 23:23:50,n_values_equal\n_values_024bit.txt
11173727,24,1,60,FOUND,3911,2857,100,0,11845173040871146479,2585490,6208730,82400,82.4,0.0824,8.24e-05,2026-02-09 23:23:50,2026-02-09 23:23:50,n_values_equal\n_values_024bit.txt
11173727,24,2,60,FOUND,3911,2857,96,0,11861750045106688286,10902559,869232,80400,80.4,0.0804,8.04e-05,2026-02-09 23:23:50,2026-02-09 23:23:50,n_values_equal\n_values_024bit.txt
11173727,24,3,60,FOUND,3911,2857,90,0,12029427058877441273,953611,10440127,75200,75.2,0.0752,7.52e-05,2026-02-09 23:23:50,2026-02-09 23:23:50,n_values_equal\n_values_024bit.txt
13587569,24,1,60,FOUND,3607,3767,74,0,3708912902252059256,9584119,11179101,64100,64.1,0.0641,6.41e-05,2026-02-09 23:23:50,2026-02-09 23:23:50,n_values_equal\n_values_024bit.txt
13587569,24,2,60,FOUND,3767,3607,25,0,12852300968742428627,3075748,10166947,21200,21.2,0.0212,2.12e-05,2026-02-09 23:23:50,2026-02-09 23:23:50,n_values_equal\n_values_024bit.txt
13587569,24,3,60,FOUND,3767,3607,32,0,2219194894928465403,13441331,1995040,27600,27.6,0.0276,2.76e-05,2026-02-09 23:23:50,2026-02-09 23:23:50,n_values_equal\n_values_024bit.txt
12149503,24,1,60,FOUND,3617,3359,24,0,6835170668466573795,5294085,3980403,20700,20.7,0.0207,2.07e-05,2026-02-09 23:23:50,2026-02-09 23:23:50,n_values_equal\n_values_024bit.txt
12149503,24,2,60,FOUND,3359,3617,39,0,7748996879524036227,5305798,9970037,44300,44.3,0.0443,4.43e-05,2026-02-09 23:23:50,2026-02-09 23:23:50,n_values_equal\n_values_024bit.txt
12149503,24,3,60,FOUND,3359,3617,10,0,9125944821386968461,5464807,6060679,9000,9.0,0.009,9e-06,2026-02-09 23:23:50,2026-02-09 23:23:50,n_values_equal\n_values_024bit.txt
11691599,24,1,60,FOUND,3137,3727,2,0,9750549725929092595,6215237,9576645,2100,2.1,0.0021,2.1e-06,2026-02-09 23:23:50,2026-02-09 23:23:50,n_values_equal\n_values_024bit.txt
11691599,24,2,60,FOUND,3727,3137,75,0,14733507327193145102,9003863,2841845,63200,63.2,0.0632,6.32e-05,2026-02-09 23:23:50,2026-02-09 23:23:50,n_values_equal\n_values_024bit.txt
11691599,24,3,60,FOUND,3137,3727,20,0,14775125382351742161,5295783,4258633,17600,17.6,0.0176,1.76e-05,2026-02-09 23:23:50,2026-02-09 23:23:50,n_values_equal\n_values_024bit.txt
8431757,24,1,60,FOUND,2621,3217,65,0,10537536538115370222,1507986,3333020,54100,54.1,0.0541,5.41e-05,2026-02-09 23:23:50,2026-02-09 23:23:50,n_values_equal\n_values_024bit.txt
8431757,24,2,60,FOUND,3217,2621,14,0,10192289344559807933,4407895,8057324,12200,12.2,0.0122,1.22e-05,2026-02-09 23:23:50,2026-02-09 23:23:50,n_values_equal\n_values_024bit.txt
8431757,24,3,60,FOUND,2621,3217,59,0,8967763161331736962,7967352,6920866,48900,48.9,0.0489,4.89e-05,2026-02-09 23:23:50,2026-02-09 23:23:50,n_values_equal\n_values_024bit.txt
9480157,24,1,60,FOUND,2621,3617,82,0,12059130347720221040,4080921,8304419,65200,65.2,0.0652,6.52e-05,2026-02-09 23:23:50,2026-02-09 23:23:50,n_values_equal\n_values_024bit.txt
9480157,24,2,60,FOUND,2621,3617,54,0,2656611722652192631,9213097,7665718,45200,45.2,0.0452,4.52e-05,2026-02-09 23:23:50,2026-02-09 23:23:50,n_values_equal\n_values_024bit.txt
9480157,24,3,60,FOUND,3617,2621,23,0,8679327819586860967,7508577,1218806,19600,19.6,0.0196,1.96e-05,2026-02-09 23:23:50,2026-02-09 23:23:50,n_values_equal\n_values_024bit.txt
9784303,24,1,60,FOUND,3119,3137,62,0,8746738314413996080,8812595,3442349,49700,49.7,0.0497,4.97e-05,2026-02-09 23:23:50,2026-02-09 23:23:50,n_values_equal\n_values_024bit.txt
9784303,24,2,60,FOUND,3119,3137,33,0,17429140145194100603,4493804,8661211,30900,30.9,0.0309,3.09e-05,2026-02-09 23:23:50,2026-02-09 23:23:50,n_values_equal\n_values_024bit.txt
9784303,24,3,60,FOUND,3119,3137,59,0,14778015605896310208,1560244,5176906,49200,49.2,0.0492,4.92e-05,2026-02-09 23:23:50,2026-02-09 23:23:50,n_values_equal\n_values_024bit.txt
11197639,24,1,60,FOUND,3947,2837,48,0,8577920633773290894,143580,6577889,40500,40.5,0.0405,4.05e-05,2026-02-09 23:23:50,2026-02-09 23:23:50,n_values_equal\n_values_024bit.txt
11197639,24,2,60,FOUND,3947,2837,12,0,2646590269284836420,2747081,4752021,10400,10.4,0.0104,1.04e-05,2026-02-09 23:23:50,2026-02-09 23:23:50,n_values_equal\n_values_024bit.txt
11197639,24,3,60,FOUND,3947,2837,37,0,5288449653741743734,9206011,7096187,30500,30.5,0.0305,3.05e-05,2026-02-09 23:23:50,2026-02-09 23:23:50,n_values_equal\n_values_024bit.txt
8942399,24,1,60,FOUND,3709,2411,19,0,12119279683859160586,4445091,7504567,9500,9.5,0.0095,9.5e-06,2026-02-09 23:23:50,2026-02-09 23:23:50,n_values_equal\n_values_024bit.txt
8942399,24,2,60,FOUND,2411,3709,14,0,17595779252855172383,7645007,5416177,7100,7.1,0.0071,7.1e-06,2026-02-09 23:23:50,2026-02-09 23:23:50,n_values_equal\n_values_024bit.txt
8942399,24,3,60,FOUND,2411,3709,33,0,5073540196461697503,7186537,6113209,16200,16.2,0.0162,1.62e-05,2026-02-09 23:23:50,2026-02-09 23:23:50,n_values_equal\n_values_024bit.txt
8719247,24,1,60,FOUND,2707,3221,28,0,13566493734932164672,638259,3589930,13800,13.8,0.0138,1.38e-05,2026-02-09 23:23:50,2026-02-09 23:23:50,n_values_equal\n_values_024bit.txt
8719247,24,2,60,FOUND,3221,2707,36,0,4742373433561130330,2975067,1344791,17700,17.7,0.0177,1.77e-05,2026-02-09 23:23:50,2026-02-09 23:23:50,n_values_equal\n_values_024bit.txt
8719247,24,3,60,FOUND,2707,3221,18,0,7976922173564498068,2422471,7653904,9000,9.0,0.009,9e-06,2026-02-09 23:23:50,2026-02-09 23:23:50,n_values_equal\n_values_024bit.txt
11632321,24,1,60,FOUND,4007,2903,14,0,16841737651447643194,860788,8486054,7300,7.3,0.0073,7.3e-06,2026-02-09 23:23:50,2026-02-09 23:23:50,n_values_equal\n_values_024bit.txt
11632321,24,2,60,FOUND,2903,4007,14,0,7627128447587580966,9692240,10774453,6800,6.8,0.0068,6.8e-06,2026-02-09 23:23:50,2026-02-09 23:23:50,n_values_equal\n_values_024bit.txt
11632321,24,3,60,FOUND,2903,4007,74,0,10822722568693461572,7243224,11474065,35000,35.0,0.035,3.5e-05,2026-02-09 23:23:50,2026-02-09 23:23:50,n_values_equal\n_values_024bit.txt
8480957,24,1,60,FOUND,3673,2309,32,0,16874037489614193975,848574,2652682,15700,15.7,0.0157,1.57e-05,2026-02-09 23:23:50,2026-02-09 23:23:50,n_values_equal\n_values_024bit.txt
8480957,24,2,60,FOUND,2309,3673,51,0,9439102425701881197,3164487,5048513,35700,35.7,0.0357,3.57e-05,2026-02-09 23:23:50,2026-02-09 23:23:50,n_values_equal\n_values_024bit.txt
8480957,24,3,60,FOUND,3673,2309,10,0,4828887933970038606,6606068,2865064,6900,6.9,0.0069,6.9e-06,2026-02-09 23:23:50,2026-02-09 23:23:50,n_values_equal\n_values_024bit.txt
9417253,24,1,60,FOUND,2621,3593,10,0,9408471564505829378,4651171,2706907,6900,6.9,0.0069,6.9e-06,2026-02-09 23:23:50,2026-02-09 23:23:50,n_values_equal\n_values_024bit.txt
9417253,24,2,60,FOUND,2621,3593,40,0,12206014304569141939,288683,253848,25400,25.4,0.0254,2.54e-05,2026-02-09 23:23:50,2026-02-09 23:23:50,n_values_equal\n_values_024bit.txt
9417253,24,3,60,FOUND,3593,2621,70,0,5428865485641425715,7767624,5269914,34800,34.8,0.0348,3.48e-05,2026-02-09 23:23:50,2026-02-09 23:23:50,n_values_equal\n_values_024bit.txt
10131899,24,1,60,FOUND,4019,2521,61,1,680213664949737420,5267042,1203327,31900,31.9,0.0319,3.19e-05,2026-02-09 23:23:50,2026-02-09 23:23:50,n_values_equal\n_values_024bit.txt
10131899,24,2,60,FOUND,2521,4019,52,0,3018216082470525801,7295133,1785302,26100,26.1,0.0261,2.61e-05,2026-02-09 23:23:50,2026-02-09 23:23:50,n_values_equal\n_values_024bit.txt
10131899,24,3,60,FOUND,2521,4019,21,0,17931190516480531749,624773,3472816,11000,11.0,0.011,1.1e-05,2026-02-09 23:23:50,2026-02-09 23:23:50,n_values_equal\n_values_024bit.txt
16449767,24,1,60,FOUND,4093,4019,69,0,3443294755256704437,15518041,779187,52200,52.2,0.0522,5.22e-05,2026-02-09 23:23:50,2026-02-09 23:23:50,n_values_equal\n_values_024bit.txt
16449767,24,2,60,FOUND,4093,4019,39,0,12179459831307897616,5248817,6463066,18700,18.7,0.0187,1.87e-05,2026-02-09 23:23:50,2026-02-09 23:23:50,n_values_equal\n_values_024bit.txt
16449767,24,3,60,FOUND,4019,4093,58,0,17194723888018038834,1159064,13931513,27500,27.5,0.0275,2.75e-05,2026-02-09 23:23:50,2026-02-09 23:23:50,n_values_equal\n_values_024bit.txt
11556929,24,1,60,FOUND,3023,3823,27,0,8017951334593477012,7494187,9384754,12900,12.9,0.0129,1.29e-05,2026-02-09 23:23:50,2026-02-09 23:23:50,n_values_equal\n_values_024bit.txt
11556929,24,2,60,FOUND,3023,3823,60,0,4168194936659708106,7907242,198314,29500,29.5,0.0295,2.95e-05,2026-02-09 23:23:50,2026-02-09 23:23:50,n_values_equal\n_values_024bit.txt
11556929,24,3,60,FOUND,3823,3023,14,0,16363849536448170523,6584595,241265,9900,9.9,0.0099,9.9e-06,2026-02-09 23:23:50,2026-02-09 23:23:50,n_values_equal\n_values_024bit.txt
14808811,24,1,60,FOUND,3967,3733,21,0,1471383488079548560,1492267,12836009,10400,10.4,0.0104,1.04e-05,2026-02-09 23:23:50,2026-02-09 23:23:50,n_values_equal\n_values_024bit.txt
14808811,24,2,60,FOUND,3967,3733,36,0,5307805780717507970,7517871,3607509,20100,20.1,0.0201,2.01e-05,2026-02-09 23:23:50,2026-02-09 23:23:50,n_values_equal\n_values_024bit.txt
14808811,24,3,60,FOUND,3967,3733,40,0,7071375948601934712,8403028,8223184,26700,26.7,0.0267,2.67e-05,2026-02-09 23:23:50,2026-02-09 23:23:50,n_values_equal\n_values_024bit.txt
217536749,28,1,60,FOUND,15649,13901,102,0,13914762457741562870,145785160,53782718,52200,52.2,0.0522,5.22e-05,2026-02-09 23:23:50,2026-02-09 23:23:50,n_values_equal\n_values_028bit.txt
217536749,28,2,60,FOUND,15649,13901,60,0,17354866729577038840,64030473,52785304,30100,30.1,0.0301,3.01e-05,2026-02-09 23:23:50,2026-02-09 23:23:50,n_values_equal\n_values_028bit.txt
217536749,28,3,60,FOUND,13901,15649,82,0,15812795250114768732,91879009,143157914,40000,40.0,0.04,4e-05,2026-02-09 23:23:50,2026-02-09 23:23:50,n_values_equal\n_values_028bit.txt
149953273,28,1,60,FOUND,9181,16333,132,0,4590704946146331084,135118584,34417851,63700,63.7,0.0637,6.37e-05,2026-02-09 23:23:50,2026-02-09 23:23:50,n_values_equal\n_values_028bit.txt
149953273,28,2,60,FOUND,9181,16333,88,0,224563662765536275,128516208,80254198,43700,43.7,0.0437,4.37e-05,2026-02-09 23:23:50,2026-02-09 23:23:50,n_values_equal\n_values_028bit.txt
149953273,28,3,60,FOUND,9181,16333,88,0,12729478551547151010,29244362,19414224,43400,43.4,0.0434,4.34e-05,2026-02-09 23:23:50,2026-02-09 23:23:50,n_values_equal\n_values_028bit.txt
192455149,28,1,60,FOUND,15823,12163,106,0,1998039953399320614,157599216,13337699,61200,61.2,0.0612,6.12e-05,2026-02-09 23:23:50,2026-02-09 23:23:50,n_values_equal\n_values_028bit.txt
192455149,28,2,60,FOUND,12163,15823,72,0,1362373619496738919,172975595,141577690,35400,35.4,0.0354,3.54e-05,2026-02-09 23:23:50,2026-02-09 23:23:50,n_values_equal\n_values_028bit.txt
192455149,28,3,60,FOUND,15823,12163,81,0,11145915029938091860,44299248,57660661,39500,39.5,0.0395,3.95e-05,2026-02-09 23:23:50,2026-02-09 23:23:50,n_values_equal\n_values_028bit.txt
168497531,28,1,60,FOUND,11273,14947,57,0,17365806530848843755,78148631,74919435,28200,28.2,0.0282,2.82e-05,2026-02-09 23:23:50,2026-02-09 23:23:50,n_values_equal\n_values_028bit.txt
168497531,28,2,60,FOUND,11273,14947,80,0,16466775378246601247,47819819,93393404,38200,38.2,0.0382,3.82e-05,2026-02-09 23:23:50,2026-02-09 23:23:50,n_values_equal\n_values_028bit.txt
168497531,28,3,60,FOUND,11273,14947,98,0,16055245464313057993,139221869,167824062,60400,60.4,0.0604,6.04e-05,2026-02-09 23:23:50,2026-02-09 23:23:50,n_values_equal\n_values_028bit.txt
214598473,28,1,60,FOUND,15679,13687,73,0,16352570757506631938,10559618,70614494,35800,35.8,0.0358,3.58e-05,2026-02-09 23:23:50,2026-02-09 23:23:50,n_values_equal\n_values_028bit.txt
214598473,28,2,60,FOUND,15679,13687,19,0,6822127496723869166,96413024,214328277,9700,9.7,0.0097,9.7e-06,2026-02-09 23:23:50,2026-02-09 23:23:50,n_values_equal\n_values_028bit.txt
214598473,28,3,60,FOUND,15679,13687,70,0,12038876734841446279,116671591,143612211,35300,35.3,0.0353,3.53e-05,2026-02-09 23:23:50,2026-02-09 23:23:50,n_values_equal\n_values_028bit.txt
214174861,28,1,60,FOUND,15607,13723,122,0,13290859095193000849,94109027,113834873,58300,58.3,0.0583,5.83e-05,2026-02-09 23:23:50,2026-02-09 23:23:50,n_values_equal\n_values_028bit.txt
214174861,28,2,60,FOUND,15607,13723,66,0,17775445945861504093,202628821,124147829,32400,32.4,0.0324,3.24e-05,2026-02-09 23:23:50,2026-02-09 23:23:50,n_values_equal\n_values_028bit.txt
214174861,28,3,60,FOUND,13723,15607,32,0,4448070075602235192,178635917,70009638,16600,16.6,0.0166,1.66e-05,2026-02-09 23:23:50,2026-02-09 23:23:50,n_values_equal\n_values_028bit.txt
210385339,28,1,60,FOUND,15803,13313,92,0,51665753721410683,172119710,99461678,45100,45.1,0.0451,4.51e-05,2026-02-09 23:23:50,2026-02-09 23:23:50,n_values_equal\n_values_028bit.txt
210385339,28,2,60,FOUND,13313,15803,65,0,10163800491488996553,4322959,22351455,32500,32.5,0.0325,3.25e-05,2026-02-09 23:23:50,2026-02-09 23:23:50,n_values_equal\n_values_028bit.txt
210385339,28,3,60,FOUND,15803,13313,36,0,14356409697170954627,46357729,86494429,18300,18.3,0.0183,1.83e-05,2026-02-09 23:23:50,2026-02-09 23:23:50,n_values_equal\n_values_028bit.txt
136438051,28,1,60,FOUND,10067,13553,45,0,13374185387031375678,133863634,31524681,22100,22.1,0.0221,2.21e-05,2026-02-09 23:23:50,2026-02-09 23:23:50,n_values_equal\n_values_028bit.txt
136438051,28,2,60,FOUND,13553,10067,115,0,10815729564814495699,102763252,50613156,62100,62.1,0.0621,6.21e-05,2026-02-09 23:23:50,2026-02-09 23:23:50,n_values_equal\n_values_028bit.txt
136438051,28,3,60,FOUND,10067,13553,80,0,5577122843589695724,109876691,15470719,39300,39.3,0.0393,3.93e-05,2026-02-09 23:23:50,2026-02-09 23:23:50,n_values_equal\n_values_028bit.txt
163548379,28,1,60,FOUND,12601,12979,32,0,5648005399496459712,96056522,97442497,16100,16.1,0.0161,1.61e-05,2026-02-09 23:23:50,2026-02-09 23:23:50,n_values_equal\n_values_028bit.txt
163548379,28,2,60,FOUND,12979,12601,40,0,280267004605656131,145194306,136258675,20000,20.0,0.02,2e-05,2026-02-09 23:23:50,2026-02-09 23:23:50,n_values_equal\n_values_028bit.txt
163548379,28,3,60,FOUND,12601,12979,21,0,1135232432098161558,159051358,59776910,10900,10.9,0.0109,1.09e-05,2026-02-09 23:23:50,2026-02-09 23:23:50,n_values_equal\n_values_028bit.txt
172934747,28,1,60,FOUND,11519,15013,189,0,9730423935626230178,78211863,43406709,92000,92.0,0.092,9.2e-05,2026-02-09 23:23:50,2026-02-09 23:23:50,n_values_equal\n_values_028bit.txt
172934747,28,2,60,FOUND,11519,15013,158,0,5273225278701065253,102683399,140305958,78300,78.3,0.0783,7.83e-05,2026-02-09 23:23:50,2026-02-09 23:23:50,n_values_equal\n_values_028bit.txt
172934747,28,3,60,FOUND,11519,15013,44,0,839976190147522775,161712170,61691094,22800,22.8,0.0228,2.28e-05,2026-02-09 23:23:50,2026-02-09 23:23:50,n_values_equal\n_values_028bit.txt
135571627,28,1,60,FOUND,12517,10831,36,0,6741282416838809250,111626198,60878553,17900,17.9,0.0179,1.79e-05,2026-02-09 23:23:50,2026-02-09 23:23:50,n_values_equal\n_values_028bit.txt
135571627,28,2,60,FOUND,12517,10831,58,0,679598795029457134,93379576,12468509,28700,28.7,0.0287,2.87e-05,2026-02-09 23:23:50,2026-02-09 23:23:50,n_values_equal\n_values_028bit.txt
135571627,28,3,60,FOUND,12517,10831,26,0,12884008564636725681,253340,101495728,13800,13.8,0.0138,1.38e-05,2026-02-09 23:23:50,2026-02-09 23:23:50,n_values_equal\n_values_028bit.txt
191765669,28,1,60,FOUND,14741,13009,107,0,889665966639133704,97641841,18566553,53000,53.0,0.053,5.3e-05,2026-02-09 23:23:50,2026-02-09 23:23:50,n_values_equal\n_values_028bit.txt
191765669,28,2,60,FOUND,13009,14741,88,0,6991589751470075975,160323289,118234795,43700,43.7,0.0437,4.37e-05,2026-02-09 23:23:50,2026-02-09 23:23:50,n_values_equal\n_values_028bit.txt
191765669,28,3,60,FOUND,13009,14741,4,0,2203194598998725572,22391914,69176245,2200,2.2,0.0022,2.2e-06,2026-02-09 23:23:50,2026-02-09 23:23:50,n_values_equal\n_values_028bit.txt
195532301,28,1,60,FOUND,15473,12637,99,0,8347700542806447979,125682210,179861434,49200,49.2,0.0492,4.92e-05,2026-02-09 23:23:50,2026-02-09 23:23:50,n_values_equal\n_values_028bit.txt
195532301,28,2,60,FOUND,12637,15473,72,0,5618545858361128032,140179867,152348181,35700,35.7,0.0357,3.57e-05,2026-02-09 23:23:50,2026-02-09 23:23:50,n_values_equal\n_values_028bit.txt
195532301,28,3,60,FOUND,12637,15473,65,0,11992739380811705459,110131454,85242387,31800,31.8,0.0318,3.18e-05,2026-02-09 23:23:50,2026-02-09 23:23:50,n_values_equal\n_values_028bit.txt
203406331,28,1,60,FOUND,12641,16091,47,0,15310846276740090940,64686405,153756083,23500,23.5,0.0235,2.35e-05,2026-02-09 23:23:50,2026-02-09 23:23:50,n_values_equal\n_values_028bit.txt
203406331,28,2,60,FOUND,12641,16091,6,0,1301819652692776485,158446522,107804870,4600,4.6,0.0046,4.6e-06,2026-02-09 23:23:50,2026-02-09 23:23:50,n_values_equal\n_values_028bit.txt
203406331,28,3,60,FOUND,16091,12641,137,0,6374989454296381099,45715303,173153850,96200,96.2,0.0962,9.62e-05,2026-02-09 23:23:50,2026-02-09 23:23:50,n_values_equal\n_values_028bit.txt
135973349,28,1,60,FOUND,12841,10589,126,0,8807554379781597817,61143217,78001645,99800,99.8,0.0998,9.98e-05,2026-02-09 23:23:50,2026-02-09 23:23:50,n_values_equal\n_values_028bit.txt
135973349,28,2,60,FOUND,10589,12841,42,0,12357020800762172311,89617926,106781581,32100,32.1,0.0321,3.21e-05,2026-02-09 23:23:50,2026-02-09 23:23:50,n_values_equal\n_values_028bit.txt
135973349,28,3,60,FOUND,10589,12841,89,0,11643298822429675850,120821383,77888813,43600,43.6,0.0436,4.36e-05,2026-02-09 23:23:50,2026-02-09 23:23:50,n_values_equal\n_values_028bit.txt
141717209,28,1,60,FOUND,9661,14669,52,0,10084716309821023240,121627722,5251227,26200,26.2,0.0262,2.62e-05,2026-02-09 23:23:50,2026-02-09 23:23:50,n_values_equal\n_values_028bit.txt
141717209,28,2,60,FOUND,14669,9661,78,0,9941623747601371013,121710466,8504587,43500,43.5,0.0435,4.35e-05,2026-02-09 23:23:50,2026-02-09 23:23:50,n_values_equal\n_values_028bit.txt
141717209,28,3,60,FOUND,9661,14669,38,0,6928007874963871558,120250954,58489252,20000,20.0,0.02,2e-05,2026-02-09 23:23:50,2026-02-09 23:23:50,n_values_equal\n_values_028bit.txt
177457229,28,1,60,FOUND,11177,15877,96,0,8727693428388732474,113595585,13418659,46800,46.8,0.0468,4.68e-05,2026-02-09 23:23:50,2026-02-09 23:23:50,n_values_equal\n_values_028bit.txt
177457229,28,2,60,FOUND,11177,15877,72,0,12609598090634064566,40950021,170527497,35400,35.4,0.0354,3.54e-05,2026-02-09 23:23:50,2026-02-09 23:23:50,n_values_equal\n_values_028bit.txt
177457229,28,3,60,FOUND,15877,11177,80,0,1048468757554836137,53596054,45009715,38700,38.7,0.0387,3.87e-05,2026-02-09 23:23:50,2026-02-09 23:23:50,n_values_equal\n_values_028bit.txt
157133083,28,1,60,FOUND,11743,13381,206,0,5511988866468062085,67415315,148058632,104800,104.8,0.1048,0.0001048,2026-02-09 23:23:50,2026-02-09 23:23:50,n_values_equal\n_values_028bit.txt
157133083,28,2,60,FOUND,11743,13381,89,0,18213174099450654050,113004871,134829172,46500,46.5,0.0465,4.65e-05,2026-02-09 23:23:50,2026-02-09 23:23:50,n_values_equal\n_values_028bit.txt
157133083,28,3,60,FOUND,11743,13381,96,0,13798967605668221106,75144998,80166873,46800,46.8,0.0468,4.68e-05,2026-02-09 23:23:50,2026-02-09 23:23:50,n_values_equal\n_values_028bit.txt
148778429,28,1,60,FOUND,11069,13441,74,0,18123931871811808764,43243030,52687774,36900,36.9,0.0369,3.69e-05,2026-02-09 23:23:50,2026-02-09 23:23:50,n_values_equal\n_values_028bit.txt
148778429,28,2,60,FOUND,13441,11069,114,0,4948008362060784176,128213093,22200993,53800,53.8,0.0538,5.38e-05,2026-02-09 23:23:50,2026-02-09 23:23:50,n_values_equal\n_values_028bit.txt
148778429,28,3,60,FOUND,11069,13441,106,0,3615266992601668823,103749242,49502935,73900,73.9,0.0739,7.39e-05,2026-02-09 23:23:50,2026-02-09 23:23:50,n_values_equal\n_values_028bit.txt
137552851,28,1,60,FOUND,8429,16319,103,0,7393865341044503831,89934384,128923288,60600,60.6,0.0606,6.06e-05,2026-02-09 23:23:50,2026-02-09 23:23:50,n_values_equal\n_values_028bit.txt
137552851,28,2,60,FOUND,16319,8429,219,0,11078882546233079348,61900536,118224314,104000,104.0,0.104,0.000104,2026-02-09 23:23:50,2026-02-09 23:23:50,n_values_equal\n_values_028bit.txt
137552851,28,3,60,FOUND,16319,8429,88,0,10290871323996200194,103655138,54400324,43200,43.2,0.0432,4.32e-05,2026-02-09 23:23:50,2026-02-09 23:23:50,n_values_equal\n_values_028bit.txt
146154527,28,1,60,FOUND,9931,14717,119,0,8417497144533123432,112215722,13804440,68000,68.0,0.068,6.8e-05,2026-02-09 23:23:50,2026-02-09 23:23:50,n_values_equal\n_values_028bit.txt
146154527,28,2,60,FOUND,14717,9931,176,0,4083582406021237028,3623560,54724874,83900,83.9,0.0839,8.39e-05,2026-02-09 23:23:50,2026-02-09 23:23:50,n_values_equal\n_values_028bit.txt
146154527,28,3,60,FOUND,9931,14717,58,0,5857767604732783757,34735021,95426077,35300,35.3,0.0353,3.53e-05,2026-02-09 23:23:50,2026-02-09 23:23:50,n_values_equal\n_values_028bit.txt
142753393,28,1,60,FOUND,9337,15289,51,0,14449296907548970701,24421294,55901932,25300,25.3,0.0253,2.53e-05,2026-02-09 23:23:50,2026-02-09 23:23:50,n_values_equal\n_values_028bit.txt
142753393,28,2,60,FOUND,9337,15289,48,0,1883991715666562347,78868542,36336665,24800,24.8,0.0248,2.48e-05,2026-02-09 23:23:50,2026-02-09 23:23:50,n_values_equal\n_values_028bit.txt
142753393,28,3,60,FOUND,9337,15289,65,0,12838015433864300986,98277038,22928575,31500,31.5,0.0315,3.15e-05,2026-02-09 23:23:50,2026-02-09 23:23:50,n_values_equal\n_values_028bit.txt
136264787,28,1,60,FOUND,14813,9199,93,0,4319269442511616132,38565776,69242658,44800,44.8,0.0448,4.48e-05,2026-02-09 23:23:50,2026-02-09 23:23:50,n_values_equal\n_values_028bit.txt
136264787,28,2,60,FOUND,14813,9199,91,0,4445270237939728615,13152619,129827614,43800,43.8,0.0438,4.38e-05,2026-02-09 23:23:50,2026-02-09 23:23:50,n_values_equal\n_values_028bit.txt
136264787,28,3,60,FOUND,9199,14813,46,0,5184835221916932265,13493479,85091261,26800,26.8,0.0268,2.68e-05,2026-02-09 23:23:50,2026-02-09 23:23:50,n_values_equal\n_values_028bit.txt
175018637,28,1,60,FOUND,15749,11113,132,0,6813333889352076971,149849639,75023561,63300,63.3,0.0633,6.33e-05,2026-02-09 23:23:50,2026-02-09 23:23:50,n_values_equal\n_values_028bit.txt
175018637,28,2,60,FOUND,11113,15749,114,0,4812991443562181828,119783496,124971816,55800,55.8,0.0558,5.58e-05,2026-02-09 23:23:50,2026-02-09 23:23:50,n_values_equal\n_values_028bit.txt
175018637,28,3,60,FOUND,15749,11113,79,0,9408890526800994180,162620235,64238725,40200,40.2,0.0402,4.02e-05,2026-02-09 23:23:50,2026-02-09 23:23:50,n_values_equal\n_values_028bit.txt
160841171,28,1,60,FOUND,14411,11161,40,0,8731380098867096319,75787198,121484371,20000,20.0,0.02,2e-05,2026-02-09 23:23:50,2026-02-09 23:23:50,n_values_equal\n_values_028bit.txt
160841171,28,2,60,FOUND,11161,14411,6,0,12617370813308209623,136839995,16609249,3300,3.3,0.0033,3.3e-06,2026-02-09 23:23:50,2026-02-09 23:23:50,n_values_equal\n_values_028bit.txt
160841171,28,3,60,FOUND,11161,14411,14,0,11594833205788114059,103469020,131940351,7400,7.4,0.0074,7.4e-06,2026-02-09 23:23:50,2026-02-09 23:23:50,n_values_equal\n_values_028bit.txt
3575505929,32,1,60,FOUND,58741,60869,82,0,14102824370173443954,941361513,1822510934,67100,67.1,0.0671,6.71e-05,2026-02-09 23:23:50,2026-02-09 23:23:50,n_values_equal\n_values_032bit.txt
3575505929,32,2,60,FOUND,58741,60869,142,0,2331124833855754296,1125390575,3066627101,103800,103.8,0.1038,0.0001038,2026-02-09 23:23:50,2026-02-09 23:23:50,n_values_equal\n_values_032bit.txt
3575505929,32,3,60,FOUND,58741,60869,144,0,13936040540371222226,840831919,1783811653,106500,106.5,0.1065,0.0001065,2026-02-09 23:23:50,2026-02-09 23:23:50,n_values_equal\n_values_032bit.txt
3553724561,32,1,60,FOUND,58171,61091,2,0,12585655714272085309,2247646031,1167768140,2000,2.0,0.002,2e-06,2026-02-09 23:23:50,2026-02-09 23:23:50,n_values_equal\n_values_032bit.txt
3553724561,32,2,60,FOUND,61091,58171,357,0,5736289553889960084,2866890185,2396667428,268100,268.1,0.2681,0.0002681,2026-02-09 23:23:50,2026-02-09 23:23:50,n_values_equal\n_values_032bit.txt
3553724561,32,3,60,FOUND,61091,58171,305,0,11608082247375845636,3463656569,1817617486,263300,263.3,0.2633,0.0002633,2026-02-09 23:23:50,2026-02-09 23:23:50,n_values_equal\n_values_032bit.txt
2607597361,32,1,60,FOUND,50873,51257,198,0,9641167774015969215,1909167657,1948534467,193200,193.2,0.1932,0.0001932,2026-02-09 23:23:50,2026-02-09 23:23:50,n_values_equal\n_values_032bit.txt
2607597361,32,2,60,FOUND,50873,51257,222,0,8398418996078225869,658442753,2436758480,172600,172.6,0.1726,0.0001726,2026-02-09 23:23:50,2026-02-09 23:23:50,n_values_equal\n_values_032bit.txt
2607597361,32,3,60,FOUND,50873,51257,206,0,13295831388046927615,2228544139,1730712166,156600,156.6,0.1566,0.0001566,2026-02-09 23:23:50,2026-02-09 23:23:50,n_values_equal\n_values_032bit.txt
2372164337,32,1,60,FOUND,39113,60649,212,0,1621040838151202878,2289543218,1135401309,217400,217.4,0.2174,0.0002174,2026-02-09 23:23:50,2026-02-09 23:23:50,n_values_equal\n_values_032bit.txt
2372164337,32,2,60,FOUND,39113,60649,126,0,16733823839465502206,1864423801,474847871,104400,104.4,0.1044,0.0001044,2026-02-09 23:23:50,2026-02-09 23:23:50,n_values_equal\n_values_032bit.txt
2372164337,32,3,60,FOUND,39113,60649,154,0,9380724004287601174,2003486001,2252627398,110400,110.4,0.1104,0.0001104,2026-02-09 23:23:50,2026-02-09 23:23:50,n_values_equal\n_values_032bit.txt
3586698211,32,1,60,FOUND,58481,61331,137,0,12624480030119003735,2205126453,74037420,102100,102.1,0.1021,0.0001021,2026-02-09 23:23:50,2026-02-09 23:23:50,n_values_equal\n_values_032bit.txt
3586698211,32,2,60,FOUND,58481,61331,219,0,13858043409301091274,3265731311,3524359565,161100,161.1,0.1611,0.0001611,2026-02-09 23:23:50,2026-02-09 23:23:50,n_values_equal\n_values_032bit.txt
3586698211,32,3,60,FOUND,58481,61331,196,0,18355844039588243650,1864966711,312037708,142600,142.6,0.1426,0.0001426,2026-02-09 23:23:50,2026-02-09 23:23:50,n_values_equal\n_values_032bit.txt
2325318643,32,1,60,FOUND,36451,63793,436,0,3358596761473482514,809443635,1916552689,320300,320.3,0.3203,0.0003203,2026-02-09 23:23:50,2026-02-09 23:23:51,n_values_equal\n_values_032bit.txt
2325318643,32,2,60,FOUND,63793,36451,64,0,2088611304057575466,1923708050,282556023,48200,48.2,0.0482,4.82e-05,2026-02-09 23:23:51,2026-02-09 23:23:51,n_values_equal\n_values_032bit.txt
2325318643,32,3,60,FOUND,63793,36451,399,0,8774043432305826020,847559263,1134575304,269000,269.0,0.269,0.000269,2026-02-09 23:23:51,2026-02-09 23:23:51,n_values_equal\n_values_032bit.txt
2885115061,32,1,60,FOUND,51407,56123,234,0,15687578643719402485,1111669161,1168577086,177600,177.6,0.1776,0.0001776,2026-02-09 23:23:51,2026-02-09 23:23:51,n_values_equal\n_values_032bit.txt
2885115061,32,2,60,FOUND,51407,56123,70,0,5370521465649845010,1753684876,1753950941,53500,53.5,0.0535,5.35e-05,2026-02-09 23:23:51,2026-02-09 23:23:51,n_values_equal\n_values_032bit.txt
2885115061,32,3,60,FOUND,56123,51407,116,0,12971052054977030456,1720898156,918599515,86600,86.6,0.0866,8.66e-05,2026-02-09 23:23:51,2026-02-09 23:23:51,n_values_equal\n_values_032bit.txt
2411522513,32,1,60,FOUND,37003,65171,204,0,15697277958811982630,2016895191,2014764588,148200,148.2,0.1482,0.0001482,2026-02-09 23:23:51,2026-02-09 23:23:51,n_values_equal\n_values_032bit.txt
2411522513,32,2,60,FOUND,37003,65171,68,0,5043182267087577077,835520086,1944464801,52000,52.0,0.052,5.2e-05,2026-02-09 23:23:51,2026-02-09 23:23:51,n_values_equal\n_values_032bit.txt
2411522513,32,3,60,FOUND,37003,65171,42,0,16504229895974686283,1542630036,1877139291,44700,44.7,0.0447,4.47e-05,2026-02-09 23:23:51,2026-02-09 23:23:51,n_values_equal\n_values_032bit.txt
3509247551,32,1,60,FOUND,61487,57073,30,0,6469975702758186075,1740340427,2119624984,32900,32.9,0.0329,3.29e-05,2026-02-09 23:23:51,2026-02-09 23:23:51,n_values_equal\n_values_032bit.txt
3509247551,32,2,60,FOUND,57073,61487,148,0,9885160504538427738,2564100279,1879803508,172400,172.4,0.1724,0.0001724,2026-02-09 23:23:51,2026-02-09 23:23:51,n_values_equal\n_values_032bit.txt
3509247551,32,3,60,FOUND,57073,61487,54,0,16558742960530085927,3021070574,551363411,71800,71.8,0.0718,7.18e-05,2026-02-09 23:23:51,2026-02-09 23:23:51,n_values_equal\n_values_032bit.txt
2299380221,32,1,60,FOUND,52021,44201,73,0,3865404408565356145,1224327597,696424940,90100,90.1,0.0901,9.01e-05,2026-02-09 23:23:51,2026-02-09 23:23:51,n_values_equal\n_values_032bit.txt
2299380221,32,2,60,FOUND,52021,44201,120,0,9066397156139373049,1721748221,624755233,154100,154.1,0.1541,0.0001541,2026-02-09 23:23:51,2026-02-09 23:23:51,n_values_equal\n_values_032bit.txt
2299380221,32,3,60,FOUND,52021,44201,252,0,8656818112356922367,1359931495,424651157,301800,301.8,0.3018,0.0003018,2026-02-09 23:23:51,2026-02-09 23:23:51,n_values_equal\n_values_032bit.txt
2214849493,32,1,60,FOUND,53653,41281,111,0,9976093186077512833,145883896,1610963673,94800,94.8,0.0948,9.48e-05,2026-02-09 23:23:51,2026-02-09 23:23:51,n_values_equal\n_values_032bit.txt
2214849493,32,2,60,FOUND,53653,41281,181,0,4668113004546850766,2014865872,553153195,124200,124.2,0.1242,0.0001242,2026-02-09 23:23:51,2026-02-09 23:23:51,n_values_equal\n_values_032bit.txt
2214849493,32,3,60,FOUND,41281,53653,110,0,1873140665695850629,1830891091,1992300975,77000,77.0,0.077,7.7e-05,2026-02-09 23:23:51,2026-02-09 23:23:51,n_values_equal\n_values_032bit.txt
2358250487,32,1,60,FOUND,58943,40009,93,0,4689971288648794639,1681468296,567944704,66500,66.5,0.0665,6.65e-05,2026-02-09 23:23:51,2026-02-09 23:23:51,n_values_equal\n_values_032bit.txt
2358250487,32,2,60,FOUND,40009,58943,29,0,8005328610795886072,383651612,419214151,21300,21.3,0.0213,2.13e-05,2026-02-09 23:23:51,2026-02-09 23:23:51,n_values_equal\n_values_032bit.txt
2358250487,32,3,60,FOUND,58943,40009,175,0,14210143463436606692,1945203888,803244306,120300,120.3,0.1203,0.0001203,2026-02-09 23:23:51,2026-02-09 23:23:51,n_values_equal\n_values_032bit.txt
3005610617,32,1,60,FOUND,65267,46051,105,0,9376779038653288855,1945497089,953878681,75400,75.4,0.0754,7.54e-05,2026-02-09 23:23:51,2026-02-09 23:23:51,n_values_equal\n_values_032bit.txt
3005610617,32,2,60,FOUND,46051,65267,88,0,8103729279927905600,397804890,1752227798,64300,64.3,0.0643,6.43e-05,2026-02-09 23:23:51,2026-02-09 23:23:51,n_values_equal\n_values_032bit.txt
3005610617,32,3,60,FOUND,65267,46051,222,0,9828895628849569249,1274181813,1977875175,166400,166.4,0.1664,0.0001664,2026-02-09 23:23:51,2026-02-09 23:23:51,n_values_equal\n_values_032bit.txt
2385801739,32,1,60,FOUND,53437,44647,290,0,14779014651741033173,508040960,999566452,290300,290.3,0.2903,0.0002903,2026-02-09 23:23:51,2026-02-09 23:23:51,n_values_equal\n_values_032bit.txt
2385801739,32,2,60,FOUND,44647,53437,85,0,489692090073579428,889638060,1778742228,108900,108.9,0.1089,0.0001089,2026-02-09 23:23:51,2026-02-09 23:23:51,n_values_equal\n_values_032bit.txt
2385801739,32,3,60,FOUND,44647,53437,302,0,17088536917610853380,1508322504,798185417,424700,424.7,0.4247,0.0004247,2026-02-09 23:23:51,2026-02-09 23:23:51,n_values_equal\n_values_032bit.txt
3115218529,32,1,60,FOUND,57991,53719,162,0,14882682062661533691,2153175866,20018070,222100,222.1,0.2221,0.0002221,2026-02-09 23:23:51,2026-02-09 23:23:51,n_values_equal\n_values_032bit.txt
3115218529,32,2,60,FOUND,53719,57991,110,0,15464407600726488245,1475478481,1208332139,152200,152.2,0.1522,0.0001522,2026-02-09 23:23:51,2026-02-09 23:23:51,n_values_equal\n_values_032bit.txt
3115218529,32,3,60,FOUND,53719,57991,114,0,7435994382232803299,370261544,2879932442,152300,152.3,0.1523,0.0001523,2026-02-09 23:23:51,2026-02-09 23:23:51,n_values_equal\n_values_032bit.txt
3042985381,32,1,60,FOUND,55603,54727,270,0,17501051996702174044,1081418649,2360294913,355900,355.9,0.3559,0.0003559,2026-02-09 23:23:51,2026-02-09 23:23:51,n_values_equal\n_values_032bit.txt
3042985381,32,2,60,FOUND,54727,55603,239,0,13260642007268899940,263882181,1243843509,313200,313.2,0.3132,0.0003132,2026-02-09 23:23:51,2026-02-09 23:23:51,n_values_equal\n_values_032bit.txt
3042985381,32,3,60,FOUND,55603,54727,117,0,3470665062361416277,1576646263,1642808463,130800,130.8,0.1308,0.0001308,2026-02-09 23:23:51,2026-02-09 23:23:51,n_values_equal\n_values_032bit.txt
3404144827,32,1,60,FOUND,58679,58013,306,0,3497814307638971812,2063995211,1328598976,365300,365.3,0.3653,0.0003653,2026-02-09 23:23:51,2026-02-09 23:23:51,n_values_equal\n_values_032bit.txt
3404144827,32,2,60,FOUND,58013,58679,83,0,18028429596466181356,2900290430,1429392003,106500,106.5,0.1065,0.0001065,2026-02-09 23:23:51,2026-02-09 23:23:51,n_values_equal\n_values_032bit.txt
3404144827,32,3,60,FOUND,58679,58013,271,0,5153311938400672107,212323644,1249739231,289700,289.7,0.2897,0.0002897,2026-02-09 23:23:51,2026-02-09 23:23:51,n_values_equal\n_values_032bit.txt
2409012691,32,1,60,FOUND,49993,48187,18,0,17399027984369058445,1599636815,55942455,24700,24.7,0.0247,2.47e-05,2026-02-09 23:23:51,2026-02-09 23:23:51,n_values_equal\n_values_032bit.txt
2409012691,32,2,60,FOUND,48187,49993,128,0,3855695108824829660,338844581,1524823461,152200,152.2,0.1522,0.0001522,2026-02-09 23:23:51,2026-02-09 23:23:51,n_values_equal\n_values_032bit.txt
2409012691,32,3,60,FOUND,49993,48187,232,0,18417764170345416202,1871395352,1104038755,256900,256.9,0.2569,0.0002569,2026-02-09 23:23:51,2026-02-09 23:23:51,n_values_equal\n_values_032bit.txt
3459615113,32,1,60,FOUND,64187,53899,141,0,2388666899268454012,1251023970,2085266164,153400,153.4,0.1534,0.0001534,2026-02-09 23:23:51,2026-02-09 23:23:51,n_values_equal\n_values_032bit.txt
3459615113,32,2,60,FOUND,64187,53899,101,0,5996033123549413135,1137912515,382886679,111200,111.2,0.1112,0.0001112,2026-02-09 23:23:51,2026-02-09 23:23:51,n_values_equal\n_values_032bit.txt
3459615113,32,3,60,FOUND,64187,53899,162,0,15693445753392151297,2142928745,3121740852,113500,113.5,0.1135,0.0001135,2026-02-09 23:23:51,2026-02-09 23:23:51,n_values_equal\n_values_032bit.txt
2737930717,32,1,60,FOUND,45427,60271,110,0,6495324032553418951,1411707744,2258840994,93500,93.5,0.0935,9.35e-05,2026-02-09 23:23:51,2026-02-09 23:23:51,n_values_equal\n_values_032bit.txt
2737930717,32,2,60,FOUND,45427,60271,52,0,6889573087920941301,80140070,2149974665,39000,39.0,0.039,3.9e-05,2026-02-09 23:23:51,2026-02-09 23:23:51,n_values_equal\n_values_032bit.txt
2737930717,32,3,60,FOUND,45427,60271,209,0,5829440780142447718,616952051,167252721,243100,243.1,0.2431,0.0002431,2026-02-09 23:23:51,2026-02-09 23:23:51,n_values_equal\n_values_032bit.txt
2324705827,32,1,60,FOUND,41809,55603,102,0,16902406495002862909,861950057,333867987,155900,155.9,0.1559,0.0001559,2026-02-09 23:23:51,2026-02-09 23:23:51,n_values_equal\n_values_032bit.txt
2324705827,32,2,60,FOUND,55603,41809,256,0,12555299838929600644,1352339927,2276355561,321000,321.0,0.321,0.000321,2026-02-09 23:23:51,2026-02-09 23:23:51,n_values_equal\n_values_032bit.txt
2324705827,32,3,60,FOUND,55603,41809,110,0,5932070319132727400,2186416325,999776319,143200,143.2,0.1432,0.0001432,2026-02-09 23:23:51,2026-02-09 23:23:51,n_values_equal\n_values_032bit.txt
3079306963,32,1,60,FOUND,49169,62627,486,0,2140333103355853312,1426033123,401057986,387100,387.1,0.3871,0.0003871,2026-02-09 23:23:51,2026-02-09 23:23:51,n_values_equal\n_values_032bit.txt
3079306963,32,2,60,FOUND,49169,62627,208,0,1652328754004887287,2715827945,2576947381,151100,151.1,0.1511,0.0001511,2026-02-09 23:23:51,2026-02-09 23:23:51,n_values_equal\n_values_032bit.txt
3079306963,32,3,60,FOUND,49169,62627,46,0,4469352143234585806,1882155270,1298228890,48500,48.5,0.0485,4.85e-05,2026-02-09 23:23:51,2026-02-09 23:23:51,n_values_equal\n_values_032bit.txt
2683316953,32,1,60,FOUND,42239,63527,173,0,18300830729986755964,154611278,1428559718,125900,125.9,0.1259,0.0001259,2026-02-09 23:23:51,2026-02-09 23:23:51,n_values_equal\n_values_032bit.txt
2683316953,32,2,60,FOUND,63527,42239,471,0,17077330126022823837,619020220,713473863,335200,335.2,0.3352,0.0003352,2026-02-09 23:23:51,2026-02-09 23:23:51,n_values_equal\n_values_032bit.txt
2683316953,32,3,60,FOUND,63527,42239,156,0,5219728435148881015,558509042,338939022,112600,112.6,0.1126,0.0001126,2026-02-09 23:23:51,2026-02-09 23:23:51,n_values_equal\n_values_032bit.txt
2577601501,32,1,60,FOUND,46727,55163,280,0,11325917355854650965,2209000837,753592129,195000,195.0,0.195,0.000195,2026-02-09 23:23:51,2026-02-09 23:23:51,n_values_equal\n_values_032bit.txt
2577601501,32,2,60,FOUND,55163,46727,72,0,14357211220129953301,815779194,825827890,52600,52.6,0.0526,5.26e-05,2026-02-09 23:23:51,2026-02-09 23:23:51,n_values_equal\n_values_032bit.txt
2577601501,32,3,60,FOUND,46727,55163,89,0,618554139790623720,2385575174,305968477,61200,61.2,0.0612,6.12e-05,2026-02-09 23:23:51,2026-02-09 23:23:51,n_values_equal\n_values_032bit.txt
2600761091,32,1,60,FOUND,58757,44263,57,0,12575040501345479036,802465495,2330276298,43500,43.5,0.0435,4.35e-05,2026-02-09 23:23:51,2026-02-09 23:23:51,n_values_equal\n_values_032bit.txt
2600761091,32,2,60,FOUND,44263,58757,240,0,7526002656596567507,213702916,1090153075,167100,167.1,0.1671,0.0001671,2026-02-09 23:23:51,2026-02-09 23:23:51,n_values_equal\n_values_032bit.txt
2600761091,32,3,60,FOUND,58757,44263,139,0,12834041828095023674,1394388896,966085917,102600,102.6,0.1026,0.0001026,2026-02-09 23:23:51,2026-02-09 23:23:51,n_values_equal\n_values_032bit.txt
40400660413,36,1,60,FOUND,154211,261983,210,0,8939157212821933378,12988306214,14046468382,268300,268.3,0.2683,0.0002683,2026-02-09 23:23:51,2026-02-09 23:23:51,n_values_equal\n_values_036bit.txt
40400660413,36,2,60,FOUND,154211,261983,360,0,5157661175242340285,21860504601,7348446279,343200,343.2,0.3432,0.0003432,2026-02-09 23:23:51,2026-02-09 23:23:51,n_values_equal\n_values_036bit.txt
40400660413,36,3,60,FOUND,261983,154211,690,0,1813486336206095160,2479368008,929853552,756700,756.7,0.7567,0.0007567,2026-02-09 23:23:51,2026-02-09 23:23:51,n_values_equal\n_values_036bit.txt
41341034099,36,1,60,FOUND,191627,215737,304,0,11651757783552773334,6657001426,24122959668,224200,224.2,0.2242,0.0002242,2026-02-09 23:23:51,2026-02-09 23:23:51,n_values_equal\n_values_036bit.txt
41341034099,36,2,60,FOUND,215737,191627,150,0,5530859427050644330,28796329836,25473840460,111200,111.2,0.1112,0.0001112,2026-02-09 23:23:51,2026-02-09 23:23:51,n_values_equal\n_values_036bit.txt
41341034099,36,3,60,FOUND,215737,191627,448,0,10824866735997974671,41277383133,37474289215,460400,460.4,0.4604,0.0004604,2026-02-09 23:23:51,2026-02-09 23:23:51,n_values_equal\n_values_036bit.txt
37524772001,36,1,60,FOUND,157427,238363,610,0,7561570713334225676,10816451254,711717589,484400,484.4,0.4844,0.0004844,2026-02-09 23:23:51,2026-02-09 23:23:51,n_values_equal\n_values_036bit.txt
37524772001,36,2,60,FOUND,157427,238363,208,0,11036926663940637138,32600931907,30937938907,154500,154.5,0.1545,0.0001545,2026-02-09 23:23:51,2026-02-09 23:23:51,n_values_equal\n_values_036bit.txt
37524772001,36,3,60,FOUND,238363,157427,138,0,15444019269252551388,26217789543,5257746311,103000,103.0,0.103,0.000103,2026-02-09 23:23:51,2026-02-09 23:23:51,n_values_equal\n_values_036bit.txt
63703740647,36,1,60,FOUND,252409,252383,450,0,11009634488878454920,46243531496,16468288032,329500,329.5,0.3295,0.0003295,2026-02-09 23:23:51,2026-02-09 23:23:51,n_values_equal\n_values_036bit.txt
63703740647,36,2,60,FOUND,252383,252409,106,0,7307001512945083423,48943572978,23448484689,87600,87.6,0.0876,8.76e-05,2026-02-09 23:23:51,2026-02-09 23:23:51,n_values_equal\n_values_036bit.txt
63703740647,36,3,60,FOUND,252383,252409,148,0,8664660084370858469,47945681911,42925349118,107100,107.1,0.1071,0.0001071,2026-02-09 23:23:51,2026-02-09 23:23:51,n_values_equal\n_values_036bit.txt
38283100451,36,1,60,FOUND,159223,240437,450,0,12361928770222274610,29085345705,28569032206,324800,324.8,0.3248,0.0003248,2026-02-09 23:23:51,2026-02-09 23:23:51,n_values_equal\n_values_036bit.txt
38283100451,36,2,60,FOUND,240437,159223,297,0,2206239860483088999,29770685321,950755721,222000,222.0,0.222,0.000222,2026-02-09 23:23:51,2026-02-09 23:23:51,n_values_equal\n_values_036bit.txt
38283100451,36,3,60,FOUND,159223,240437,150,0,8024881528584374897,14946964739,30566062300,111600,111.6,0.1116,0.0001116,2026-02-09 23:23:51,2026-02-09 23:23:51,n_values_equal\n_values_036bit.txt
37073916433,36,1,60,FOUND,166739,222347,200,0,7545359926453487023,8307648062,22236548224,142800,142.8,0.1428,0.0001428,2026-02-09 23:23:51,2026-02-09 23:23:51,n_values_equal\n_values_036bit.txt
37073916433,36,2,60,FOUND,166739,222347,87,0,11814593231933477702,10460741849,1142605940,63100,63.1,0.0631,6.31e-05,2026-02-09 23:23:51,2026-02-09 23:23:51,n_values_equal\n_values_036bit.txt
37073916433,36,3,60,FOUND,222347,166739,694,0,16156455183966317720,27276690910,5642329322,487300,487.3,0.4873,0.0004873,2026-02-09 23:23:51,2026-02-09 23:23:51,n_values_equal\n_values_036bit.txt
48386840497,36,1,60,FOUND,202441,239017,163,0,14729199624873522006,9422340588,45255026752,118600,118.6,0.1186,0.0001186,2026-02-09 23:23:51,2026-02-09 23:23:51,n_values_equal\n_values_036bit.txt
48386840497,36,2,60,FOUND,202441,239017,280,0,12922154793760385883,41600453296,39902202166,209100,209.1,0.2091,0.0002091,2026-02-09 23:23:51,2026-02-09 23:23:51,n_values_equal\n_values_036bit.txt
48386840497,36,3,60,FOUND,239017,202441,504,0,8626219600704478135,13728502817,22169752410,363900,363.9,0.3639,0.0003639,2026-02-09 23:23:51,2026-02-09 23:23:51,n_values_equal\n_values_036bit.txt
36639671273,36,1,60,FOUND,250979,145987,221,0,15855961992255448105,32667116862,35856442794,159300,159.3,0.1593,0.0001593,2026-02-09 23:23:51,2026-02-09 23:23:51,n_values_equal\n_values_036bit.txt
36639671273,36,2,60,FOUND,145987,250979,300,0,3521068523647950696,22972576748,3104066702,217800,217.8,0.2178,0.0002178,2026-02-09 23:23:51,2026-02-09 23:23:51,n_values_equal\n_values_036bit.txt
36639671273,36,3,60,FOUND,250979,145987,197,0,7107918721379100123,28978997433,12740425605,143100,143.1,0.1431,0.0001431,2026-02-09 23:23:51,2026-02-09 23:23:51,n_values_equal\n_values_036bit.txt
40660933667,36,1,60,FOUND,192853,210839,172,0,4924359815793810241,708053540,21673756811,124700,124.7,0.1247,0.0001247,2026-02-09 23:23:51,2026-02-09 23:23:51,n_values_equal\n_values_036bit.txt
40660933667,36,2,60,FOUND,192853,210839,1010,0,12948440371146986225,21634672865,31027780032,714300,714.3,0.7143,0.0007143,2026-02-09 23:23:51,2026-02-09 23:23:51,n_values_equal\n_values_036bit.txt
40660933667,36,3,60,FOUND,210839,192853,378,0,8379695666650905585,18707445656,187553641,270800,270.8,0.2708,0.0002708,2026-02-09 23:23:51,2026-02-09 23:23:51,n_values_equal\n_values_036bit.txt
49953573331,36,1,60,FOUND,192121,260011,259,0,17327416508715768232,4355391677,3775976281,181300,181.3,0.1813,0.0001813,2026-02-09 23:23:51,2026-02-09 23:23:51,n_values_equal\n_values_036bit.txt
49953573331,36,2,60,FOUND,192121,260011,497,0,2363930549736744649,31933344055,46435880242,344700,344.7,0.3447,0.0003447,2026-02-09 23:23:51,2026-02-09 23:23:51,n_values_equal\n_values_036bit.txt
49953573331,36,3,60,FOUND,260011,192121,522,0,6197076661125535410,20743339838,41717033720,366900,366.9,0.3669,0.0003669,2026-02-09 23:23:51,2026-02-09 23:23:51,n_values_equal\n_values_036bit.txt
51624550037,36,1,60,FOUND,239803,215279,482,0,2759539719879276420,50941590583,47209919207,597500,597.5,0.5975,0.0005975,2026-02-09 23:23:51,2026-02-09 23:23:51,n_values_equal\n_values_036bit.txt
51624550037,36,2,60,FOUND,215279,239803,426,0,430773516026461626,7606942911,47249996142,310500,310.5,0.3105,0.0003105,2026-02-09 23:23:51,2026-02-09 23:23:51,n_values_equal\n_values_036bit.txt
51624550037,36,3,60,FOUND,239803,215279,384,0,12502958961699156997,12759114625,36117893835,273300,273.3,0.2733,0.0002733,2026-02-09 23:23:51,2026-02-09 23:23:51,n_values_equal\n_values_036bit.txt
59338831271,36,1,60,FOUND,239201,248071,792,0,11123932244057405451,46435323840,17474140825,590800,590.8,0.5908,0.0005908,2026-02-09 23:23:51,2026-02-09 23:23:51,n_values_equal\n_values_036bit.txt
59338831271,36,2,60,FOUND,248071,239201,282,0,829699460091025038,6071737913,52266544899,228800,228.8,0.2288,0.0002288,2026-02-09 23:23:51,2026-02-09 23:23:51,n_values_equal\n_values_036bit.txt
59338831271,36,3,60,FOUND,239201,248071,532,0,7690995558153602830,27777232868,27396247871,398000,398.0,0.398,0.000398,2026-02-09 23:23:51,2026-02-09 23:23:51,n_values_equal\n_values_036bit.txt
38828168023,36,1,60,FOUND,158663,244721,369,0,10343897698338420742,111491525,13077533862,282000,282.0,0.282,0.000282,2026-02-09 23:23:51,2026-02-09 23:23:51,n_values_equal\n_values_036bit.txt
38828168023,36,2,60,FOUND,158663,244721,304,0,2980153156004982414,3062982330,34158136505,236500,236.5,0.2365,0.0002365,2026-02-09 23:23:51,2026-02-09 23:23:51,n_values_equal\n_values_036bit.txt
38828168023,36,3,60,FOUND,158663,244721,454,0,6061240942662821453,16880350270,19686827839,326300,326.3,0.3263,0.0003263,2026-02-09 23:23:51,2026-02-09 23:23:51,n_values_equal\n_values_036bit.txt
44436632153,36,1,60,FOUND,188389,235877,122,0,2756082499494662345,6585018359,18114271624,90300,90.3,0.0903,9.03e-05,2026-02-09 23:23:51,2026-02-09 23:23:51,n_values_equal\n_values_036bit.txt
44436632153,36,2,60,FOUND,235877,188389,81,0,5937087409137619177,24339979264,37149445871,60600,60.6,0.0606,6.06e-05,2026-02-09 23:23:51,2026-02-09 23:23:51,n_values_equal\n_values_036bit.txt
44436632153,36,3,60,FOUND,235877,188389,370,0,3492306687463364496,19871823562,8008747639,264800,264.8,0.2648,0.0002648,2026-02-09 23:23:51,2026-02-09 23:23:51,n_values_equal\n_values_036bit.txt
47067393227,36,1,60,FOUND,188693,249439,264,0,2616079272120234738,708733408,43220221607,186900,186.9,0.1869,0.0001869,2026-02-09 23:23:51,2026-02-09 23:23:51,n_values_equal\n_values_036bit.txt
47067393227,36,2,60,FOUND,188693,249439,384,0,14640634864367387493,22458335167,33716794047,271400,271.4,0.2714,0.0002714,2026-02-09 23:23:51,2026-02-09 23:23:51,n_values_equal\n_values_036bit.txt
47067393227,36,3,60,FOUND,249439,188693,90,0,13294832335021886958,28380818959,46801435586,65500,65.5,0.0655,6.55e-05,2026-02-09 23:23:51,2026-02-09 23:23:51,n_values_equal\n_values_036bit.txt
38836403941,36,1,60,FOUND,217499,178559,359,0,18344768401265280547,10627655671,31401296792,255700,255.7,0.2557,0.0002557,2026-02-09 23:23:51,2026-02-09 23:23:51,n_values_equal\n_values_036bit.txt
38836403941,36,2,60,FOUND,217499,178559,318,0,4482904779253463421,6018781683,6195280754,227600,227.6,0.2276,0.0002276,2026-02-09 23:23:51,2026-02-09 23:23:51,n_values_equal\n_values_036bit.txt
38836403941,36,3,60,FOUND,178559,217499,210,0,2191816736138581818,24788130797,26401036323,150500,150.5,0.1505,0.0001505,2026-02-09 23:23:51,2026-02-09 23:23:51,n_values_equal\n_values_036bit.txt
58933647137,36,1,60,FOUND,238591,247007,684,0,10115942455328101531,782118774,45492541709,490700,490.7,0.4907,0.0004907,2026-02-09 23:23:51,2026-02-09 23:23:51,n_values_equal\n_values_036bit.txt
58933647137,36,2,60,FOUND,247007,238591,513,0,16083297000579572918,13572781610,23057228835,366400,366.4,0.3664,0.0003664,2026-02-09 23:23:51,2026-02-09 23:23:51,n_values_equal\n_values_036bit.txt
58933647137,36,3,60,FOUND,247007,238591,538,0,11578228833740152154,22190538301,42072826601,389100,389.1,0.3891,0.0003891,2026-02-09 23:23:51,2026-02-09 23:23:51,n_values_equal\n_values_036bit.txt
42962591663,36,1,60,FOUND,203353,211271,384,0,12266881165373790896,26848697929,56554517,291200,291.2,0.2912,0.0002912,2026-02-09 23:23:51,2026-02-09 23:23:51,n_values_equal\n_values_036bit.txt
42962591663,36,2,60,FOUND,211271,203353,254,0,15947982923945065843,7664013777,20196670896,193500,193.5,0.1935,0.0001935,2026-02-09 23:23:51,2026-02-09 23:23:51,n_values_equal\n_values_036bit.txt
42962591663,36,3,60,FOUND,203353,211271,237,0,11748911490717236072,22207674147,6151658413,179800,179.8,0.1798,0.0001798,2026-02-09 23:23:51,2026-02-09 23:23:51,n_values_equal\n_values_036bit.txt
63105906341,36,1,60,FOUND,247613,254857,176,0,1821816878947921938,34227498051,5185560493,127100,127.1,0.1271,0.0001271,2026-02-09 23:23:51,2026-02-09 23:23:51,n_values_equal\n_values_036bit.txt
63105906341,36,2,60,FOUND,247613,254857,542,0,4421145767470966390,58685315691,35221138304,393000,393.0,0.393,0.000393,2026-02-09 23:23:51,2026-02-09 23:23:51,n_values_equal\n_values_036bit.txt
63105906341,36,3,60,FOUND,254857,247613,137,0,15877439004063644685,13611093359,20494626596,99200,99.2,0.0992,9.92e-05,2026-02-09 23:23:51,2026-02-09 23:23:51,n_values_equal\n_values_036bit.txt
45533062387,36,1,60,FOUND,257947,176521,648,0,5501289578462999386,41482377603,2432371685,463900,463.9,0.4639,0.0004639,2026-02-09 23:23:51,2026-02-09 23:23:51,n_values_equal\n_values_036bit.txt
45533062387,36,2,60,FOUND,176521,257947,307,0,9364107381371564917,2045584118,27865551527,232300,232.3,0.2323,0.0002323,2026-02-09 23:23:51,2026-02-09 23:23:51,n_values_equal\n_values_036bit.txt
45533062387,36,3,60,FOUND,176521,257947,489,0,69795444515501327,17808948351,12627775871,366500,366.5,0.3665,0.0003665,2026-02-09 23:23:51,2026-02-09 23:23:51,n_values_equal\n_values_036bit.txt
49168126753,36,1,60,FOUND,195241,251833,352,0,4976231173633231963,11616601689,8760472441,256400,256.4,0.2564,0.0002564,2026-02-09 23:23:51,2026-02-09 23:23:51,n_values_equal\n_values_036bit.txt
49168126753,36,2,60,FOUND,251833,195241,378,0,18346271455656444349,4285988523,44600205393,273800,273.8,0.2738,0.0002738,2026-02-09 23:23:51,2026-02-09 23:23:51,n_values_equal\n_values_036bit.txt
49168126753,36,3,60,FOUND,251833,195241,362,0,4164523574153827323,12766551753,23504834943,282800,282.8,0.2828,0.0002828,2026-02-09 23:23:51,2026-02-09 23:23:51,n_values_equal\n_values_036bit.txt
41548640897,36,1,60,FOUND,195581,212437,266,0,4356279874160409033,12365509367,27382270905,228800,228.8,0.2288,0.0002288,2026-02-09 23:23:51,2026-02-09 23:23:51,n_values_equal\n_values_036bit.txt
41548640897,36,2,60,FOUND,212437,195581,520,0,14058839306604940796,18461300558,25566962603,371500,371.5,0.3715,0.0003715,2026-02-09 23:23:51,2026-02-09 23:23:51,n_values_equal\n_values_036bit.txt
41548640897,36,3,60,FOUND,212437,195581,652,0,9680920565256483661,4341150119,30336873859,480700,480.7,0.4807,0.0004807,2026-02-09 23:23:51,2026-02-09 23:23:51,n_values_equal\n_values_036bit.txt
53801680069,36,1,60,FOUND,229499,234431,396,0,12774290775065901236,19970975588,8897631185,276400,276.4,0.2764,0.0002764,2026-02-09 23:23:51,2026-02-09 23:23:51,n_values_equal\n_values_036bit.txt
53801680069,36,2,60,FOUND,234431,229499,395,0,10431530813327313041,12892184687,35184899571,274000,274.0,0.274,0.000274,2026-02-09 23:23:51,2026-02-09 23:23:51,n_values_equal\n_values_036bit.txt
53801680069,36,3,60,FOUND,234431,229499,356,0,13725193611976802589,11367836806,28621785234,249300,249.3,0.2493,0.0002493,2026-02-09 23:23:51,2026-02-09 23:23:51,n_values_equal\n_values_036bit.txt
61293108193,36,1,60,FOUND,237619,257947,104,0,4342703155692595946,36491835203,41960098138,77100,77.1,0.0771,7.71e-05,2026-02-09 23:23:51,2026-02-09 23:23:51,n_values_equal\n_values_036bit.txt
61293108193,36,2,60,FOUND,237619,257947,105,0,1658785552567312694,49951291001,13913839804,78800,78.8,0.0788,7.88e-05,2026-02-09 23:23:51,2026-02-09 23:23:51,n_values_equal\n_values_036bit.txt
61293108193,36,3,60,FOUND,237619,257947,418,0,326418077573084044,30545486758,20985496525,313400,313.4,0.3134,0.0003134,2026-02-09 23:23:51,2026-02-09 23:23:51,n_values_equal\n_values_036bit.txt
55349737853,36,1,60,FOUND,257107,215279,134,0,5462244675639189327,54266706444,16602012966,105300,105.3,0.1053,0.0001053,2026-02-09 23:23:51,2026-02-09 23:23:51,n_values_equal\n_values_036bit.txt
55349737853,36,2,60,FOUND,215279,257107,213,0,2998732658767443962,41989933544,48103219368,174400,174.4,0.1744,0.0001744,2026-02-09 23:23:51,2026-02-09 23:23:51,n_values_equal\n_values_036bit.txt
55349737853,36,3,60,FOUND,215279,257107,333,0,9905336728310116426,15151073594,9617196174,248500,248.5,0.2485,0.0002485,2026-02-09 23:23:51,2026-02-09 23:23:51,n_values_equal\n_values_036bit.txt
764873090929,40,1,60,FOUND,891287,858167,915,0,3070911184142163500,384545912422,74504866518,1183900,1183.9,1.1839,0.0011839,2026-02-09 23:23:51,2026-02-09 23:23:51,n_values_equal\n_values_040bit.txt
764873090929,40,2,60,FOUND,891287,858167,1566,0,2306416768851062997,562725577548,239485500420,1497200,1497.2,1.4972,0.0014972,2026-02-09 23:23:51,2026-02-09 23:23:51,n_values_equal\n_values_040bit.txt
764873090929,40,3,60,FOUND,891287,858167,1085,0,7823383782052270473,70218979506,184942048552,797900,797.9,0.7979,0.0007979,2026-02-09 23:23:51,2026-02-09 23:23:51,n_values_equal\n_values_040bit.txt
794307898729,40,1,60,FOUND,814699,974971,1000,0,7848094662788103934,244569229802,32780241807,744000,744.0,0.744,0.000744,2026-02-09 23:23:51,2026-02-09 23:23:51,n_values_equal\n_values_040bit.txt
794307898729,40,2,60,FOUND,814699,974971,687,0,1842529128627613366,177610133061,432421397215,499900,499.9,0.4999,0.0004999,2026-02-09 23:23:51,2026-02-09 23:23:51,n_values_equal\n_values_040bit.txt
794307898729,40,3,60,FOUND,974971,814699,1508,0,14317057828518540158,73251293578,396278275255,1097600,1097.6,1.0976,0.0010976,2026-02-09 23:23:51,2026-02-09 23:23:51,n_values_equal\n_values_040bit.txt
783627942341,40,1,60,FOUND,773939,1012519,488,0,4961680847895141644,751977746512,553516727769,358200,358.2,0.3582,0.0003582,2026-02-09 23:23:51,2026-02-09 23:23:51,n_values_equal\n_values_040bit.txt
783627942341,40,2,60,FOUND,1012519,773939,1381,0,4431372329816915106,463858981311,139674640826,1045500,1045.5,1.0455,0.0010455,2026-02-09 23:23:51,2026-02-09 23:23:51,n_values_equal\n_values_040bit.txt
783627942341,40,3,60,FOUND,773939,1012519,615,0,15185897417612484079,694647171336,624102464719,458800,458.8,0.4588,0.0004588,2026-02-09 23:23:51,2026-02-09 23:23:51,n_values_equal\n_values_040bit.txt
558709025573,40,1,60,FOUND,594037,940529,216,0,4370608794993488852,158184221146,65617963394,158300,158.3,0.1583,0.0001583,2026-02-09 23:23:51,2026-02-09 23:23:51,n_values_equal\n_values_040bit.txt
558709025573,40,2,60,FOUND,940529,594037,720,0,6036708330981153350,439980785594,445021765621,518400,518.4,0.5184,0.0005184,2026-02-09 23:23:51,2026-02-09 23:23:51,n_values_equal\n_values_040bit.txt
558709025573,40,3,60,FOUND,940529,594037,295,0,9611056861348660033,529247684465,114961996390,222500,222.5,0.2225,0.0002225,2026-02-09 23:23:51,2026-02-09 23:23:51,n_values_equal\n_values_040bit.txt
726112814123,40,1,60,FOUND,875627,829249,195,0,11815861333159887097,57434289241,234952320330,138000,138.0,0.138,0.000138,2026-02-09 23:23:51,2026-02-09 23:23:51,n_values_equal\n_values_040bit.txt
726112814123,40,2,60,FOUND,875627,829249,544,0,7837175582519564842,549984062251,396137068101,381100,381.1,0.3811,0.0003811,2026-02-09 23:23:51,2026-02-09 23:23:51,n_values_equal\n_values_040bit.txt
726112814123,40,3,60,FOUND,875627,829249,639,0,1825102969371572207,587383092361,556034697356,457800,457.8,0.4578,0.0004578,2026-02-09 23:23:51,2026-02-09 23:23:51,n_values_equal\n_values_040bit.txt
660343059109,40,1,60,FOUND,894409,738301,720,0,6924608404380542181,35835597031,476269360950,544100,544.1,0.5441,0.0005441,2026-02-09 23:23:51,2026-02-09 23:23:51,n_values_equal\n_values_040bit.txt
660343059109,40,2,60,FOUND,738301,894409,590,0,15601216607291975463,482138743964,243273063756,440600,440.6,0.4406,0.0004406,2026-02-09 23:23:51,2026-02-09 23:23:51,n_values_equal\n_values_040bit.txt
660343059109,40,3,60,FOUND,738301,894409,627,0,10602536508031343525,66239013201,24968298815,459300,459.3,0.4593,0.0004593,2026-02-09 23:23:51,2026-02-09 23:23:51,n_values_equal\n_values_040bit.txt
1024104360011,40,1,60,FOUND,980249,1044739,176,0,13340872472849325504,170126810490,340247589297,137000,137.0,0.137,0.000137,2026-02-09 23:23:51,2026-02-09 23:23:51,n_values_equal\n_values_040bit.txt
1024104360011,40,2,60,FOUND,1044739,980249,1132,0,11563622572675452217,182266585348,972798569581,790800,790.8,0.7908,0.0007908,2026-02-09 23:23:51,2026-02-09 23:23:51,n_values_equal\n_values_040bit.txt
1024104360011,40,3,60,FOUND,980249,1044739,688,0,9030280561858165756,296337914488,551790120096,504500,504.5,0.5045,0.0005045,2026-02-09 23:23:51,2026-02-09 23:23:51,n_values_equal\n_values_040bit.txt
968182052309,40,1,60,FOUND,950401,1018709,394,0,10110108496755414396,414050889164,752174669995,319300,319.3,0.3193,0.0003193,2026-02-09 23:23:51,2026-02-09 23:23:51,n_values_equal\n_values_040bit.txt
968182052309,40,2,60,FOUND,1018709,950401,460,0,2501031495197052055,1002076873,216120819495,372100,372.1,0.3721,0.0003721,2026-02-09 23:23:51,2026-02-09 23:23:51,n_values_equal\n_values_040bit.txt
968182052309,40,3,60,FOUND,1018709,950401,524,0,719672443619633108,665394855444,961296174435,382500,382.5,0.3825,0.0003825,2026-02-09 23:23:51,2026-02-09 23:23:51,n_values_equal\n_values_040bit.txt
621897924469,40,1,60,FOUND,604259,1029191,473,0,4293368321735609501,414133641670,238528416769,340900,340.9,0.3409,0.0003409,2026-02-09 23:23:51,2026-02-09 23:23:51,n_values_equal\n_values_040bit.txt
621897924469,40,2,60,FOUND,1029191,604259,192,0,6635178809363139068,422419680593,289326007715,139800,139.8,0.1398,0.0001398,2026-02-09 23:23:51,2026-02-09 23:23:51,n_values_equal\n_values_040bit.txt
621897924469,40,3,60,FOUND,604259,1029191,302,0,15646701333097633444,208616032522,279218045713,219200,219.2,0.2192,0.0002192,2026-02-09 23:23:51,2026-02-09 23:23:51,n_values_equal\n_values_040bit.txt
764627817559,40,1,60,FOUND,818683,933973,821,0,17749022716820642995,727237065898,20288537234,610000,610.0,0.61,0.00061,2026-02-09 23:23:51,2026-02-09 23:23:51,n_values_equal\n_values_040bit.txt
764627817559,40,2,60,FOUND,818683,933973,1728,0,9041963597530919004,461790624960,738906263770,1786900,1786.9,1.7869,0.0017869,2026-02-09 23:23:51,2026-02-09 23:23:51,n_values_equal\n_values_040bit.txt
764627817559,40,3,60,FOUND,818683,933973,850,0,5411408046834597673,754927848714,661513216318,619900,619.9,0.6199,0.0006199,2026-02-09 23:23:51,2026-02-09 23:23:51,n_values_equal\n_values_040bit.txt
651359211287,40,1,60,FOUND,708023,919969,1719,0,8086999248744808130,169825280489,253789445540,1295300,1295.3,1.2953,0.0012953,2026-02-09 23:23:51,2026-02-09 23:23:51,n_values_equal\n_values_040bit.txt
651359211287,40,2,60,FOUND,708023,919969,318,0,16980356618236157453,187689749357,288459215086,246200,246.2,0.2462,0.0002462,2026-02-09 23:23:51,2026-02-09 23:23:51,n_values_equal\n_values_040bit.txt
651359211287,40,3,60,FOUND,708023,919969,620,0,14098617501221014572,401741814349,24361899255,458300,458.3,0.4583,0.0004583,2026-02-09 23:23:51,2026-02-09 23:23:51,n_values_equal\n_values_040bit.txt
691504966367,40,1,60,FOUND,933607,740681,748,0,4631868172081954695,555600254753,406001208610,556300,556.3,0.5563,0.0005563,2026-02-09 23:23:51,2026-02-09 23:23:51,n_values_equal\n_values_040bit.txt
691504966367,40,2,60,FOUND,933607,740681,954,0,12189306483042440874,279190186894,282658750599,706800,706.8,0.7068,0.0007068,2026-02-09 23:23:51,2026-02-09 23:23:51,n_values_equal\n_values_040bit.txt
691504966367,40,3,60,FOUND,740681,933607,1590,0,15019331472038652230,262281713855,559459400746,1135100,1135.1,1.1351,0.0011351,2026-02-09 23:23:51,2026-02-09 23:23:51,n_values_equal\n_values_040bit.txt
1001584677367,40,1,60,FOUND,975649,1026583,135,0,4087917102745526721,473440300678,367749562298,97900,97.9,0.0979,9.79e-05,2026-02-09 23:23:51,2026-02-09 23:23:51,n_values_equal\n_values_040bit.txt
1001584677367,40,2,60,FOUND,975649,1026583,124,0,7172842446649469065,849638255073,350187347152,89800,89.8,0.0898,8.98e-05,2026-02-09 23:23:51,2026-02-09 23:23:51,n_values_equal\n_values_040bit.txt
1001584677367,40,3,60,FOUND,975649,1026583,300,0,3697413343816119902,993775991100,86954231871,213800,213.8,0.2138,0.0002138,2026-02-09 23:23:51,2026-02-09 23:23:51,n_values_equal\n_values_040bit.txt
740154940919,40,1,60,FOUND,1039469,712051,134,0,6245030681032940491,587710755089,38515523684,97900,97.9,0.0979,9.79e-05,2026-02-09 23:23:51,2026-02-09 23:23:51,n_values_equal\n_values_040bit.txt
740154940919,40,2,60,FOUND,1039469,712051,520,0,1920126680201371690,73019471321,239177189014,380600,380.6,0.3806,0.0003806,2026-02-09 23:23:51,2026-02-09 23:23:51,n_values_equal\n_values_040bit.txt
740154940919,40,3,60,FOUND,712051,1039469,1117,0,2221233800840486920,398606053777,400250526259,817100,817.1,0.8171,0.0008171,2026-02-09 23:23:51,2026-02-09 23:23:51,n_values_equal\n_values_040bit.txt
567740741501,40,1,60,FOUND,616111,921491,528,0,18018983539440022094,291123217315,60643658042,384400,384.4,0.3844,0.0003844,2026-02-09 23:23:51,2026-02-09 23:23:51,n_values_equal\n_values_040bit.txt
567740741501,40,2,60,FOUND,616111,921491,568,0,6196865506794528406,66765867234,181380586813,440100,440.1,0.4401,0.0004401,2026-02-09 23:23:51,2026-02-09 23:23:51,n_values_equal\n_values_040bit.txt
567740741501,40,3,60,FOUND,616111,921491,1013,0,13676507472370544809,450094847887,272190520263,975000,975.0,0.975,0.000975,2026-02-09 23:23:51,2026-02-09 23:23:51,n_values_equal\n_values_040bit.txt
821510335337,40,1,60,FOUND,862097,952921,162,0,1379747145754891482,599556215721,311645482346,121400,121.4,0.1214,0.0001214,2026-02-09 23:23:51,2026-02-09 23:23:51,n_values_equal\n_values_040bit.txt
821510335337,40,2,60,FOUND,862097,952921,300,0,18365433031781232263,10851382955,477257887996,228900,228.9,0.2289,0.0002289,2026-02-09 23:23:51,2026-02-09 23:23:51,n_values_equal\n_values_040bit.txt
821510335337,40,3,60,FOUND,952921,862097,450,0,3594388664168864291,222076101979,480757277957,335600,335.6,0.3356,0.0003356,2026-02-09 23:23:51,2026-02-09 23:23:51,n_values_equal\n_values_040bit.txt
625424552003,40,1,60,FOUND,633623,987061,641,0,9850065448124551391,205648469149,304802150134,459000,459.0,0.459,0.000459,2026-02-09 23:23:51,2026-02-09 23:23:51,n_values_equal\n_values_040bit.txt
625424552003,40,2,60,FOUND,633623,987061,208,0,7548310246923711573,240441826779,88811667077,149800,149.8,0.1498,0.0001498,2026-02-09 23:23:51,2026-02-09 23:23:51,n_values_equal\n_values_040bit.txt
625424552003,40,3,60,FOUND,633623,987061,984,0,15749844296949205545,423542544905,254290338700,704400,704.4,0.7044,0.0007044,2026-02-09 23:23:51,2026-02-09 23:23:51,n_values_equal\n_values_040bit.txt
990044546221,40,1,60,FOUND,980921,1009301,756,0,16703230574454079548,861568467209,207721397224,812000,812.0,0.812,0.000812,2026-02-09 23:23:51,2026-02-09 23:23:51,n_values_equal\n_values_040bit.txt
990044546221,40,2,60,FOUND,1009301,980921,412,0,9260052811786973636,641108951231,930389326564,415000,415.0,0.415,0.000415,2026-02-09 23:23:51,2026-02-09 23:23:51,n_values_equal\n_values_040bit.txt
990044546221,40,3,60,FOUND,980921,1009301,980,0,2028489492620714416,95216315052,638354183462,1073800,1073.8,1.0738,0.0010738,2026-02-09 23:23:51,2026-02-09 23:23:51,n_values_equal\n_values_040bit.txt
620656318771,40,1,60,FOUND,1001797,619543,684,0,12087420964697888008,278919593916,566485026409,721400,721.4,0.7214,0.0007214,2026-02-09 23:23:51,2026-02-09 23:23:51,n_values_equal\n_values_040bit.txt
620656318771,40,2,60,FOUND,1001797,619543,520,0,14072264895227593084,552059509677,570706131112,515100,515.1,0.5151,0.0005151,2026-02-09 23:23:51,2026-02-09 23:23:51,n_values_equal\n_values_040bit.txt
620656318771,40,3,60,FOUND,619543,1001797,1453,0,14301816030262332778,602856382204,308115890743,1459000,1459.0,1.459,0.001459,2026-02-09 23:23:51,2026-02-09 23:23:51,n_values_equal\n_values_040bit.txt
777130377851,40,1,60,FOUND,881393,881707,2070,0,9073768725161465276,751903997165,375933005547,2063500,2063.5,2.0635,0.0020635,2026-02-09 23:23:51,2026-02-09 23:23:51,n_values_equal\n_values_040bit.txt
777130377851,40,2,60,FOUND,881707,881393,537,0,5888361718069148118,190784308194,371959217059,554800,554.8,0.5548,0.0005548,2026-02-09 23:23:51,2026-02-09 23:23:51,n_values_equal\n_values_040bit.txt
777130377851,40,3,60,FOUND,881393,881707,280,0,949095155326886230,378099660259,642609248308,284800,284.8,0.2848,0.0002848,2026-02-09 23:23:51,2026-02-09 23:23:51,n_values_equal\n_values_040bit.txt
607676977291,40,1,60,FOUND,583279,1041829,536,0,5124317319620178697,20678647366,260574811117,539400,539.4,0.5394,0.0005394,2026-02-09 23:23:51,2026-02-09 23:23:51,n_values_equal\n_values_040bit.txt
607676977291,40,2,60,FOUND,1041829,583279,164,0,12440111084908213541,595724134679,256014333130,179500,179.5,0.1795,0.0001795,2026-02-09 23:23:51,2026-02-09 23:23:51,n_values_equal\n_values_040bit.txt
607676977291,40,3,60,FOUND,583279,1041829,338,0,10063123235676204847,440820093956,291903060511,331200,331.2,0.3312,0.0003312,2026-02-09 23:23:51,2026-02-09 23:23:51,n_values_equal\n_values_040bit.txt
889005404557,40,1,60,FOUND,870479,1021283,394,0,9057606726841143601,506250586889,432237010649,391500,391.5,0.3915,0.0003915,2026-02-09 23:23:51,2026-02-09 23:23:51,n_values_equal\n_values_040bit.txt
889005404557,40,2,60,FOUND,870479,1021283,237,0,16605718828377212173,92690892626,879384326907,228400,228.4,0.2284,0.0002284,2026-02-09 23:23:51,2026-02-09 23:23:51,n_values_equal\n_values_040bit.txt
889005404557,40,3,60,FOUND,870479,1021283,660,0,3977381595529489523,543833421015,702618657494,662400,662.4,0.6624,0.0006624,2026-02-09 23:23:51,2026-02-09 23:23:51,n_values_equal\n_values_040bit.txt
913222321511,40,1,60,FOUND,921889,990599,412,0,7633008557574534707,836214833650,751609254055,410500,410.5,0.4105,0.0004105,2026-02-09 23:23:51,2026-02-09 23:23:51,n_values_equal\n_values_040bit.txt
913222321511,40,2,60,FOUND,921889,990599,1023,0,15225204344891399830,198642362485,684732448199,1026000,1026.0,1.026,0.001026,2026-02-09 23:23:51,2026-02-09 23:23:51,n_values_equal\n_values_040bit.txt
913222321511,40,3,60,FOUND,990599,921889,412,0,6294717548302150004,129029470212,205085872917,418200,418.2,0.4182,0.0004182,2026-02-09 23:23:51,2026-02-09 23:23:51,n_values_equal\n_values_040bit.txt
726235388731,40,1,60,FOUND,731173,993247,986,0,10328406893311810104,56387707799,74962058130,1011900,1011.9,1.0119,0.0010119,2026-02-09 23:23:51,2026-02-09 23:23:51,n_values_equal\n_values_040bit.txt
726235388731,40,2,60,FOUND,731173,993247,1014,0,16149902371467445924,603838207127,306593989276,1104200,1104.2,1.1042,0.0011042,2026-02-09 23:23:51,2026-02-09 23:23:51,n_values_equal\n_values_040bit.txt
726235388731,40,3,60,FOUND,731173,993247,520,0,14104971649366083599,506019554332,217638081720,527900,527.9,0.5279,0.0005279,2026-02-09 23:23:51,2026-02-09 23:23:51,n_values_equal\n_values_040bit.txt
604665924943,40,1,60,FOUND,730399,827857,868,0,258973265058707839,69464941954,341408235597,852500,852.5,0.8525,0.0008525,2026-02-09 23:23:51,2026-02-09 23:23:51,n_values_equal\n_values_040bit.txt
604665924943,40,2,60,FOUND,827857,730399,174,0,10658034824121834127,339914880232,240902304298,167100,167.1,0.1671,0.0001671,2026-02-09 23:23:51,2026-02-09 23:23:51,n_values_equal\n_values_040bit.txt
604665924943,40,3,60,FOUND,827857,730399,913,0,3249844770756571315,160933163684,42029583762,1187600,1187.6,1.1876,0.0011876,2026-02-09 23:23:51,2026-02-09 23:23:51,n_values_equal\n_values_040bit.txt
11362150854919,44,1,60,FOUND,4124287,2754937,1583,0,13667920846317161290,5473628586487,1904520985253,1591500,1591.5,1.5915,0.0015915,2026-02-09 23:23:51,2026-02-09 23:23:51,n_values_equal\n_values_044bit.txt
11362150854919,44,2,60,FOUND,2754937,4124287,1891,0,8078005218576597997,6487129002215,5867718379102,1879700,1879.7,1.8797,0.0018797,2026-02-09 23:23:51,2026-02-09 23:23:51,n_values_equal\n_values_044bit.txt
11362150854919,44,3,60,FOUND,4124287,2754937,1614,0,8700818124129222568,5522098965906,3844250749955,1639000,1639.0,1.639,0.001639,2026-02-09 23:23:51,2026-02-09 23:23:51,n_values_equal\n_values_044bit.txt
11117261796497,44,1,60,FOUND,2972483,3740059,1003,0,7725334351288515543,1679951251885,535494866149,1002100,1002.1,1.0021,0.0010021,2026-02-09 23:23:51,2026-02-09 23:23:51,n_values_equal\n_values_044bit.txt
11117261796497,44,2,60,FOUND,2972483,3740059,1826,0,2350886731295605284,44491728826,3754817895798,1798800,1798.8,1.7988,0.0017988,2026-02-09 23:23:51,2026-02-09 23:23:51,n_values_equal\n_values_044bit.txt
11117261796497,44,3,60,FOUND,2972483,3740059,369,0,13881437336359427380,9225221583667,5115992477848,410000,410.0,0.41,0.00041,2026-02-09 23:23:51,2026-02-09 23:23:51,n_values_equal\n_values_044bit.txt
12176369875333,44,1,60,FOUND,3915341,3109913,2374,0,10784675168368810924,11361042908683,7007860483538,2524100,2524.1,2.5241,0.0025241,2026-02-09 23:23:51,2026-02-09 23:23:51,n_values_equal\n_values_044bit.txt
12176369875333,44,2,60,FOUND,3109913,3915341,2200,0,9924828157087981248,8889634436000,4446280429172,1749300,1749.3,1.7493,0.0017493,2026-02-09 23:23:51,2026-02-09 23:23:51,n_values_equal\n_values_044bit.txt
12176369875333,44,3,60,FOUND,3109913,3915341,1298,0,5430705340883465169,10013782362900,1437681049588,968900,968.9,0.9689,0.0009689,2026-02-09 23:23:51,2026-02-09 23:23:51,n_values_equal\n_values_044bit.txt
8819645468191,44,1,60,FOUND,3091897,2852503,1536,0,6886473893910768429,808441566675,2993643216074,1108300,1108.3,1.1083,0.0011083,2026-02-09 23:23:51,2026-02-09 23:23:51,n_values_equal\n_values_044bit.txt
8819645468191,44,2,60,FOUND,2852503,3091897,572,0,6545889761315853758,2540396544704,3326432964568,408600,408.6,0.4086,0.0004086,2026-02-09 23:23:51,2026-02-09 23:23:51,n_values_equal\n_values_044bit.txt
8819645468191,44,3,60,FOUND,2852503,3091897,1412,0,9231178106886527197,2285764765148,3849500841739,1083700,1083.7,1.0837,0.0010837,2026-02-09 23:23:51,2026-02-09 23:23:51,n_values_equal\n_values_044bit.txt
13357103732593,44,1,60,FOUND,4107329,3252017,1684,0,17248400385184457528,13287217695156,1253467317162,1222000,1222.0,1.222,0.001222,2026-02-09 23:23:51,2026-02-09 23:23:51,n_values_equal\n_values_044bit.txt
13357103732593,44,2,60,FOUND,3252017,4107329,1018,0,10868124690982537931,9344278552481,6199163808575,772500,772.5,0.7725,0.0007725,2026-02-09 23:23:51,2026-02-09 23:23:51,n_values_equal\n_values_044bit.txt
13357103732593,44,3,60,FOUND,4107329,3252017,1782,0,11748635133001432217,1931382223532,9105712558751,1273800,1273.8,1.2738,0.0012738,2026-02-09 23:23:51,2026-02-09 23:23:51,n_values_equal\n_values_044bit.txt
11598973452301,44,1,60,FOUND,2830391,4098011,904,0,3210191073924877656,8920560221341,10668387302854,637500,637.5,0.6375,0.0006375,2026-02-09 23:23:51,2026-02-09 23:23:51,n_values_equal\n_values_044bit.txt
11598973452301,44,2,60,FOUND,2830391,4098011,623,0,5454092927889715997,643252894245,9570783944109,439100,439.1,0.4391,0.0004391,2026-02-09 23:23:51,2026-02-09 23:23:51,n_values_equal\n_values_044bit.txt
11598973452301,44,3,60,FOUND,4098011,2830391,2166,0,7209911722554178106,155025002529,6856206085817,1789900,1789.9,1.7899,0.0017899,2026-02-09 23:23:51,2026-02-09 23:23:51,n_values_equal\n_values_044bit.txt
13367442470687,44,1,60,FOUND,3257413,4103699,244,0,10558080509638440293,8563030315807,1946030902637,321700,321.7,0.3217,0.0003217,2026-02-09 23:23:51,2026-02-09 23:23:51,n_values_equal\n_values_044bit.txt
13367442470687,44,2,60,FOUND,3257413,4103699,784,0,206271266465339554,2460053535396,7667811847404,961800,961.8,0.9618,0.0009618,2026-02-09 23:23:51,2026-02-09 23:23:51,n_values_equal\n_values_044bit.txt
13367442470687,44,3,60,FOUND,4103699,3257413,698,0,10104697864286819952,11601137405762,12786409836989,765600,765.6,0.7656,0.0007656,2026-02-09 23:23:51,2026-02-09 23:23:51,n_values_equal\n_values_044bit.txt
11605371416381,44,1,60,FOUND,2975911,3899771,1384,0,6627098604283496369,9782312726113,1564029367060,1472200,1472.2,1.4722,0.0014722,2026-02-09 23:23:51,2026-02-09 23:23:51,n_values_equal\n_values_044bit.txt
11605371416381,44,2,60,FOUND,2975911,3899771,873,0,4657204362147925622,8490719405849,7175732656935,934300,934.3,0.9343,0.0009343,2026-02-09 23:23:51,2026-02-09 23:23:51,n_values_equal\n_values_044bit.txt
11605371416381,44,3,60,FOUND,3899771,2975911,645,0,1943431491197781456,10616802785871,4248230228499,694600,694.6,0.6946,0.0006946,2026-02-09 23:23:51,2026-02-09 23:23:51,n_values_equal\n_values_044bit.txt
9400247940103,44,1,60,FOUND,2933629,3204307,1065,0,1939621477138700578,7409424529515,7565514201053,840600,840.6,0.8406,0.0008406,2026-02-09 23:23:51,2026-02-09 23:23:51,n_values_equal\n_values_044bit.txt
9400247940103,44,2,60,FOUND,3204307,2933629,2750,0,8649614998139669060,817255295,9356496020426,2101900,2101.9,2.1019,0.0021019,2026-02-09 23:23:51,2026-02-09 23:23:51,n_values_equal\n_values_044bit.txt
9400247940103,44,3,60,FOUND,3204307,2933629,1728,0,7745165009606213805,4651920797109,5216796337666,1301800,1301.8,1.3018,0.0013018,2026-02-09 23:23:51,2026-02-09 23:23:51,n_values_equal\n_values_044bit.txt
12580257155857,44,1,60,FOUND,3273397,3843181,1265,0,301559273397376943,112762728334,12290984817542,923800,923.8,0.9238,0.0009238,2026-02-09 23:23:51,2026-02-09 23:23:51,n_values_equal\n_values_044bit.txt
12580257155857,44,2,60,FOUND,3273397,3843181,1872,0,14958905403026093583,11037190643121,3575745426874,1319900,1319.9,1.3199,0.0013199,2026-02-09 23:23:51,2026-02-09 23:23:51,n_values_equal\n_values_044bit.txt
12580257155857,44,3,60,FOUND,3273397,3843181,1004,0,17345107219044142688,366478374895,2979975648702,732200,732.2,0.7322,0.0007322,2026-02-09 23:23:51,2026-02-09 23:23:51,n_values_equal\n_values_044bit.txt
14415783241949,44,1,60,FOUND,3948953,3650533,223,0,16717256451329135997,10771075881534,9758471023197,165300,165.3,0.1653,0.0001653,2026-02-09 23:23:51,2026-02-09 23:23:51,n_values_equal\n_values_044bit.txt
14415783241949,44,2,60,FOUND,3650533,3948953,519,0,15757423633136197819,8941883219910,13966445012395,383600,383.6,0.3836,0.0003836,2026-02-09 23:23:51,2026-02-09 23:23:51,n_values_equal\n_values_044bit.txt
14415783241949,44,3,60,FOUND,3948953,3650533,1249,0,12119800427728019579,9943574317468,2501815957408,924700,924.7,0.9247,0.0009247,2026-02-09 23:23:51,2026-02-09 23:23:51,n_values_equal\n_values_044bit.txt
15763290840049,44,1,60,FOUND,3988583,3952103,1325,0,17321734188602785387,13409660326207,6511518456980,982200,982.2,0.9822,0.0009822,2026-02-09 23:23:51,2026-02-09 23:23:51,n_values_equal\n_values_044bit.txt
15763290840049,44,2,60,FOUND,3988583,3952103,1464,0,5138749034249953737,1484507312186,5425046045426,1085300,1085.3,1.0853,0.0010853,2026-02-09 23:23:51,2026-02-09 23:23:51,n_values_equal\n_values_044bit.txt
15763290840049,44,3,60,FOUND,3952103,3988583,991,0,13307189514146000092,6925828839056,14401822106408,722100,722.1,0.7221,0.0007221,2026-02-09 23:23:51,2026-02-09 23:23:51,n_values_equal\n_values_044bit.txt
10161433521839,44,1,60,FOUND,2824823,3597193,1742,0,4586609900408344352,6080224420700,3998072553989,1544500,1544.5,1.5445,0.0015445,2026-02-09 23:23:51,2026-02-09 23:23:51,n_values_equal\n_values_044bit.txt
10161433521839,44,2,60,FOUND,3597193,2824823,2334,0,8027322090774060512,5831079891147,5041096571162,2536400,2536.4,2.5364,0.0025364,2026-02-09 23:23:51,2026-02-09 23:23:51,n_values_equal\n_values_044bit.txt
10161433521839,44,3,60,FOUND,3597193,2824823,1498,0,6459939279664843793,1010946598456,3482452890613,1550800,1550.8,1.5508,0.0015508,2026-02-09 23:23:51,2026-02-09 23:23:51,n_values_equal\n_values_044bit.txt
10215117445853,44,1,60,FOUND,3354671,3045043,877,0,4652031212887217858,9998164016773,4301020924946,647700,647.7,0.6477,0.0006477,2026-02-09 23:23:51,2026-02-09 23:23:51,n_values_equal\n_values_044bit.txt
10215117445853,44,2,60,FOUND,3354671,3045043,1346,0,1463502470059668744,7739643925936,4212490866645,1363400,1363.4,1.3634,0.0013634,2026-02-09 23:23:51,2026-02-09 23:23:51,n_values_equal\n_values_044bit.txt
10215117445853,44,3,60,FOUND,3045043,3354671,1165,0,8038735901786812922,5019806001052,470140828627,1323000,1323.0,1.323,0.001323,2026-02-09 23:23:51,2026-02-09 23:23:51,n_values_equal\n_values_044bit.txt
9341064803801,44,1,60,FOUND,3824617,2442353,1380,0,2733881387993566698,2002185575498,2044449580004,1212700,1212.7,1.2127,0.0012127,2026-02-09 23:23:51,2026-02-09 23:23:51,n_values_equal\n_values_044bit.txt
9341064803801,44,2,60,FOUND,2442353,3824617,2679,0,16940619075711790681,6687503031560,334479589421,2537600,2537.6,2.5376,0.0025376,2026-02-09 23:23:51,2026-02-09 23:23:51,n_values_equal\n_values_044bit.txt
9341064803801,44,3,60,FOUND,2442353,3824617,809,0,14466983620012381227,7948049973471,7669109876062,640500,640.5,0.6405,0.0006405,2026-02-09 23:23:51,2026-02-09 23:23:51,n_values_equal\n_values_044bit.txt
8872431580417,44,1,60,FOUND,2245457,3951281,1930,0,1636864358852694893,1478764421942,78641416100,1739300,1739.3,1.7393,0.0017393,2026-02-09 23:23:51,2026-02-09 23:23:51,n_values_equal\n_values_044bit.txt
8872431580417,44,2,60,FOUND,2245457,3951281,1840,0,1649864655268417931,3237336360310,617129371351,1638400,1638.4,1.6384,0.0016384,2026-02-09 23:23:51,2026-02-09 23:23:51,n_values_equal\n_values_044bit.txt
8872431580417,44,3,60,FOUND,3951281,2245457,134,0,2881421224242987919,7334266550613,5923678247248,172200,172.2,0.1722,0.0001722,2026-02-09 23:23:51,2026-02-09 23:23:51,n_values_equal\n_values_044bit.txt
16122940996961,44,1,60,FOUND,3960419,4071019,1370,0,18318891213529848409,10946017010245,15797054387993,1063500,1063.5,1.0635,0.0010635,2026-02-09 23:23:51,2026-02-09 23:23:51,n_values_equal\n_values_044bit.txt
16122940996961,44,2,60,FOUND,4071019,3960419,2508,0,185462140917069757,499443927014,16032107867179,2164800,2164.8,2.1648,0.0021648,2026-02-09 23:23:51,2026-02-09 23:23:51,n_values_equal\n_values_044bit.txt
16122940996961,44,3,60,FOUND,3960419,4071019,1347,0,15491580860548870060,9794148275757,9294314996374,1011300,1011.3,1.0113,0.0010113,2026-02-09 23:23:51,2026-02-09 23:23:51,n_values_equal\n_values_044bit.txt
14363066111507,44,1,60,FOUND,3771979,3807833,960,0,6079751604350540080,5808113981455,2310297168939,699300,699.3,0.6993,0.0006993,2026-02-09 23:23:51,2026-02-09 23:23:51,n_values_equal\n_values_044bit.txt
14363066111507,44,2,60,FOUND,3807833,3771979,3004,0,8385145317448369972,13449549885847,5580095882202,2516200,2516.2,2.5162,0.0025162,2026-02-09 23:23:51,2026-02-09 23:23:51,n_values_equal\n_values_044bit.txt
14363066111507,44,3,60,FOUND,3807833,3771979,1936,0,525315358322634642,1925409698658,13384149118316,1415100,1415.1,1.4151,0.0014151,2026-02-09 23:23:51,2026-02-09 23:23:51,n_values_equal\n_values_044bit.txt
14270301667147,44,1,60,FOUND,3598667,3965441,1097,0,8072101241998920000,12930800831633,13820303426900,818100,818.1,0.8181,0.0008181,2026-02-09 23:23:51,2026-02-09 23:23:51,n_values_equal\n_values_044bit.txt
14270301667147,44,2,60,FOUND,3965441,3598667,3112,0,14288835394161353906,7353527670438,6569694503180,2286000,2286.0,2.286,0.002286,2026-02-09 23:23:51,2026-02-09 23:23:51,n_values_equal\n_values_044bit.txt
14270301667147,44,3,60,FOUND,3965441,3598667,3603,0,11784069898461422251,13049346586030,1342060935923,2920300,2920.3,2.9203,0.0029203,2026-02-09 23:23:51,2026-02-09 23:23:51,n_values_equal\n_values_044bit.txt
9955688607647,44,1,60,FOUND,2589107,3845221,357,0,4461746948291068562,4649126953509,8796880577348,278200,278.2,0.2782,0.0002782,2026-02-09 23:23:51,2026-02-09 23:23:51,n_values_equal\n_values_044bit.txt
9955688607647,44,2,60,FOUND,2589107,3845221,1539,0,8995189678541703908,906127416542,3218455669168,1163000,1163.0,1.163,0.001163,2026-02-09 23:23:51,2026-02-09 23:23:51,n_values_equal\n_values_044bit.txt
9955688607647,44,3,60,FOUND,2589107,3845221,432,0,12116922698449965137,5554538816108,4360638316890,322900,322.9,0.3229,0.0003229,2026-02-09 23:23:51,2026-02-09 23:23:51,n_values_equal\n_values_044bit.txt
11878722340741,44,1,60,FOUND,3325243,3572287,970,0,13237207798792806199,4039826616088,10348919153642,703100,703.1,0.7031,0.0007031,2026-02-09 23:23:51,2026-02-09 23:23:51,n_values_equal\n_values_044bit.txt
11878722340741,44,2,60,FOUND,3572287,3325243,1131,0,6049813416860560307,1412371820619,7797843352727,816200,816.2,0.8162,0.0008162,2026-02-09 23:23:51,2026-02-09 23:23:51,n_values_equal\n_values_044bit.txt
11878722340741,44,3,60,FOUND,3572287,3325243,3723,0,2725379270773287096,10802925722697,506411513895,2665100,2665.1,2.6651,0.0026651,2026-02-09 23:23:51,2026-02-09 23:23:51,n_values_equal\n_values_044bit.txt
10172139049141,44,1,60,FOUND,3834227,2652983,1678,0,3106385077339371518,2916472368955,2712763246746,1202500,1202.5,1.2025,0.0012025,2026-02-09 23:23:51,2026-02-09 23:23:51,n_values_equal\n_values_044bit.txt
10172139049141,44,2,60,FOUND,2652983,3834227,1486,0,8351317147758343644,1811008886949,376360594262,1064300,1064.3,1.0643,0.0010643,2026-02-09 23:23:51,2026-02-09 23:23:51,n_values_equal\n_values_044bit.txt
10172139049141,44,3,60,FOUND,2652983,3834227,1394,0,14825105783552897703,6939659007911,10166738639934,1040600,1040.6,1.0406,0.0010406,2026-02-09 23:23:51,2026-02-09 23:23:51,n_values_equal\n_values_044bit.txt
10582431747599,44,1,60,FOUND,4173079,2535881,874,0,961981519478775935,3314725985658,8730734606513,630300,630.3,0.6303,0.0006303,2026-02-09 23:23:51,2026-02-09 23:23:51,n_values_equal\n_values_044bit.txt
10582431747599,44,2,60,FOUND,4173079,2535881,140,0,1078982573550619741,3057603231143,3596384414811,104400,104.4,0.1044,0.0001044,2026-02-09 23:23:51,2026-02-09 23:23:51,n_values_equal\n_values_044bit.txt
10582431747599,44,3,60,FOUND,4173079,2535881,1243,0,9125889857005646223,385028117355,6099129039236,896300,896.3,0.8963,0.0008963,2026-02-09 23:23:51,2026-02-09 23:23:51,n_values_equal\n_values_044bit.txt
10542617146211,44,1,60,FOUND,2661181,3961631,1276,0,8516403989143457286,6526757705421,3041080459768,921700,921.7,0.9217,0.0009217,2026-02-09 23:23:51,2026-02-09 23:23:51,n_values_equal\n_values_044bit.txt
10542617146211,44,2,60,FOUND,3961631,2661181,545,0,14358207716287390943,2889027363082,9678085710908,399100,399.1,0.3991,0.0003991,2026-02-09 23:23:51,2026-02-09 23:23:51,n_values_equal\n_values_044bit.txt
10542617146211,44,3,60,FOUND,2661181,3961631,1528,0,16345921803881697071,2403748646411,8658527854607,1185700,1185.7,1.1857,0.0011857,2026-02-09 23:23:51,2026-02-09 23:23:51,n_values_equal\n_values_044bit.txt
11082838983527,44,1,60,FOUND,3900937,2841071,2695,0,16126489267037277723,4442007423993,3601500854102,2422100,2422.1,2.4221,0.0024221,2026-02-09 23:23:51,2026-02-09 23:23:51,n_values_equal\n_values_044bit.txt
11082838983527,44,2,60,FOUND,2841071,3900937,1548,0,14580187562985342891,3110454221308,9199959655945,1368900,1368.9,1.3689,0.0013689,2026-02-09 23:23:51,2026-02-09 23:23:51,n_values_equal\n_values_044bit.txt
11082838983527,44,3,60,FOUND,2841071,3900937,1154,0,11723296773572703423,6847949027110,9586050284405,839600,839.6,0.8396,0.0008396,2026-02-09 23:23:51,2026-02-09 23:23:51,n_values_equal\n_values_044bit.txt
239042201465633,48,1,60,FOUND,15856691,15075163,5956,0,14950512542432443210,65318112797196,238222945546283,4877600,4877.6,4.8776,0.0048776,2026-02-09 23:23:51,2026-02-09 23:23:51,n_values_equal\n_values_048bit.txt
239042201465633,48,2,60,FOUND,15856691,15075163,3502,0,18424440953804569941,25166301432734,195131035785075,2616300,2616.3,2.6163,0.0026163,2026-02-09 23:23:51,2026-02-09 23:23:51,n_values_equal\n_values_048bit.txt
239042201465633,48,3,60,FOUND,15856691,15075163,3090,0,8154602773154975996,8356431634366,126272889868504,2289400,2289.4,2.2894,0.0022894,2026-02-09 23:23:51,2026-02-09 23:23:51,n_values_equal\n_values_048bit.txt
217816418258143,48,1,60,FOUND,16200271,13445233,1856,0,17002337038741748501,190752864723338,58282837589148,1491400,1491.4,1.4914,0.0014914,2026-02-09 23:23:51,2026-02-09 23:23:51,n_values_equal\n_values_048bit.txt
217816418258143,48,2,60,FOUND,13445233,16200271,564,0,10968176111055531600,123080330152090,31424663046666,437300,437.3,0.4373,0.0004373,2026-02-09 23:23:51,2026-02-09 23:23:51,n_values_equal\n_values_048bit.txt
217816418258143,48,3,60,FOUND,16200271,13445233,4674,0,15876390513427958578,154763697993750,161234513947080,4271900,4271.9,4.2719,0.0042719,2026-02-09 23:23:51,2026-02-09 23:23:51,n_values_equal\n_values_048bit.txt
210913072937123,48,1,60,FOUND,15310717,13775519,3406,0,14550631188401877662,189792781310225,152366260686316,2584800,2584.8,2.5848,0.0025848,2026-02-09 23:23:51,2026-02-09 23:23:51,n_values_equal\n_values_048bit.txt
210913072937123,48,2,60,FOUND,13775519,15310717,3262,0,16936025151391382776,129209359824681,96009201081410,2482700,2482.7,2.4827,0.0024827,2026-02-09 23:23:51,2026-02-09 23:23:51,n_values_equal\n_values_048bit.txt
210913072937123,48,3,60,FOUND,13775519,15310717,1140,0,11061589359822011948,100776799457764,138758046432021,885300,885.3,0.8853,0.0008853,2026-02-09 23:23:51,2026-02-09 23:23:51,n_values_equal\n_values_048bit.txt
231989372810269,48,1,60,FOUND,15409159,15055291,3938,0,13485801209317523273,108183216586700,22924711112450,2904000,2904.0,2.904,0.002904,2026-02-09 23:23:51,2026-02-09 23:23:51,n_values_equal\n_values_048bit.txt
231989372810269,48,2,60,FOUND,15409159,15055291,1596,0,9109636447624528177,155108540679320,114718015491699,1421900,1421.9,1.4219,0.0014219,2026-02-09 23:23:51,2026-02-09 23:23:51,n_values_equal\n_values_048bit.txt
231989372810269,48,3,60,FOUND,15055291,15409159,4350,0,16331255587936117888,63680029302138,120661412292060,3017600,3017.6,3.0176,0.0030176,2026-02-09 23:23:51,2026-02-09 23:23:51,n_values_equal\n_values_048bit.txt
144463723279151,48,1,60,FOUND,8782261,16449491,2982,0,15852544181967162628,15548202501270,110555878519531,2658600,2658.6,2.6586,0.0026586,2026-02-09 23:23:51,2026-02-09 23:23:51,n_values_equal\n_values_048bit.txt
144463723279151,48,2,60,FOUND,16449491,8782261,2255,0,9973431986224609144,6753082821501,6466978082197,1608400,1608.4,1.6084,0.0016084,2026-02-09 23:23:51,2026-02-09 23:23:51,n_values_equal\n_values_048bit.txt
144463723279151,48,3,60,FOUND,8782261,16449491,1791,0,14677126177343631247,118067720475054,42947395017578,1278800,1278.8,1.2788,0.0012788,2026-02-09 23:23:51,2026-02-09 23:23:51,n_values_equal\n_values_048bit.txt
152432218184023,48,1,60,FOUND,11299963,13489621,3224,0,18227230484889800823,49960387326810,149646826179723,2389500,2389.5,2.3895,0.0023895,2026-02-09 23:23:51,2026-02-09 23:23:51,n_values_equal\n_values_048bit.txt
152432218184023,48,2,60,FOUND,13489621,11299963,1218,0,6742870910478314073,63607186560029,121278331499729,879900,879.9,0.8799,0.0008799,2026-02-09 23:23:51,2026-02-09 23:23:51,n_values_equal\n_values_048bit.txt
152432218184023,48,3,60,FOUND,13489621,11299963,1840,0,8830664200677512218,42555528165032,120771840628535,1331400,1331.4,1.3314,0.0013314,2026-02-09 23:23:51,2026-02-09 23:23:51,n_values_equal\n_values_048bit.txt
230491008798437,48,1,60,FOUND,15501727,14868731,2085,0,7130051748811381949,52812879096099,21779213748608,1741600,1741.6,1.7416,0.0017416,2026-02-09 23:23:51,2026-02-09 23:23:51,n_values_equal\n_values_048bit.txt
230491008798437,48,2,60,FOUND,15501727,14868731,3666,0,9831803062884047045,59957319902221,145620569275380,2541900,2541.9,2.5419,0.0025419,2026-02-09 23:23:51,2026-02-09 23:23:51,n_values_equal\n_values_048bit.txt
230491008798437,48,3,60,FOUND,14868731,15501727,2407,0,12654724641969503389,36034415040748,159859222742095,1701600,1701.6,1.7016,0.0017016,2026-02-09 23:23:51,2026-02-09 23:23:51,n_values_equal\n_values_048bit.txt
261780241275653,48,1,60,FOUND,15674509,16701017,2548,0,12163827322397980217,256949084148853,130841621083035,1841500,1841.5,1.8415,0.0018415,2026-02-09 23:23:51,2026-02-09 23:23:51,n_values_equal\n_values_048bit.txt
261780241275653,48,2,60,FOUND,16701017,15674509,4312,0,14212393331587611009,24416433985419,35615418780837,3090400,3090.4,3.0904,0.0030904,2026-02-09 23:23:51,2026-02-09 23:23:51,n_values_equal\n_values_048bit.txt
261780241275653,48,3,60,FOUND,16701017,15674509,3504,0,15532597742841918993,73426319882002,106588556305378,3065500,3065.5,3.0655,0.0030655,2026-02-09 23:23:51,2026-02-09 23:23:51,n_values_equal\n_values_048bit.txt
156024893896327,48,1,60,FOUND,11118197,14033291,3501,0,16692841071904680108,4647393258215,95623589511626,2600000,2600.0,2.6,0.0026,2026-02-09 23:23:51,2026-02-09 23:23:51,n_values_equal\n_values_048bit.txt
156024893896327,48,2,60,FOUND,11118197,14033291,3725,0,11258776060763220102,103168089757936,67264450317106,2584000,2584.0,2.584,0.002584,2026-02-09 23:23:51,2026-02-09 23:23:51,n_values_equal\n_values_048bit.txt
156024893896327,48,3,60,FOUND,11118197,14033291,2193,0,12719817987896154949,148786493809890,21738904885935,1550800,1550.8,1.5508,0.0015508,2026-02-09 23:23:51,2026-02-09 23:23:51,n_values_equal\n_values_048bit.txt
167131351045207,48,1,60,FOUND,12206567,13691921,2533,0,2885102008220673010,107223662709183,100896064889745,1842200,1842.2,1.8422,0.0018422,2026-02-09 23:23:51,2026-02-09 23:23:51,n_values_equal\n_values_048bit.txt
167131351045207,48,2,60,FOUND,13691921,12206567,1563,0,6235448222596566454,62409435349629,86980351552359,1685800,1685.8,1.6858,0.0016858,2026-02-09 23:23:51,2026-02-09 23:23:51,n_values_equal\n_values_048bit.txt
167131351045207,48,3,60,FOUND,13691921,12206567,2250,0,17395833346358894833,104155003671672,27866617530367,1727100,1727.1,1.7271,0.0017271,2026-02-09 23:23:51,2026-02-09 23:23:51,n_values_equal\n_values_048bit.txt
244587144342719,48,1,60,FOUND,14888963,16427413,2334,0,10869957033616314344,202478241426626,83377578204198,1694300,1694.3,1.6943,0.0016943,2026-02-09 23:23:51,2026-02-09 23:23:51,n_values_equal\n_values_048bit.txt
244587144342719,48,2,60,FOUND,14888963,16427413,1456,0,9897033016540784841,11339713391000,75019092681634,1057400,1057.4,1.0574,0.0010574,2026-02-09 23:23:51,2026-02-09 23:23:51,n_values_equal\n_values_048bit.txt
244587144342719,48,3,60,FOUND,14888963,16427413,1596,0,3302766769006273820,219220231165789,207982856525398,1107500,1107.5,1.1075,0.0011075,2026-02-09 23:23:51,2026-02-09 23:23:51,n_values_equal\n_values_048bit.txt
196286277389767,48,1,60,FOUND,13512047,14526761,1528,0,17243807050821449416,76284104838829,183717039799370,1065400,1065.4,1.0654,0.0010654,2026-02-09 23:23:51,2026-02-09 23:23:51,n_values_equal\n_values_048bit.txt
196286277389767,48,2,60,FOUND,14526761,13512047,2796,0,6204225413275986830,187943849783419,190830527296329,2530400,2530.4,2.5304,0.0025304,2026-02-09 23:23:51,2026-02-09 23:23:51,n_values_equal\n_values_048bit.txt
196286277389767,48,3,60,FOUND,14526761,13512047,1516,0,742745244055825891,125110024699269,115210469889478,1146500,1146.5,1.1465,0.0011465,2026-02-09 23:23:51,2026-02-09 23:23:51,n_values_equal\n_values_048bit.txt
190528782422549,48,1,60,FOUND,16065557,11859457,142,0,8623496355129705914,15069510163406,49140178269559,100800,100.8,0.1008,0.0001008,2026-02-09 23:23:51,2026-02-09 23:23:51,n_values_equal\n_values_048bit.txt
190528782422549,48,2,60,FOUND,16065557,11859457,442,0,11180868968381381690,154327252687022,80136588008934,307400,307.4,0.3074,0.0003074,2026-02-09 23:23:51,2026-02-09 23:23:51,n_values_equal\n_values_048bit.txt
190528782422549,48,3,60,FOUND,16065557,11859457,2904,0,15050767850922087336,190233420608120,132116759625386,1948700,1948.7,1.9487,0.0019487,2026-02-09 23:23:51,2026-02-09 23:23:51,n_values_equal\n_values_048bit.txt
184484345963189,48,1,60,FOUND,13611803,13553263,3584,0,527471889500336614,63601985532613,70226577056823,2471900,2471.9,2.4719,0.0024719,2026-02-09 23:23:51,2026-02-09 23:23:51,n_values_equal\n_values_048bit.txt
184484345963189,48,2,60,FOUND,13553263,13611803,3050,0,14416092754517608178,60430583421021,14876134297811,2078600,2078.6,2.0786,0.0020786,2026-02-09 23:23:51,2026-02-09 23:23:51,n_values_equal\n_values_048bit.txt
184484345963189,48,3,60,FOUND,13553263,13611803,2851,0,16988475712660711397,43558093778151,174824033556462,1900100,1900.1,1.9001,0.0019001,2026-02-09 23:23:51,2026-02-09 23:23:51,n_values_equal\n_values_048bit.txt
215395919991997,48,1,60,FOUND,13863713,15536669,5104,0,13368496637449226481,90547581620170,143548087190679,3350400,3350.4,3.3504,0.0033504,2026-02-09 23:23:51,2026-02-09 23:23:51,n_values_equal\n_values_048bit.txt
215395919991997,48,2,60,FOUND,13863713,15536669,868,0,7626692696228158898,134180186730621,185466194931916,709000,709.0,0.709,0.000709,2026-02-09 23:23:51,2026-02-09 23:23:51,n_values_equal\n_values_048bit.txt
215395919991997,48,3,60,FOUND,15536669,13863713,2838,0,6520868581212544460,192113166136764,73605097127564,2144700,2144.7,2.1447,0.0021447,2026-02-09 23:23:51,2026-02-09 23:23:51,n_values_equal\n_values_048bit.txt
143412703799249,48,1,60,FOUND,11625109,12336461,1416,0,10465959389450677440,37003387163295,90566366735494,992600,992.6,0.9926,0.0009926,2026-02-09 23:23:51,2026-02-09 23:23:51,n_values_equal\n_values_048bit.txt
143412703799249,48,2,60,FOUND,12336461,11625109,3719,0,9641179045776570848,52658803507044,55038895094298,2598700,2598.7,2.5987,0.0025987,2026-02-09 23:23:51,2026-02-09 23:23:51,n_values_equal\n_values_048bit.txt
143412703799249,48,3,60,FOUND,11625109,12336461,1640,0,1034601159480948317,101859774696529,8601334863870,1138400,1138.4,1.1384,0.0011384,2026-02-09 23:23:51,2026-02-09 23:23:51,n_values_equal\n_values_048bit.txt
184242050867417,48,1,60,FOUND,11755621,15672677,3192,0,6070961902510470949,14442383730878,6772779217746,2290500,2290.5,2.2905,0.0022905,2026-02-09 23:23:51,2026-02-09 23:23:51,n_values_equal\n_values_048bit.txt
184242050867417,48,2,60,FOUND,11755621,15672677,1396,0,18241383212683008593,83565803349773,103417044678159,1020300,1020.3,1.0203,0.0010203,2026-02-09 23:23:51,2026-02-09 23:23:51,n_values_equal\n_values_048bit.txt
184242050867417,48,3,60,FOUND,11755621,15672677,3170,0,13541540017047278344,88630006744994,76432001230971,2307900,2307.9,2.3079,0.0023079,2026-02-09 23:23:51,2026-02-09 23:23:51,n_values_equal\n_values_048bit.txt
210531815336413,48,1,60,FOUND,15110629,13932697,2538,0,5930027184408568500,71580583262147,63829372419858,1782500,1782.5,1.7825,0.0017825,2026-02-09 23:23:51,2026-02-09 23:23:51,n_values_equal\n_values_048bit.txt
210531815336413,48,2,60,FOUND,15110629,13932697,4862,0,12579067639430751782,65273149301526,80442330396232,3546800,3546.8,3.5468,0.0035468,2026-02-09 23:23:51,2026-02-09 23:23:51,n_values_equal\n_values_048bit.txt
210531815336413,48,3,60,FOUND,15110629,13932697,2263,0,8501909576674138195,144892170211519,50480935612986,1556500,1556.5,1.5565,0.0015565,2026-02-09 23:23:51,2026-02-09 23:23:51,n_values_equal\n_values_048bit.txt
163322702043673,48,1,60,FOUND,10949639,14915807,2498,0,8861836576892138361,155907250243127,130945288287843,1700900,1700.9,1.7009,0.0017009,2026-02-09 23:23:51,2026-02-09 23:23:51,n_values_equal\n_values_048bit.txt
163322702043673,48,2,60,FOUND,10949639,14915807,3479,0,7879200041830227517,95429457563046,128402395735810,2380400,2380.4,2.3804,0.0023804,2026-02-09 23:23:51,2026-02-09 23:23:51,n_values_equal\n_values_048bit.txt
163322702043673,48,3,60,FOUND,10949639,14915807,2168,0,6104995429344560412,106715005039242,54623813318177,1776600,1776.6,1.7766,0.0017766,2026-02-09 23:23:51,2026-02-09 23:23:51,n_values_equal\n_values_048bit.txt
215137564882297,48,1,60,FOUND,13393459,16062883,3204,0,17245664649633337252,203630090622528,151258239313213,2209500,2209.5,2.2095,0.0022095,2026-02-09 23:23:51,2026-02-09 23:23:51,n_values_equal\n_values_048bit.txt
215137564882297,48,2,60,FOUND,16062883,13393459,4911,0,14402639245657053592,161145621053016,55569520290528,4602500,4602.5,4.6025,0.0046025,2026-02-09 23:23:51,2026-02-09 23:23:51,n_values_equal\n_values_048bit.txt
215137564882297,48,3,60,FOUND,16062883,13393459,924,0,3342855587515259910,130950953831526,186565797743384,639500,639.5,0.6395,0.0006395,2026-02-09 23:23:51,2026-02-09 23:23:51,n_values_equal\n_values_048bit.txt
159505810116197,48,1,60,FOUND,11255917,14170841,4756,0,4171013775072289831,116048213894487,74777425153500,3359000,3359.0,3.359,0.003359,2026-02-09 23:23:51,2026-02-09 23:23:51,n_values_equal\n_values_048bit.txt
159505810116197,48,2,60,FOUND,11255917,14170841,1281,0,17866104348267733789,16691545025024,155285808086055,931100,931.1,0.9311,0.0009311,2026-02-09 23:23:51,2026-02-09 23:23:51,n_values_equal\n_values_048bit.txt
159505810116197,48,3,60,FOUND,14170841,11255917,1488,0,14971705395223961250,45936734616814,86864879594247,1019600,1019.6,1.0196,0.0010196,2026-02-09 23:23:51,2026-02-09 23:23:51,n_values_equal\n_values_048bit.txt
173065014993307,48,1,60,FOUND,10703977,16168291,2323,0,14372193996125539451,145557781118839,38521458391852,1625100,1625.1,1.6251,0.0016251,2026-02-09 23:23:51,2026-02-09 23:23:51,n_values_equal\n_values_048bit.txt
173065014993307,48,2,60,FOUND,10703977,16168291,1295,0,14025520201117732291,111583310564701,40878586678429,890600,890.6,0.8906,0.0008906,2026-02-09 23:23:51,2026-02-09 23:23:51,n_values_equal\n_values_048bit.txt
173065014993307,48,3,60,FOUND,10703977,16168291,1920,0,12977423942640547301,118438417930354,162693584412726,1512900,1512.9,1.5129,0.0015129,2026-02-09 23:23:51,2026-02-09 23:23:51,n_values_equal\n_values_048bit.txt
201062955756827,48,1,60,FOUND,13264379,15158113,2026,0,2693852382155668750,56614048831750,21874283395407,1599300,1599.3,1.5993,0.0015993,2026-02-09 23:23:51,2026-02-09 23:23:51,n_values_equal\n_values_048bit.txt
201062955756827,48,2,60,FOUND,13264379,15158113,1150,0,4424740181372103110,108243695439634,32502605216978,779200,779.2,0.7792,0.0007792,2026-02-09 23:23:51,2026-02-09 23:23:51,n_values_equal\n_values_048bit.txt
201062955756827,48,3,60,FOUND,15158113,13264379,3124,0,16158032527753837804,17587614770602,164454527921398,2417600,2417.6,2.4176,0.0024176,2026-02-09 23:23:51,2026-02-09 23:23:51,n_values_equal\n_values_048bit.txt
255077572532953,48,1,60,FOUND,15545083,16408891,2168,0,12039961086108989979,151937641003807,57331150415238,1538300,1538.3,1.5383,0.0015383,2026-02-09 23:23:51,2026-02-09 23:23:51,n_values_equal\n_values_048bit.txt
255077572532953,48,2,60,FOUND,16408891,15545083,6055,0,18278617476139205527,199140654766592,37970048664981,4283400,4283.4,4.2834,0.0042834,2026-02-09 23:23:51,2026-02-09 23:23:51,n_values_equal\n_values_048bit.txt
255077572532953,48,3,60,FOUND,16408891,15545083,3816,0,9631683788414356673,188944379049333,217792038327415,2688000,2688.0,2.688,0.002688,2026-02-09 23:23:51,2026-02-09 23:23:51,n_values_equal\n_values_048bit.txt
184668274467967,48,1,60,FOUND,14050969,13142743,3796,0,3423869655231102142,15497174621736,56257914886297,2760800,2760.8,2.7608,0.0027608,2026-02-09 23:23:51,2026-02-09 23:23:51,n_values_equal\n_values_048bit.txt
184668274467967,48,2,60,FOUND,14050969,13142743,2387,0,18150975038151078169,128147128840917,97447901516142,1698100,1698.1,1.6981,0.0016981,2026-02-09 23:23:51,2026-02-09 23:23:51,n_values_equal\n_values_048bit.txt
184668274467967,48,3,60,FOUND,13142743,14050969,3350,0,9134397818046091376,140949394919320,104815891958652,2571200,2571.2,2.5712,0.0025712,2026-02-09 23:23:51,2026-02-09 23:23:51,n_values_equal\n_values_048bit.txt
3483648322291141,52,1,60,FOUND,55071073,63257317,5681,0,16066153238413315046,2587619998990843,3083879915958976,3871900,3871.9,3.8719,0.0038719,2026-02-09 23:23:51,2026-02-09 23:23:51,n_values_equal\n_values_052bit.txt
3483648322291141,52,2,60,FOUND,63257317,55071073,5296,0,11758882861214431775,40005993746739,439102750670190,3575600,3575.6,3.5756,0.0035756,2026-02-09 23:23:51,2026-02-09 23:23:51,n_values_equal\n_values_052bit.txt
3483648322291141,52,3,60,FOUND,55071073,63257317,5187,0,2563234770783223964,3213735995929809,3138476828542525,3730200,3730.2,3.7302,0.0037302,2026-02-09 23:23:51,2026-02-09 23:23:51,n_values_equal\n_values_052bit.txt
3405814831548583,52,1,60,FOUND,66535939,51187597,4816,0,10587341377468752143,892382794342033,434661687611052,3883600,3883.6,3.8836,0.0038836,2026-02-09 23:23:51,2026-02-09 23:23:51,n_values_equal\n_values_052bit.txt
3405814831548583,52,2,60,FOUND,51187597,66535939,12812,0,3564591865436663898,1178074158617050,2107434127226000,8968500,8968.5,8.9685,0.0089685,2026-02-09 23:23:51,2026-02-09 23:23:51,n_values_equal\n_values_052bit.txt
3405814831548583,52,3,60,FOUND,51187597,66535939,5700,0,4782718693581237910,20177770827801,1938565048162567,6618900,6618.9,6.6189,0.0066189,2026-02-09 23:23:51,2026-02-09 23:23:51,n_values_equal\n_values_052bit.txt
2720894186765453,52,1,60,FOUND,57099149,47652097,9610,0,4302515227044718492,1826764744645122,1294283079749047,7531500,7531.5,7.5315,0.0075315,2026-02-09 23:23:51,2026-02-09 23:23:51,n_values_equal\n_values_052bit.txt
2720894186765453,52,2,60,FOUND,57099149,47652097,7455,0,1912508107326964749,632632556118086,952228961401314,5693400,5693.4,5.6934,0.0056934,2026-02-09 23:23:51,2026-02-09 23:23:51,n_values_equal\n_values_052bit.txt
2720894186765453,52,3,60,FOUND,47652097,57099149,1806,0,3386116478570438468,1684180383173839,1896237835891437,1368500,1368.5,1.3685,0.0013685,2026-02-09 23:23:51,2026-02-09 23:23:51,n_values_equal\n_values_052bit.txt
3053988422755289,52,1,60,FOUND,49060877,62248957,2484,0,3778722919797581190,2122171425054245,980268204896393,1806800,1806.8,1.8068,0.0018068,2026-02-09 23:23:51,2026-02-09 23:23:51,n_values_equal\n_values_052bit.txt
3053988422755289,52,2,60,FOUND,49060877,62248957,4743,0,813812796045144840,2806514430914295,1241245814535617,3523100,3523.1,3.5231,0.0035231,2026-02-09 23:23:51,2026-02-09 23:23:51,n_values_equal\n_values_052bit.txt
3053988422755289,52,3,60,FOUND,49060877,62248957,3929,0,7321846762212970779,2052826812286388,1645849544509854,2867700,2867.7,2.8677,0.0028677,2026-02-09 23:23:51,2026-02-09 23:23:51,n_values_equal\n_values_052bit.txt
3963601494436217,52,1,60,FOUND,65951843,60098419,4543,0,4997283296239826429,2459825524949187,867429771850045,3227200,3227.2,3.2272,0.0032272,2026-02-09 23:23:51,2026-02-09 23:23:51,n_values_equal\n_values_052bit.txt
3963601494436217,52,2,60,FOUND,65951843,60098419,8676,0,5275955430010205729,2450598149843974,965823355088174,6485000,6485.0,6.485,0.006485,2026-02-09 23:23:51,2026-02-09 23:23:51,n_values_equal\n_values_052bit.txt
3963601494436217,52,3,60,FOUND,60098419,65951843,10232,0,16875544596039788302,1499651367454136,561906881681736,7329500,7329.5,7.3295,0.0073295,2026-02-09 23:23:51,2026-02-09 23:23:51,n_values_equal\n_values_052bit.txt
3071985007803539,52,1,60,FOUND,64209209,47843371,9534,0,13747532231726972179,428460286865744,1713192539468805,7300400,7300.4,7.3004,0.0073004,2026-02-09 23:23:51,2026-02-09 23:23:51,n_values_equal\n_values_052bit.txt
3071985007803539,52,2,60,FOUND,47843371,64209209,4338,0,13725232854637817521,1937357880558331,991682745146550,3205300,3205.3,3.2053,0.0032053,2026-02-09 23:23:51,2026-02-09 23:23:51,n_values_equal\n_values_052bit.txt
3071985007803539,52,3,60,FOUND,64209209,47843371,1255,0,3117463764863038123,1245780385227190,1733767358603054,925200,925.2,0.9252,0.0009252,2026-02-09 23:23:51,2026-02-09 23:23:51,n_values_equal\n_values_052bit.txt
2882696092633151,52,1,60,FOUND,51440567,56039353,2126,0,1510164134753843181,2414812334463055,536473694888400,1536400,1536.4,1.5364,0.0015364,2026-02-09 23:23:51,2026-02-09 23:23:51,n_values_equal\n_values_052bit.txt
2882696092633151,52,2,60,FOUND,51440567,56039353,4256,0,7269337943022794363,350030769258911,1855861106100902,3012600,3012.6,3.0126,0.0030126,2026-02-09 23:23:51,2026-02-09 23:23:51,n_values_equal\n_values_052bit.txt
2882696092633151,52,3,60,FOUND,51440567,56039353,5840,0,18303251159336430768,2064453295245592,1005195268795624,4505600,4505.6,4.5056,0.0045056,2026-02-09 23:23:51,2026-02-09 23:23:51,n_values_equal\n_values_052bit.txt
2915513407476233,52,1,60,FOUND,59204381,49244893,7142,0,12141082110259959769,704432161363532,2912815895768117,5305600,5305.6,5.3056,0.0053056,2026-02-09 23:23:51,2026-02-09 23:23:51,n_values_equal\n_values_052bit.txt
2915513407476233,52,2,60,FOUND,49244893,59204381,2512,0,6615924665870642387,661175033570414,1843649154133199,1842400,1842.4,1.8424,0.0018424,2026-02-09 23:23:51,2026-02-09 23:23:51,n_values_equal\n_values_052bit.txt
2915513407476233,52,3,60,FOUND,59204381,49244893,590,0,13679902603887408564,56903508516691,1464509051751263,440000,440.0,0.44,0.00044,2026-02-09 23:23:51,2026-02-09 23:23:51,n_values_equal\n_values_052bit.txt
2519912315304529,52,1,60,FOUND,47596333,52943413,3021,0,16248455076773439622,2518706781266201,1855281935657802,2171000,2171.0,2.171,0.002171,2026-02-09 23:23:51,2026-02-09 23:23:51,n_values_equal\n_values_052bit.txt
2519912315304529,52,2,60,FOUND,52943413,47596333,1601,0,1866114780344940138,1290378043459311,1962841783979241,1161200,1161.2,1.1612,0.0011612,2026-02-09 23:23:51,2026-02-09 23:23:51,n_values_equal\n_values_052bit.txt
2519912315304529,52,3,60,FOUND,52943413,47596333,3892,0,3619039125983123955,2228951663108534,459634660157305,2816300,2816.3,2.8163,0.0028163,2026-02-09 23:23:51,2026-02-09 23:23:51,n_values_equal\n_values_052bit.txt
3048850487438291,52,1,60,FOUND,56584921,53880971,1888,0,18164162016686939518,1902814720762369,2987294905553367,1564600,1564.6,1.5646,0.0015646,2026-02-09 23:23:51,2026-02-09 23:23:51,n_values_equal\n_values_052bit.txt
3048850487438291,52,2,60,FOUND,53880971,56584921,1476,0,17259447863603034259,1665410972761736,190894328995452,1045300,1045.3,1.0453,0.0010453,2026-02-09 23:23:51,2026-02-09 23:23:51,n_values_equal\n_values_052bit.txt
3048850487438291,52,3,60,FOUND,53880971,56584921,4136,0,97498163328951387,2034293183056177,3046074082785921,2884600,2884.6,2.8846,0.0028846,2026-02-09 23:23:51,2026-02-09 23:23:51,n_values_equal\n_values_052bit.txt
2702452279177901,52,1,60,FOUND,61472987,43961623,5294,0,4100034822965286776,2203591382082634,1522937918059911,3834400,3834.4,3.8344,0.0038344,2026-02-09 23:23:51,2026-02-09 23:23:51,n_values_equal\n_values_052bit.txt
2702452279177901,52,2,60,FOUND,43961623,61472987,10580,0,616224062950458686,1098884168049727,1524669638472454,8224100,8224.1,8.2241,0.0082241,2026-02-09 23:23:51,2026-02-09 23:23:51,n_values_equal\n_values_052bit.txt
2702452279177901,52,3,60,FOUND,43961623,61472987,1918,0,7930947900681696469,1537366545601058,991262671763966,1577900,1577.9,1.5779,0.0015779,2026-02-09 23:23:51,2026-02-09 23:23:51,n_values_equal\n_values_052bit.txt
3299753494960453,52,1,60,FOUND,61033129,54064957,2952,0,16911896020240807147,2098193368609387,408654997061696,2170500,2170.5,2.1705,0.0021705,2026-02-09 23:23:51,2026-02-09 23:23:51,n_values_equal\n_values_052bit.txt
3299753494960453,52,2,60,FOUND,61033129,54064957,7264,0,5819335919556887151,1095935026055730,248600798432309,5313200,5313.2,5.3132,0.0053132,2026-02-09 23:23:51,2026-02-09 23:23:51,n_values_equal\n_values_052bit.txt
3299753494960453,52,3,60,FOUND,54064957,61033129,2484,0,5518438328059794609,2594556155929336,3250042255560296,1812300,1812.3,1.8123,0.0018123,2026-02-09 23:23:51,2026-02-09 23:23:51,n_values_equal\n_values_052bit.txt
3209766114149083,52,1,60,FOUND,59372153,54061811,3740,0,2044743620276196970,2562264494843320,1778675595554348,2929700,2929.7,2.9297,0.0029297,2026-02-09 23:23:51,2026-02-09 23:23:51,n_values_equal\n_values_052bit.txt
3209766114149083,52,2,60,FOUND,59372153,54061811,7482,0,15875570701547379762,1681446304370051,1026147739884070,6196200,6196.2,6.1962,0.0061962,2026-02-09 23:23:51,2026-02-09 23:23:51,n_values_equal\n_values_052bit.txt
3209766114149083,52,3,60,FOUND,59372153,54061811,6698,0,10903387817467032356,3048374880901058,1801204169263527,4804100,4804.1,4.8041,0.0048041,2026-02-09 23:23:51,2026-02-09 23:23:51,n_values_equal\n_values_052bit.txt
2835429334801279,52,1,60,FOUND,43820393,64705703,6670,0,2787494469185113117,284368453673712,612223538156058,5314600,5314.6,5.3146,0.0053146,2026-02-09 23:23:51,2026-02-09 23:23:51,n_values_equal\n_values_052bit.txt
2835429334801279,52,2,60,FOUND,43820393,64705703,4900,0,8696760789999823488,2332617179196691,2228269745731817,3431200,3431.2,3.4312,0.0034312,2026-02-09 23:23:51,2026-02-09 23:23:51,n_values_equal\n_values_052bit.txt
2835429334801279,52,3,60,FOUND,64705703,43820393,2672,0,2712903811102492791,1782811715673383,466626821255554,1935600,1935.6,1.9356,0.0019356,2026-02-09 23:23:51,2026-02-09 23:23:51,n_values_equal\n_values_052bit.txt
2886353681546089,52,1,60,FOUND,65229259,44249371,4688,0,14749049589122199654,253706566365478,2049584365464701,3379200,3379.2,3.3792,0.0033792,2026-02-09 23:23:51,2026-02-09 23:23:51,n_values_equal\n_values_052bit.txt
2886353681546089,52,2,60,FOUND,44249371,65229259,6254,0,6299747788342397983,105378618071714,2743735865516523,4631000,4631.0,4.631,0.004631,2026-02-09 23:23:51,2026-02-09 23:23:51,n_values_equal\n_values_052bit.txt
2886353681546089,52,3,60,FOUND,44249371,65229259,2570,0,12673894281386858326,1815662837952678,570006118870091,2217900,2217.9,2.2179,0.0022179,2026-02-09 23:23:51,2026-02-09 23:23:51,n_values_equal\n_values_052bit.txt
2672743288192771,52,1,60,FOUND,46327901,57691871,8003,0,11131182585294435460,1677989853280965,1110483017378040,7495000,7495.0,7.495,0.007495,2026-02-09 23:23:51,2026-02-09 23:23:51,n_values_equal\n_values_052bit.txt
2672743288192771,52,2,60,FOUND,57691871,46327901,5450,0,14318706397597834210,2219475725081528,1370895514910204,4057700,4057.7,4.0577,0.0040577,2026-02-09 23:23:51,2026-02-09 23:23:51,n_values_equal\n_values_052bit.txt
2672743288192771,52,3,60,FOUND,46327901,57691871,10024,0,6616777243989206,1841022150765592,138597452946387,8588200,8588.2,8.5882,0.0085882,2026-02-09 23:23:51,2026-02-09 23:23:51,n_values_equal\n_values_052bit.txt
3604229486662067,52,1,60,FOUND,56212103,64118389,4728,0,17765286058044602947,791660306532650,3556726257209621,3702700,3702.7,3.7027,0.0037027,2026-02-09 23:23:51,2026-02-09 23:23:51,n_values_equal\n_values_052bit.txt
3604229486662067,52,2,60,FOUND,56212103,64118389,7536,0,5539035247543574555,2403071820301540,680226966680758,5571200,5571.2,5.5712,0.0055712,2026-02-09 23:23:51,2026-02-09 23:23:51,n_values_equal\n_values_052bit.txt
3604229486662067,52,3,60,FOUND,56212103,64118389,3954,0,1491718286634325102,2148777671944768,2950753883433098,2897000,2897.0,2.897,0.002897,2026-02-09 23:23:51,2026-02-09 23:23:51,n_values_equal\n_values_052bit.txt
3259747916085917,52,1,60,FOUND,65734079,49589923,8241,0,17044592620707749120,2850356380064102,3217518968596889,5880500,5880.5,5.8805,0.0058805,2026-02-09 23:23:51,2026-02-09 23:23:51,n_values_equal\n_values_052bit.txt
3259747916085917,52,2,60,FOUND,65734079,49589923,10329,0,4034496025446601115,1796964558499958,414179153755097,7575100,7575.1,7.5751,0.0075751,2026-02-09 23:23:51,2026-02-09 23:23:51,n_values_equal\n_values_052bit.txt
3259747916085917,52,3,60,FOUND,65734079,49589923,5058,0,10607659445143859164,357581927451040,2965320871659009,3594400,3594.4,3.5944,0.0035944,2026-02-09 23:23:51,2026-02-09 23:23:51,n_values_equal\n_values_052bit.txt
2922810340393129,52,1,60,FOUND,56644271,51599399,1441,0,11158318950117955598,306722530307913,339373751989593,1034900,1034.9,1.0349,0.0010349,2026-02-09 23:23:51,2026-02-09 23:23:51,n_values_equal\n_values_052bit.txt
2922810340393129,52,2,60,FOUND,56644271,51599399,11664,0,7077356674680257623,439185009023816,2329297428751478,8330200,8330.2,8.3302,0.0083302,2026-02-09 23:23:51,2026-02-09 23:23:51,n_values_equal\n_values_052bit.txt
2922810340393129,52,3,60,FOUND,51599399,56644271,3072,0,8337160134889078805,2835030298415641,163139873306671,2153100,2153.1,2.1531,0.0021531,2026-02-09 23:23:51,2026-02-09 23:23:51,n_values_equal\n_values_052bit.txt
2562042275497561,52,1,60,FOUND,40485539,63282899,1728,0,9392546034226229760,381175684221142,2175874386897486,1276300,1276.3,1.2763,0.0012763,2026-02-09 23:23:51,2026-02-09 23:23:51,n_values_equal\n_values_052bit.txt
2562042275497561,52,2,60,FOUND,40485539,63282899,6846,0,2382551422284824438,2511122164944540,1399218438073708,4959200,4959.2,4.9592,0.0049592,2026-02-09 23:23:51,2026-02-09 23:23:51,n_values_equal\n_values_052bit.txt
2562042275497561,52,3,60,FOUND,63282899,40485539,7242,0,10033616329389199323,345152915067304,1005701103981791,5508100,5508.1,5.5081,0.0055081,2026-02-09 23:23:51,2026-02-09 23:23:51,n_values_equal\n_values_052bit.txt
2654500605502643,52,1,60,FOUND,62966587,42157289,7685,0,10427461763735833626,1742799546444974,448095667213619,5827000,5827.0,5.827,0.005827,2026-02-09 23:23:51,2026-02-09 23:23:51,n_values_equal\n_values_052bit.txt
2654500605502643,52,2,60,FOUND,62966587,42157289,588,0,6593061690010798391,938959721289230,1626066993293999,435100,435.1,0.4351,0.0004351,2026-02-09 23:23:51,2026-02-09 23:23:51,n_values_equal\n_values_052bit.txt
2654500605502643,52,3,60,FOUND,42157289,62966587,8430,0,11677563744261967767,237642152349071,1393902716732672,6152000,6152.0,6.152,0.006152,2026-02-09 23:23:51,2026-02-09 23:23:51,n_values_equal\n_values_052bit.txt
2559846747935227,52,1,60,FOUND,57671857,44386411,5023,0,14187372847205517216,2008726708253863,371482280067796,3574100,3574.1,3.5741,0.0035741,2026-02-09 23:23:51,2026-02-09 23:23:51,n_values_equal\n_values_052bit.txt
2559846747935227,52,2,60,FOUND,57671857,44386411,3117,0,4823199908896029528,2359957123009647,2089850222390882,2618200,2618.2,2.6182,0.0026182,2026-02-09 23:23:51,2026-02-09 23:23:51,n_values_equal\n_values_052bit.txt
2559846747935227,52,3,60,FOUND,44386411,57671857,2113,0,16117791275340008229,1469701358625241,2017355701185836,1538000,1538.0,1.538,0.001538,2026-02-09 23:23:51,2026-02-09 23:23:51,n_values_equal\n_values_052bit.txt
3088225413969373,52,1,60,FOUND,54519121,56644813,1951,0,16975984797549695997,2456866572833300,58344247982702,1459100,1459.1,1.4591,0.0014591,2026-02-09 23:23:51,2026-02-09 23:23:51,n_values_equal\n_values_052bit.txt
3088225413969373,52,2,60,FOUND,56644813,54519121,5964,0,2388053037995978367,2504687105200220,465083193417137,4265700,4265.7,4.2657,0.0042657,2026-02-09 23:23:51,2026-02-09 23:23:51,n_values_equal\n_values_052bit.txt
3088225413969373,52,3,60,FOUND,54519121,56644813,2720,0,2316316938414738669,1962084306226775,1646939457102943,1933800,1933.8,1.9338,0.0019338,2026-02-09 23:23:51,2026-02-09 23:23:51,n_values_equal\n_values_052bit.txt
3965581003623529,52,1,60,FOUND,63688237,62265517,6245,0,17246485383232643289,2781838404003034,2972305879506287,4734200,4734.2,4.7342,0.0047342,2026-02-09 23:23:51,2026-02-09 23:23:51,n_values_equal\n_values_052bit.txt
3965581003623529,52,2,60,FOUND,63688237,62265517,1640,0,5183053019862015361,2848032902750484,179262905593307,1176000,1176.0,1.176,0.001176,2026-02-09 23:23:51,2026-02-09 23:23:51,n_values_equal\n_values_052bit.txt
3965581003623529,52,3,60,FOUND,62265517,63688237,10336,0,17078412321285628718,1124347677660789,805504990074224,7380200,7380.2,7.3802,0.0073802,2026-02-09 23:23:51,2026-02-09 23:23:51,n_values_equal\n_values_052bit.txt
3596448308627477,52,1,60,FOUND,53912609,66708853,919,0,2977159105932531316,2760839978453911,3132323064222038,682600,682.6,0.6826,0.0006826,2026-02-09 23:23:51,2026-02-09 23:23:51,n_values_equal\n_values_052bit.txt
3596448308627477,52,2,60,FOUND,66708853,53912609,5278,0,1514109617763972149,237051662740591,2083340322692272,3839800,3839.8,3.8398,0.0038398,2026-02-09 23:23:51,2026-02-09 23:23:51,n_values_equal\n_values_052bit.txt
3596448308627477,52,3,60,FOUND,53912609,66708853,4066,0,15309618397032331288,2377331054001149,3544390465483481,3069100,3069.1,3.0691,0.0030691,2026-02-09 23:23:51,2026-02-09 23:23:51,n_values_equal\n_values_052bit.txt
57439439713562509,56,1,60,FOUND,234694907,244740887,8222,0,7512322731796272351,23010492144792427,50522095962759009,6727800,6727.8,6.7278,0.0067278,2026-02-09 23:23:51,2026-02-09 23:23:51,n_values_equal\n_values_056bit.txt
57439439713562509,56,2,60,FOUND,234694907,244740887,4878,0,1546436957843605197,2279827481894998,54247942947380305,3355300,3355.3,3.3553,0.0033553,2026-02-09 23:23:51,2026-02-09 23:23:51,n_values_equal\n_values_056bit.txt
57439439713562509,56,3,60,FOUND,234694907,244740887,7001,0,11720816928333246601,45116853342753210,10112895873946614,8601800,8601.8,8.6018,0.0086018,2026-02-09 23:23:51,2026-02-09 23:23:51,n_values_equal\n_values_056bit.txt
49230274896394777,56,1,60,FOUND,184739761,266484457,13871,0,5093368252376389799,27168374923339356,1010515964971692,10419900,10419.9,10.4199,0.0104199,2026-02-09 23:23:51,2026-02-09 23:23:51,n_values_equal\n_values_056bit.txt
49230274896394777,56,2,60,FOUND,184739761,266484457,3402,0,11981488342411325702,23051456531254316,32380707496849181,2550600,2550.6,2.5506,0.0025506,2026-02-09 23:23:51,2026-02-09 23:23:51,n_values_equal\n_values_056bit.txt
49230274896394777,56,3,60,FOUND,184739761,266484457,20289,0,16328072888909157219,42332530796205212,50979198430129,15578600,15578.6,15.5786,0.0155786,2026-02-09 23:23:51,2026-02-09 23:23:51,n_values_equal\n_values_056bit.txt
38214786894646727,56,1,60,FOUND,244308661,156420107,19878,0,15146711047315970063,11336527119985471,4952740081550026,15990600,15990.6,15.9906,0.0159906,2026-02-09 23:23:51,2026-02-09 23:23:51,n_values_equal\n_values_056bit.txt
38214786894646727,56,2,60,FOUND,244308661,156420107,7797,0,9303960684991626423,14039903821401125,10773357487530312,5866600,5866.6,5.8666,0.0058666,2026-02-09 23:23:51,2026-02-09 23:23:51,n_values_equal\n_values_056bit.txt
38214786894646727,56,3,60,FOUND,156420107,244308661,11762,0,17894381139778145466,883688268530478,4636041763895845,11300200,11300.2,11.3002,0.0113002,2026-02-09 23:23:51,2026-02-09 23:23:51,n_values_equal\n_values_056bit.txt
41975704182785827,56,1,60,FOUND,204597269,205162583,4434,0,10139369512453624946,7696979903956125,21142424006031779,3643000,3643.0,3.643,0.003643,2026-02-09 23:23:51,2026-02-09 23:23:51,n_values_equal\n_values_056bit.txt
41975704182785827,56,2,60,FOUND,205162583,204597269,11326,0,17212753724435235415,23556449029898190,21144187707178035,8645500,8645.5,8.6455,0.0086455,2026-02-09 23:23:51,2026-02-09 23:23:51,n_values_equal\n_values_056bit.txt
41975704182785827,56,3,60,FOUND,205162583,204597269,13388,0,11872750566590164302,25207866486033302,35921015420419598,11474700,11474.7,11.4747,0.0114747,2026-02-09 23:23:51,2026-02-09 23:23:51,n_values_equal\n_values_056bit.txt
46977033121683389,56,1,60,FOUND,253627901,185220289,21258,0,10232673347564180783,39601176608737855,35300918618788771,16103500,16103.5,16.1035,0.0161035,2026-02-09 23:23:51,2026-02-09 23:23:51,n_values_equal\n_values_056bit.txt
46977033121683389,56,2,60,FOUND,185220289,253627901,8232,0,7157717573428229038,45216660169958161,203135868364301,6085700,6085.7,6.0857,0.0060857,2026-02-09 23:23:51,2026-02-09 23:23:51,n_values_equal\n_values_056bit.txt
46977033121683389,56,3,60,FOUND,253627901,185220289,8430,0,17372567342504865646,17780541958157470,9293658290676008,6250700,6250.7,6.2507,0.0062507,2026-02-09 23:23:51,2026-02-09 23:23:51,n_values_equal\n_values_056bit.txt
54403313381973923,56,1,60,FOUND,206532721,263412563,11409,0,3957334995634038695,27399699983668528,42841055787606013,8385400,8385.4,8.3854,0.0083854,2026-02-09 23:23:51,2026-02-09 23:23:51,n_values_equal\n_values_056bit.txt
54403313381973923,56,2,60,FOUND,263412563,206532721,5004,0,8177249387933424650,51128414052292247,3510107487471812,3631200,3631.2,3.6312,0.0036312,2026-02-09 23:23:51,2026-02-09 23:23:51,n_values_equal\n_values_056bit.txt
54403313381973923,56,3,60,FOUND,206532721,263412563,7905,0,17196178976989467321,30830197477782769,21375977435330050,5826300,5826.3,5.8263,0.0058263,2026-02-09 23:23:51,2026-02-09 23:23:51,n_values_equal\n_values_056bit.txt
47583963469357999,56,1,60,FOUND,265645921,179125519,3094,0,2773535403367312131,5657682718352327,8179077721397968,2306700,2306.7,2.3067,0.0023067,2026-02-09 23:23:51,2026-02-09 23:23:51,n_values_equal\n_values_056bit.txt
47583963469357999,56,2,60,FOUND,179125519,265645921,14833,0,7498343961182056450,43994770697921842,24585609880694196,11043200,11043.2,11.0432,0.0110432,2026-02-09 23:23:51,2026-02-09 23:23:51,n_values_equal\n_values_056bit.txt
47583963469357999,56,3,60,FOUND,179125519,265645921,7392,0,9578696799390098616,14235958941910319,37393749474791383,5547100,5547.1,5.5471,0.0055471,2026-02-09 23:23:51,2026-02-09 23:23:51,n_values_equal\n_values_056bit.txt
41019322418693161,56,1,60,FOUND,189524389,216432949,12940,0,4144543079898624571,13162686158005804,9595983078611617,9414800,9414.8,9.4148,0.0094148,2026-02-09 23:23:51,2026-02-09 23:23:51,n_values_equal\n_values_056bit.txt
41019322418693161,56,2,60,FOUND,216432949,189524389,8198,0,13571643251346302744,5776065299318060,39054231884257468,6020200,6020.2,6.0202,0.0060202,2026-02-09 23:23:51,2026-02-09 23:23:51,n_values_equal\n_values_056bit.txt
41019322418693161,56,3,60,FOUND,189524389,216432949,8157,0,2050822789623897640,31542415470718784,37633309485640712,5927400,5927.4,5.9274,0.0059274,2026-02-09 23:23:51,2026-02-09 23:23:51,n_values_equal\n_values_056bit.txt
37524498274402063,56,1,60,FOUND,204372601,183608263,9762,0,17022393756455445781,13234340958431585,13957378509386213,7527800,7527.8,7.5278,0.0075278,2026-02-09 23:23:51,2026-02-09 23:23:51,n_values_equal\n_values_056bit.txt
37524498274402063,56,2,60,FOUND,204372601,183608263,7795,0,17399884732680594564,25313355469913142,31044550991498075,5665900,5665.9,5.6659,0.0056659,2026-02-09 23:23:51,2026-02-09 23:23:51,n_values_equal\n_values_056bit.txt
37524498274402063,56,3,60,FOUND,204372601,183608263,8551,0,13327825046950877874,3588656203228738,27078474429800163,6185100,6185.1,6.1851,0.0061851,2026-02-09 23:23:51,2026-02-09 23:23:51,n_values_equal\n_values_056bit.txt
45879063388876507,56,1,60,FOUND,196249367,233779421,6791,0,2239509140574318394,39562241923072131,24250410284024616,5120000,5120.0,5.12,0.00512,2026-02-09 23:23:51,2026-02-09 23:23:51,n_values_equal\n_values_056bit.txt
45879063388876507,56,2,60,FOUND,233779421,196249367,15051,0,16382064540395579375,32512456754113205,22330822306662217,11248000,11248.0,11.248,0.011248,2026-02-09 23:23:51,2026-02-09 23:23:51,n_values_equal\n_values_056bit.txt
45879063388876507,56,3,60,FOUND,196249367,233779421,14912,0,11767599750428143821,17624124565974365,21003325009966670,11280200,11280.2,11.2802,0.0112802,2026-02-09 23:23:51,2026-02-09 23:23:51,n_values_equal\n_values_056bit.txt
46201315558683619,56,1,60,FOUND,207459953,222699923,5448,0,8480235848419757801,21574680265031659,2922155667182793,4793700,4793.7,4.7937,0.0047937,2026-02-09 23:23:51,2026-02-09 23:23:51,n_values_equal\n_values_056bit.txt
46201315558683619,56,2,60,FOUND,222699923,207459953,16160,0,2120403422914367725,36673095698312929,33558365848657758,12118000,12118.0,12.118,0.012118,2026-02-09 23:23:51,2026-02-09 23:23:51,n_values_equal\n_values_056bit.txt
46201315558683619,56,3,60,FOUND,207459953,222699923,9690,0,1526517766958737846,12427575360444883,26514130438377393,7493800,7493.8,7.4938,0.0074938,2026-02-09 23:23:51,2026-02-09 23:23:51,n_values_equal\n_values_056bit.txt
49552327033121911,56,1,60,FOUND,184866817,268043383,10331,0,13102483056465991918,45764119153745934,34503816709408091,8054200,8054.2,8.0542,0.0080542,2026-02-09 23:23:51,2026-02-09 23:23:51,n_values_equal\n_values_056bit.txt
49552327033121911,56,2,60,FOUND,268043383,184866817,13103,0,6378790730932122977,30529344247693032,48593805288276227,10111800,10111.8,10.1118,0.0101118,2026-02-09 23:23:51,2026-02-09 23:23:51,n_values_equal\n_values_056bit.txt
49552327033121911,56,3,60,FOUND,184866817,268043383,8659,0,15103778966726762849,30664335459807272,41122637907476505,7612000,7612.0,7.612,0.007612,2026-02-09 23:23:51,2026-02-09 23:23:51,n_values_equal\n_values_056bit.txt
38708986727436913,56,1,60,FOUND,201452191,192149743,8402,0,4556494210197495028,7725305451373977,24072408471371637,6241400,6241.4,6.2414,0.0062414,2026-02-09 23:23:51,2026-02-09 23:23:51,n_values_equal\n_values_056bit.txt
38708986727436913,56,2,60,FOUND,201452191,192149743,3917,0,7411182981603872504,3202585287513246,9058514641773642,2882300,2882.3,2.8823,0.0028823,2026-02-09 23:23:51,2026-02-09 23:23:51,n_values_equal\n_values_056bit.txt
38708986727436913,56,3,60,FOUND,201452191,192149743,8451,0,1253962442211390503,38600814350468344,12196302691789154,6899400,6899.4,6.8994,0.0068994,2026-02-09 23:23:51,2026-02-09 23:23:51,n_values_equal\n_values_056bit.txt
48959194116560251,56,1,60,FOUND,265431587,184451273,5995,0,2103309638864304639,42276106258711877,48228802391515019,4419500,4419.5,4.4195,0.0044195,2026-02-09 23:23:51,2026-02-09 23:23:51,n_values_equal\n_values_056bit.txt
48959194116560251,56,2,60,FOUND,184451273,265431587,14442,0,6790531153740442163,9692745058581606,20091787435962172,11091900,11091.9,11.0919,0.0110919,2026-02-09 23:23:51,2026-02-09 23:23:51,n_values_equal\n_values_056bit.txt
48959194116560251,56,3,60,FOUND,265431587,184451273,10164,0,13794054515167034346,291419438018567,10174700065556612,7335100,7335.1,7.3351,0.0073351,2026-02-09 23:23:51,2026-02-09 23:23:51,n_values_equal\n_values_056bit.txt
47938833667062229,56,1,60,FOUND,237924277,201487777,9435,0,5881453250718683307,10358956618901846,16002038764233297,8691300,8691.3,8.6913,0.0086913,2026-02-09 23:23:51,2026-02-09 23:23:51,n_values_equal\n_values_056bit.txt
47938833667062229,56,2,60,FOUND,201487777,237924277,18475,0,16388292164768887143,30572029936981602,5529937088243804,16549200,16549.2,16.5492,0.0165492,2026-02-09 23:23:51,2026-02-09 23:23:51,n_values_equal\n_values_056bit.txt
47938833667062229,56,3,60,FOUND,201487777,237924277,14360,0,7250291544689738916,7310994419878635,14070041535067964,11236300,11236.3,11.2363,0.0112363,2026-02-09 23:23:51,2026-02-09 23:23:52,n_values_equal\n_values_056bit.txt
36464842645412981,56,1,60,FOUND,211008059,172812559,7700,0,2543214293745536967,12523668162371148,7883076523216874,5525700,5525.7,5.5257,0.0055257,2026-02-09 23:23:52,2026-02-09 23:23:52,n_values_equal\n_values_056bit.txt
36464842645412981,56,2,60,FOUND,211008059,172812559,3728,0,5426584390391484891,11617291380392394,13483922917395229,2748900,2748.9,2.7489,0.0027489,2026-02-09 23:23:52,2026-02-09 23:23:52,n_values_equal\n_values_056bit.txt
36464842645412981,56,3,60,FOUND,172812559,211008059,3130,0,17917010099693350890,27388867250504134,4261801393733159,2301100,2301.1,2.3011,0.0023011,2026-02-09 23:23:52,2026-02-09 23:23:52,n_values_equal\n_values_056bit.txt
68578982882575199,56,1,60,FOUND,257570933,266252803,17094,0,11326383447211701721,31487863008906959,12131795170302891,12508100,12508.1,12.5081,0.0125081,2026-02-09 23:23:52,2026-02-09 23:23:52,n_values_equal\n_values_056bit.txt
68578982882575199,56,2,60,FOUND,257570933,266252803,4453,0,16125970660723528584,32018293653964939,33650548755688545,3216400,3216.4,3.2164,0.0032164,2026-02-09 23:23:52,2026-02-09 23:23:52,n_values_equal\n_values_056bit.txt
68578982882575199,56,3,60,FOUND,266252803,257570933,11258,0,12946317948262554726,25492996031171251,14670366920603582,11348000,11348.0,11.348,0.011348,2026-02-09 23:23:52,2026-02-09 23:23:52,n_values_equal\n_values_056bit.txt
50620258436206523,56,1,60,FOUND,225948439,224034557,19510,0,13916099549089224581,12318808576259606,30935326914893063,15684400,15684.4,15.6844,0.0156844,2026-02-09 23:23:52,2026-02-09 23:23:52,n_values_equal\n_values_056bit.txt
50620258436206523,56,2,60,FOUND,224034557,225948439,2810,0,12953819061639990492,29535637282159914,6518146728262375,2061600,2061.6,2.0616,0.0020616,2026-02-09 23:23:52,2026-02-09 23:23:52,n_values_equal\n_values_056bit.txt
50620258436206523,56,3,60,FOUND,225948439,224034557,5649,0,7568508459238226328,38465981147701439,10617606443195884,4242000,4242.0,4.242,0.004242,2026-02-09 23:23:52,2026-02-09 23:23:52,n_values_equal\n_values_056bit.txt
37520752530313237,56,1,60,FOUND,236990561,158321717,7717,0,16104241600379796832,8362885756389408,3980171780667326,6224900,6224.9,6.2249,0.0062249,2026-02-09 23:23:52,2026-02-09 23:23:52,n_values_equal\n_values_056bit.txt
37520752530313237,56,2,60,FOUND,236990561,158321717,7209,0,10233138073286658428,17762092572612712,10780935339636595,5299300,5299.3,5.2993,0.0052993,2026-02-09 23:23:52,2026-02-09 23:23:52,n_values_equal\n_values_056bit.txt
37520752530313237,56,3,60,FOUND,236990561,158321717,727,0,11191589393079725546,20168231470337729,14854370132547001,563400,563.4,0.5634,0.0005634,2026-02-09 23:23:52,2026-02-09 23:23:52,n_values_equal\n_values_056bit.txt
48739987734636131,56,1,60,FOUND,189578971,257095961,14578,0,16500225073419573640,11394640423069325,25210432208653243,11817500,11817.5,11.8175,0.0118175,2026-02-09 23:23:52,2026-02-09 23:23:52,n_values_equal\n_values_056bit.txt
48739987734636131,56,2,60,FOUND,257095961,189578971,5850,0,5406084968449824217,32833627508013558,21070913209537444,4405800,4405.8,4.4058,0.0044058,2026-02-09 23:23:52,2026-02-09 23:23:52,n_values_equal\n_values_056bit.txt
48739987734636131,56,3,60,FOUND,189578971,257095961,6420,0,10129846631397255114,4837144648505007,48085158333009908,5203000,5203.0,5.203,0.005203,2026-02-09 23:23:52,2026-02-09 23:23:52,n_values_equal\n_values_056bit.txt
54131632150211227,56,1,60,FOUND,205358003,263596409,6399,0,2599177610741191921,14491664803161072,48165717990654887,6620700,6620.7,6.6207,0.0066207,2026-02-09 23:23:52,2026-02-09 23:23:52,n_values_equal\n_values_056bit.txt
54131632150211227,56,2,60,FOUND,263596409,205358003,5556,0,6190073474582148937,13730244075321510,19622533706862425,4747100,4747.1,4.7471,0.0047471,2026-02-09 23:23:52,2026-02-09 23:23:52,n_values_equal\n_values_056bit.txt
54131632150211227,56,3,60,FOUND,263596409,205358003,12184,0,17483667445120100346,27886426056546804,105084947447047,10702900,10702.9,10.7029,0.0107029,2026-02-09 23:23:52,2026-02-09 23:23:52,n_values_equal\n_values_056bit.txt
43155500105104729,56,1,60,FOUND,261485233,165039913,3415,0,3643753223767212132,16026300533337560,41839916733687200,2503200,2503.2,2.5032,0.0025032,2026-02-09 23:23:52,2026-02-09 23:23:52,n_values_equal\n_values_056bit.txt
43155500105104729,56,2,60,FOUND,165039913,261485233,4781,0,15805700717677974101,6592108073872269,298188186828468,3507700,3507.7,3.5077,0.0035077,2026-02-09 23:23:52,2026-02-09 23:23:52,n_values_equal\n_values_056bit.txt
43155500105104729,56,3,60,FOUND,165039913,261485233,16306,0,5168887986419606158,42918231097760048,28621706097503155,12159800,12159.8,12.1598,0.0121598,2026-02-09 23:23:52,2026-02-09 23:23:52,n_values_equal\n_values_056bit.txt
36172095964075333,56,1,60,FOUND,146466197,246965489,3271,0,18048250537033629552,6549913459657246,4001384696362309,2424600,2424.6,2.4246,0.0024246,2026-02-09 23:23:52,2026-02-09 23:23:52,n_values_equal\n_values_056bit.txt
36172095964075333,56,2,60,FOUND,246965489,146466197,5794,0,8201874387924108705,30291224314073878,13096628841777248,4441700,4441.7,4.4417,0.0044417,2026-02-09 23:23:52,2026-02-09 23:23:52,n_values_equal\n_values_056bit.txt
36172095964075333,56,3,60,FOUND,146466197,246965489,4924,0,12585794902390973448,20029273692144705,31864432177172251,3736800,3736.8,3.7368,0.0037368,2026-02-09 23:23:52,2026-02-09 23:23:52,n_values_equal\n_values_056bit.txt
37111083812050453,56,1,60,FOUND,223484111,166056923,12715,0,13629156727339871480,34837759434723050,25762182193254557,11246600,11246.6,11.2466,0.0112466,2026-02-09 23:23:52,2026-02-09 23:23:52,n_values_equal\n_values_056bit.txt
37111083812050453,56,2,60,FOUND,223484111,166056923,6386,0,17558243265008492299,10479113007486112,2876017271781279,4693800,4693.8,4.6938,0.0046938,2026-02-09 23:23:52,2026-02-09 23:23:52,n_values_equal\n_values_056bit.txt
37111083812050453,56,3,60,FOUND,223484111,166056923,4413,0,12178086470621414258,13139885341444164,226276857852224,4119500,4119.5,4.1195,0.0041195,2026-02-09 23:23:52,2026-02-09 23:23:52,n_values_equal\n_values_056bit.txt
49717905213378343,56,1,60,FOUND,208109081,238903103,5839,0,11561280793085351058,16048113608567273,12481462061565408,4329700,4329.7,4.3297,0.0043297,2026-02-09 23:23:52,2026-02-09 23:23:52,n_values_equal\n_values_056bit.txt
49717905213378343,56,2,60,FOUND,238903103,208109081,3691,0,17995878693094246964,6663001945501824,20440202364208220,3510000,3510.0,3.51,0.00351,2026-02-09 23:23:52,2026-02-09 23:23:52,n_values_equal\n_values_056bit.txt
49717905213378343,56,3,60,FOUND,208109081,238903103,7318,0,3665813760290645113,45797608883817634,14066641402360300,5486300,5486.3,5.4863,0.0054863,2026-02-09 23:23:52,2026-02-09 23:23:52,n_values_equal\n_values_056bit.txt
597829995932403877,60,1,60,FOUND,696561409,858258853,21072,0,4025070319500688045,234868264212998910,216133120602492475,16525000,16525.0,16.525,0.016525,2026-02-09 23:23:52,2026-02-09 23:23:52,n_values_equal\n_values_060bit.txt
597829995932403877,60,2,60,FOUND,858258853,696561409,11992,0,7908098901567584792,257601557544677884,414423103787172790,10181800,10181.8,10.1818,0.0101818,2026-02-09 23:23:52,2026-02-09 23:23:52,n_values_equal\n_values_060bit.txt
597829995932403877,60,3,60,FOUND,858258853,696561409,17010,0,14696948155461414753,589738057480038842,360488329713145843,14227400,14227.4,14.2274,0.0142274,2026-02-09 23:23:52,2026-02-09 23:23:52,n_values_equal\n_values_060bit.txt
949394768691512489,60,1,60,FOUND,895821907,1059803027,28356,0,8324524677704999861,547261395452033030,794063978571617957,23624300,23624.3,23.6243,0.0236243,2026-02-09 23:23:52,2026-02-09 23:23:52,n_values_equal\n_values_060bit.txt
949394768691512489,60,2,60,FOUND,895821907,1059803027,24940,0,4845496957833023530,801299205008999109,292815102792307614,19010900,19010.9,19.0109,0.0190109,2026-02-09 23:23:52,2026-02-09 23:23:52,n_values_equal\n_values_060bit.txt
949394768691512489,60,3,60,FOUND,895821907,1059803027,20052,0,4696660119676502428,740301981902408389,616900239605183454,15239300,15239.3,15.2393,0.0152393,2026-02-09 23:23:52,2026-02-09 23:23:52,n_values_equal\n_values_060bit.txt
685208407240354163,60,1,60,FOUND,670574111,1021823533,21195,0,8078411221668173875,391768952395124567,305892330107929509,16418700,16418.7,16.4187,0.0164187,2026-02-09 23:23:52,2026-02-09 23:23:52,n_values_equal\n_values_060bit.txt
685208407240354163,60,2,60,FOUND,1021823533,670574111,32464,0,9392876404530961443,370071009417587471,630885455217964117,25805100,25805.1,25.8051,0.0258051,2026-02-09 23:23:52,2026-02-09 23:23:52,n_values_equal\n_values_060bit.txt
685208407240354163,60,3,60,FOUND,670574111,1021823533,22077,0,7420664779483744085,516086335062190653,320636466351467560,17457200,17457.2,17.4572,0.0174572,2026-02-09 23:23:52,2026-02-09 23:23:52,n_values_equal\n_values_060bit.txt
665048628310614833,60,1,60,FOUND,664352389,1001047997,24214,0,10047423058740227900,189258745967811147,283344730348615918,18825500,18825.5,18.8255,0.0188255,2026-02-09 23:23:52,2026-02-09 23:23:52,n_values_equal\n_values_060bit.txt
665048628310614833,60,2,60,FOUND,664352389,1001047997,14276,0,6642750472524057259,554841873729216255,591366967651652925,10383400,10383.4,10.3834,0.0103834,2026-02-09 23:23:52,2026-02-09 23:23:52,n_values_equal\n_values_060bit.txt
665048628310614833,60,3,60,FOUND,664352389,1001047997,4458,0,1580202566216233263,356800870757721628,57964055646383466,4299400,4299.4,4.2994,0.0042994,2026-02-09 23:23:52,2026-02-09 23:23:52,n_values_equal\n_values_060bit.txt
919848272385496067,60,1,60,FOUND,959602003,958572689,13098,0,15921088886066830148,334401043272509564,912525951215737218,11374100,11374.1,11.3741,0.0113741,2026-02-09 23:23:52,2026-02-09 23:23:52,n_values_equal\n_values_060bit.txt
919848272385496067,60,2,60,FOUND,959602003,958572689,30149,0,14664332201174746279,292270311270197741,112431075401401721,22480200,22480.2,22.4802,0.0224802,2026-02-09 23:23:52,2026-02-09 23:23:52,n_values_equal\n_values_060bit.txt
919848272385496067,60,3,60,FOUND,959602003,958572689,16194,0,11553037950982168529,102388814406081693,706771699485889246,12184500,12184.5,12.1845,0.0121845,2026-02-09 23:23:52,2026-02-09 23:23:52,n_values_equal\n_values_060bit.txt
723975105448038583,60,1,60,FOUND,703448269,1029180307,22528,0,4014913490565008295,85307779536642929,393476902774779860,16583200,16583.2,16.5832,0.0165832,2026-02-09 23:23:52,2026-02-09 23:23:52,n_values_equal\n_values_060bit.txt
723975105448038583,60,2,60,FOUND,1029180307,703448269,24953,0,16703231960089607881,41777933640428655,38352907655254346,19109900,19109.9,19.1099,0.0191099,2026-02-09 23:23:52,2026-02-09 23:23:52,n_values_equal\n_values_060bit.txt
723975105448038583,60,3,60,FOUND,1029180307,703448269,12069,0,6820959918672522192,165987673074315927,91032025593048597,8827700,8827.7,8.8277,0.0088277,2026-02-09 23:23:52,2026-02-09 23:23:52,n_values_equal\n_values_060bit.txt
605968021138697137,60,1,60,FOUND,817613659,741142243,8238,0,6071317753746692382,144089791579442229,436663626621947246,6752900,6752.9,6.7529,0.0067529,2026-02-09 23:23:52,2026-02-09 23:23:52,n_values_equal\n_values_060bit.txt
605968021138697137,60,2,60,FOUND,817613659,741142243,8772,0,9882109835633703819,219474701588796886,135246359938339131,6659000,6659.0,6.659,0.006659,2026-02-09 23:23:52,2026-02-09 23:23:52,n_values_equal\n_values_060bit.txt
605968021138697137,60,3,60,FOUND,741142243,817613659,1114,0,7034326059864392794,496218762607203680,397621317637482890,817200,817.2,0.8172,0.0008172,2026-02-09 23:23:52,2026-02-09 23:23:52,n_values_equal\n_values_060bit.txt
706650698153418191,60,1,60,FOUND,939478249,752173559,18724,0,3302622791785354940,601199907053569861,391890110694005937,14744800,14744.8,14.7448,0.0147448,2026-02-09 23:23:52,2026-02-09 23:23:52,n_values_equal\n_values_060bit.txt
706650698153418191,60,2,60,FOUND,752173559,939478249,28556,0,10829371077862262272,666926475531945118,60789133608831854,21720100,21720.1,21.7201,0.0217201,2026-02-09 23:23:52,2026-02-09 23:23:52,n_values_equal\n_values_060bit.txt
706650698153418191,60,3,60,FOUND,939478249,752173559,31065,0,8883209432071870874,395542545904664130,572548590632652499,23766700,23766.7,23.7667,0.0237667,2026-02-09 23:23:52,2026-02-09 23:23:52,n_values_equal\n_values_060bit.txt
901645483896532471,60,1,60,FOUND,960947371,938288101,21141,0,14798914205304049329,379652674179001524,650710506415053733,16095500,16095.5,16.0955,0.0160955,2026-02-09 23:23:52,2026-02-09 23:23:52,n_values_equal\n_values_060bit.txt
901645483896532471,60,2,60,FOUND,960947371,938288101,23634,0,4453183645321639811,869334792001905728,361039703486997895,21819100,21819.1,21.8191,0.0218191,2026-02-09 23:23:52,2026-02-09 23:23:52,n_values_equal\n_values_060bit.txt
901645483896532471,60,3,60,FOUND,960947371,938288101,6066,0,6168877503119008468,408533411551761855,238251246495581974,4801200,4801.2,4.8012,0.0048012,2026-02-09 23:23:52,2026-02-09 23:23:52,n_values_equal\n_values_060bit.txt
668573750234236661,60,1,60,FOUND,753067079,887801059,10318,0,1993053651408640968,321462002402744951,575293108731005302,8226700,8226.7,8.2267,0.0082267,2026-02-09 23:23:52,2026-02-09 23:23:52,n_values_equal\n_values_060bit.txt
668573750234236661,60,2,60,FOUND,753067079,887801059,20460,0,16915772228878760692,332782939959547420,525762117815647607,15971300,15971.3,15.9713,0.0159713,2026-02-09 23:23:52,2026-02-09 23:23:52,n_values_equal\n_values_060bit.txt
668573750234236661,60,3,60,FOUND,887801059,753067079,27229,0,16676576527062998680,63977389053939396,139595603119050285,22244500,22244.5,22.2445,0.0222445,2026-02-09 23:23:52,2026-02-09 23:23:52,n_values_equal\n_values_060bit.txt
862300100536456643,60,1,60,FOUND,807670309,1067638727,22303,0,15389216054363379361,706033784043323517,458943729965828437,18548800,18548.8,18.5488,0.0185488,2026-02-09 23:23:52,2026-02-09 23:23:52,n_values_equal\n_values_060bit.txt
862300100536456643,60,2,60,FOUND,807670309,1067638727,21123,0,3704514167446522021,751468935767558659,689477209774589437,17176900,17176.9,17.1769,0.0171769,2026-02-09 23:23:52,2026-02-09 23:23:52,n_values_equal\n_values_060bit.txt
862300100536456643,60,3,60,FOUND,807670309,1067638727,4572,0,63918590487797606,522380429318842296,290901899780685600,3476500,3476.5,3.4765,0.0034765,2026-02-09 23:23:52,2026-02-09 23:23:52,n_values_equal\n_values_060bit.txt
668719786462046623,60,1,60,FOUND,1059232099,631325077,25494,0,14104633046081580259,21558156955866507,203164949106951301,19021600,19021.6,19.0216,0.0190216,2026-02-09 23:23:52,2026-02-09 23:23:52,n_values_equal\n_values_060bit.txt
668719786462046623,60,2,60,FOUND,631325077,1059232099,33089,0,1767053321861383865,393949179931173268,342043391722335771,27765200,27765.2,27.7652,0.0277652,2026-02-09 23:23:52,2026-02-09 23:23:52,n_values_equal\n_values_060bit.txt
668719786462046623,60,3,60,FOUND,1059232099,631325077,34265,0,1581016330490190402,351736013651590302,652592143310692438,26100000,26100.0,26.1,0.0261,2026-02-09 23:23:52,2026-02-09 23:23:52,n_values_equal\n_values_060bit.txt
773518031025690763,60,1,60,FOUND,760529197,1017078679,7318,0,12429773595323383197,209848224516902995,54703721336178932,5908200,5908.2,5.9082,0.0059082,2026-02-09 23:23:52,2026-02-09 23:23:52,n_values_equal\n_values_060bit.txt
773518031025690763,60,2,60,FOUND,1017078679,760529197,33187,0,9961697385808147764,525835957782693564,147974639689457202,30909700,30909.7,30.9097,0.0309097,2026-02-09 23:23:52,2026-02-09 23:23:52,n_values_equal\n_values_060bit.txt
773518031025690763,60,3,60,FOUND,760529197,1017078679,3461,0,14061786228034627745,344977720741095252,71861688295639596,4196500,4196.5,4.1965,0.0041965,2026-02-09 23:23:52,2026-02-09 23:23:52,n_values_equal\n_values_060bit.txt
621571569326909629,60,1,60,FOUND,755424331,822811159,21473,0,10446670679531974090,212506929136315862,28439995729479606,19103800,19103.8,19.1038,0.0191038,2026-02-09 23:23:52,2026-02-09 23:23:52,n_values_equal\n_values_060bit.txt
621571569326909629,60,2,60,FOUND,822811159,755424331,9290,0,4395612719984552318,255121228167252546,103170908893005638,6991500,6991.5,6.9915,0.0069915,2026-02-09 23:23:52,2026-02-09 23:23:52,n_values_equal\n_values_060bit.txt
621571569326909629,60,3,60,FOUND,755424331,822811159,3104,0,6926716547085771304,121101225346870700,302882832175989369,2714700,2714.7,2.7147,0.0027147,2026-02-09 23:23:52,2026-02-09 23:23:52,n_values_equal\n_values_060bit.txt
807332310814517669,60,1,60,FOUND,769097711,1049713579,23982,0,5377628913760989309,227150822747079056,386981939004496669,18241700,18241.7,18.2417,0.0182417,2026-02-09 23:23:52,2026-02-09 23:23:52,n_values_equal\n_values_060bit.txt
807332310814517669,60,2,60,FOUND,1049713579,769097711,13762,0,16887083339082388963,621375486416185614,288724823513349812,11535600,11535.6,11.5356,0.0115356,2026-02-09 23:23:52,2026-02-09 23:23:52,n_values_equal\n_values_060bit.txt
807332310814517669,60,3,60,FOUND,1049713579,769097711,6828,0,724148536869928040,370927802818323779,661399772105606838,6426600,6426.6,6.4266,0.0064266,2026-02-09 23:23:52,2026-02-09 23:23:52,n_values_equal\n_values_060bit.txt
594995348011648043,60,1,60,FOUND,679149673,876088691,29316,0,6937242521738099238,167034085010054482,573176244807388982,22226600,22226.6,22.2266,0.0222266,2026-02-09 23:23:52,2026-02-09 23:23:52,n_values_equal\n_values_060bit.txt
594995348011648043,60,2,60,FOUND,679149673,876088691,22215,0,1993741195588850312,558352013453527843,556968961074861281,17089000,17089.0,17.089,0.017089,2026-02-09 23:23:52,2026-02-09 23:23:52,n_values_equal\n_values_060bit.txt
594995348011648043,60,3,60,FOUND,679149673,876088691,24504,0,8021564549320301935,400275468535082340,338412158641948948,18324000,18324.0,18.324,0.018324,2026-02-09 23:23:52,2026-02-09 23:23:52,n_values_equal\n_values_060bit.txt
706777480802737291,60,1,60,FOUND,770164807,917696413,21480,0,1926573153351685319,12539469964152831,36312137689062512,15750400,15750.4,15.7504,0.0157504,2026-02-09 23:23:52,2026-02-09 23:23:52,n_values_equal\n_values_060bit.txt
706777480802737291,60,2,60,FOUND,770164807,917696413,12522,0,2742302472573922929,418348094880782014,377097709388609026,9115900,9115.9,9.1159,0.0091159,2026-02-09 23:23:52,2026-02-09 23:23:52,n_values_equal\n_values_060bit.txt
706777480802737291,60,3,60,FOUND,770164807,917696413,18354,0,2858178219690523346,120012144079633799,285827855873138994,13401300,13401.3,13.4013,0.0134013,2026-02-09 23:23:52,2026-02-09 23:23:52,n_values_equal\n_values_060bit.txt
808640700402881597,60,1,60,FOUND,985285591,820717067,14962,0,10621794758314926421,727279233856599707,632507008939977790,11652200,11652.2,11.6522,0.0116522,2026-02-09 23:23:52,2026-02-09 23:23:52,n_values_equal\n_values_060bit.txt
808640700402881597,60,2,60,FOUND,985285591,820717067,19801,0,271253349333719346,41846767898175797,361195776930354457,14715100,14715.1,14.7151,0.0147151,2026-02-09 23:23:52,2026-02-09 23:23:52,n_values_equal\n_values_060bit.txt
808640700402881597,60,3,60,FOUND,820717067,985285591,24342,0,6611182594087508963,448326833655142046,220511228552088833,18574000,18574.0,18.574,0.018574,2026-02-09 23:23:52,2026-02-09 23:23:52,n_values_equal\n_values_060bit.txt
804688010151516109,60,1,60,FOUND,875896381,918702289,16869,0,7981477681814393865,3725884659741481,391507893504879926,12631300,12631.3,12.6313,0.0126313,2026-02-09 23:23:52,2026-02-09 23:23:53,n_values_equal\n_values_060bit.txt
804688010151516109,60,2,60,FOUND,918702289,875896381,22504,0,10075084447283586364,591867182453666265,681385911092402069,17184300,17184.3,17.1843,0.0171843,2026-02-09 23:23:53,2026-02-09 23:23:53,n_values_equal\n_values_060bit.txt
804688010151516109,60,3,60,FOUND,918702289,875896381,3062,0,8434134334085608788,435441249147793861,470707815838002975,2204200,2204.2,2.2042,0.0022042,2026-02-09 23:23:53,2026-02-09 23:23:53,n_values_equal\n_values_060bit.txt
610584113928456643,60,1,60,FOUND,900106913,678346211,13911,0,8614445242867800475,375226996313910086,409560865363544488,10917500,10917.5,10.9175,0.0109175,2026-02-09 23:23:53,2026-02-09 23:23:53,n_values_equal\n_values_060bit.txt
610584113928456643,60,2,60,FOUND,678346211,900106913,19740,0,2354604851603501843,55739187654661020,103515161840293244,14354200,14354.2,14.3542,0.0143542,2026-02-09 23:23:53,2026-02-09 23:23:53,n_values_equal\n_values_060bit.txt
610584113928456643,60,3,60,FOUND,678346211,900106913,30152,0,12839393675927005406,87821757384970855,308240032609003348,22404300,22404.3,22.4043,0.0224043,2026-02-09 23:23:53,2026-02-09 23:23:53,n_values_equal\n_values_060bit.txt
876962315105618029,60,1,60,FOUND,1018410343,861109003,19033,0,13170458270539120004,396765050268933794,237349823100238902,14219700,14219.7,14.2197,0.0142197,2026-02-09 23:23:53,2026-02-09 23:23:53,n_values_equal\n_values_060bit.txt
876962315105618029,60,2,60,FOUND,861109003,1018410343,1234,0,11151797476591540230,774343702131737450,460848491899706393,910000,910.0,0.91,0.00091,2026-02-09 23:23:53,2026-02-09 23:23:53,n_values_equal\n_values_060bit.txt
876962315105618029,60,3,60,FOUND,861109003,1018410343,12250,0,14033076859276331752,219484930253092233,132998961840052731,9160000,9160.0,9.16,0.00916,2026-02-09 23:23:53,2026-02-09 23:23:53,n_values_equal\n_values_060bit.txt
822661973171946403,60,1,60,FOUND,918718597,895444999,30496,0,4441179505595065027,818678346225116949,388236640347571269,23351300,23351.3,23.3513,0.0233513,2026-02-09 23:23:53,2026-02-09 23:23:53,n_values_equal\n_values_060bit.txt
822661973171946403,60,2,60,FOUND,895444999,918718597,39414,0,17950088560035078844,400734504762936019,235337504843554271,30929100,30929.1,30.9291,0.0309291,2026-02-09 23:23:53,2026-02-09 23:23:53,n_values_equal\n_values_060bit.txt
822661973171946403,60,3,60,FOUND,895444999,918718597,20162,0,4997093158317653292,427567096071090110,520154627623731176,15601700,15601.7,15.6017,0.0156017,2026-02-09 23:23:53,2026-02-09 23:23:53,n_values_equal\n_values_060bit.txt
850766172310985537,60,1,60,FOUND,805489871,1056209647,58644,0,2312877348468937586,627999114992028166,21543232268232180,45514400,45514.4,45.5144,0.0455144,2026-02-09 23:23:53,2026-02-09 23:23:53,n_values_equal\n_values_060bit.txt
850766172310985537,60,2,60,FOUND,805489871,1056209647,1144,0,15041140388004747530,681080559789525752,73853958398423412,917700,917.7,0.9177,0.0009177,2026-02-09 23:23:53,2026-02-09 23:23:53,n_values_equal\n_values_060bit.txt
850766172310985537,60,3,60,FOUND,1056209647,805489871,37960,0,4772588944366658082,562540107873878741,60568756136260502,29408300,29408.3,29.4083,0.0294083,2026-02-09 23:23:53,2026-02-09 23:23:53,n_values_equal\n_values_060bit.txt
698006605432418609,60,1,60,FOUND,796344193,876513713,17377,0,15541913173698483702,371787245601598001,229582041106688211,13669400,13669.4,13.6694,0.0136694,2026-02-09 23:23:53,2026-02-09 23:23:53,n_values_equal\n_values_060bit.txt
698006605432418609,60,2,60,FOUND,796344193,876513713,12620,0,14521272687999458160,607073586618955369,599267734844111281,9867700,9867.7,9.8677,0.0098677,2026-02-09 23:23:53,2026-02-09 23:23:53,n_values_equal\n_values_060bit.txt
698006605432418609,60,3,60,FOUND,876513713,796344193,30535,0,13879897922539183424,379000782203873793,328142527588045834,23315700,23315.7,23.3157,0.0233157,2026-02-09 23:23:53,2026-02-09 23:23:53,n_values_equal\n_values_060bit.txt
715317455811050539,60,1,60,FOUND,847374169,844157731,22085,0,16516403861700174778,359340644785213521,331823958653968194,16611700,16611.7,16.6117,0.0166117,2026-02-09 23:23:53,2026-02-09 23:23:53,n_values_equal\n_values_060bit.txt
715317455811050539,60,2,60,FOUND,847374169,844157731,24828,0,6862991915358307631,174081690547786782,124695853433743084,20822500,20822.5,20.8225,0.0208225,2026-02-09 23:23:53,2026-02-09 23:23:53,n_values_equal\n_values_060bit.txt
715317455811050539,60,3,60,FOUND,844157731,847374169,17856,0,8843735729460963306,699974688324306336,570493816309746556,14150000,14150.0,14.15,0.01415,2026-02-09 23:23:53,2026-02-09 23:23:53,n_values_equal\n_values_060bit.txt
11298868314832329571,64,1,60,FOUND,3458918599,3266589829,20701,0,278524183361184171,3148297690536297464,9727119231652082668,20129000,20129.0,20.129,0.020129,2026-02-09 23:23:53,2026-02-09 23:23:53,n_values_equal\n_values_064bit.txt
11298868314832329571,64,2,60,FOUND,3266589829,3458918599,41556,0,6485438086838686314,10066761394926087463,8867332665303779573,40533600,40533.6,40.5336,0.0405336,2026-02-09 23:23:53,2026-02-09 23:23:53,n_values_equal\n_values_064bit.txt
11298868314832329571,64,3,60,FOUND,3458918599,3266589829,47250,0,11531922206293141559,2819223840166805341,5044115536889956304,43976900,43976.9,43.9769,0.0439769,2026-02-09 23:23:53,2026-02-09 23:23:53,n_values_equal\n_values_064bit.txt
10442340804070385579,64,1,60,FOUND,2828490407,3691842397,38772,0,16390512796066314343,10076747245401723706,437744825576624820,35296600,35296.6,35.2966,0.0352966,2026-02-09 23:23:53,2026-02-09 23:23:53,n_values_equal\n_values_064bit.txt
10442340804070385579,64,2,60,FOUND,2828490407,3691842397,30401,0,7748806114702255861,7753108673620235971,8803946007288404293,28227500,28227.5,28.2275,0.0282275,2026-02-09 23:23:53,2026-02-09 23:23:53,n_values_equal\n_values_064bit.txt
10442340804070385579,64,3,60,FOUND,3691842397,2828490407,101680,0,11009484587392322433,368045739563717129,9225089244510697939,100364900,100364.9,100.3649,0.1003649,2026-02-09 23:23:53,2026-02-09 23:23:53,n_values_equal\n_values_064bit.txt
13318254525341089843,64,1,60,FOUND,3198223969,4164265747,14552,0,2461274826417075129,10923734690741587906,9232963126972234380,13378100,13378.1,13.3781,0.0133781,2026-02-09 23:23:53,2026-02-09 23:23:53,n_values_equal\n_values_064bit.txt
13318254525341089843,64,2,60,FOUND,4164265747,3198223969,22963,0,6566695349392483951,3589428846130837410,5498454574386653489,21255500,21255.5,21.2555,0.0212555,2026-02-09 23:23:53,2026-02-09 23:23:53,n_values_equal\n_values_064bit.txt
13318254525341089843,64,3,60,FOUND,4164265747,3198223969,27738,0,16601613639016026416,11350030432903750700,5894431059374094298,27301100,27301.1,27.3011,0.0273011,2026-02-09 23:23:53,2026-02-09 23:23:53,n_values_equal\n_values_064bit.txt
9225136234046815613,64,1,60,FOUND,2497512727,3693729419,47967,0,9008058995606354470,9193622060893315618,4916815452142055432,44985800,44985.8,44.9858,0.0449858,2026-02-09 23:23:53,2026-02-09 23:23:53,n_values_equal\n_values_064bit.txt
9225136234046815613,64,2,60,FOUND,3693729419,2497512727,49767,0,16761001122740472763,2372249757007003165,4810676087454194494,45500900,45500.9,45.5009,0.0455009,2026-02-09 23:23:53,2026-02-09 23:23:53,n_values_equal\n_values_064bit.txt
9225136234046815613,64,3,60,FOUND,3693729419,2497512727,84463,0,14989407613067694070,1338557014666501248,7835464360044291314,79554200,79554.2,79.5542,0.0795542,2026-02-09 23:23:53,2026-02-09 23:23:53,n_values_equal\n_values_064bit.txt
9993158972817680731,64,1,60,FOUND,2405829347,4153727273,20818,0,9841834970415137522,1276898873609683009,7519539684202492864,21266200,21266.2,21.2662,0.0212662,2026-02-09 23:23:53,2026-02-09 23:23:53,n_values_equal\n_values_064bit.txt
9993158972817680731,64,2,60,FOUND,2405829347,4153727273,36218,0,7237590968883211273,9964054645118431334,5648514436978762749,34252400,34252.4,34.2524,0.0342524,2026-02-09 23:23:53,2026-02-09 23:23:53,n_values_equal\n_values_064bit.txt
9993158972817680731,64,3,60,FOUND,2405829347,4153727273,47872,0,4386941997914686998,9184448877523586409,5650435554755176729,47644900,47644.9,47.6449,0.0476449,2026-02-09 23:23:53,2026-02-09 23:23:53,n_values_equal\n_values_064bit.txt
11553733256986796077,64,1,60,FOUND,4066807487,2840983571,40240,0,15214123475664690392,4580442983710031820,6823932322544562306,37074700,37074.7,37.0747,0.0370747,2026-02-09 23:23:53,2026-02-09 23:23:53,n_values_equal\n_values_064bit.txt
11553733256986796077,64,2,60,FOUND,2840983571,4066807487,35604,0,15644776049591872503,10116238919190489459,3402936415114298077,33627800,33627.8,33.6278,0.0336278,2026-02-09 23:23:53,2026-02-09 23:23:54,n_values_equal\n_values_064bit.txt
11553733256986796077,64,3,60,FOUND,2840983571,4066807487,10015,0,17526638990625913818,6951765010035029837,358686503764401420,9261300,9261.3,9.2613,0.0092613,2026-02-09 23:23:54,2026-02-09 23:23:54,n_values_equal\n_values_064bit.txt
10068708482618095327,64,1,60,FOUND,3502623211,2874619357,19615,0,3558305894941977823,7376510528500390567,310287753337075803,18046500,18046.5,18.0465,0.0180465,2026-02-09 23:23:54,2026-02-09 23:23:54,n_values_equal\n_values_064bit.txt
10068708482618095327,64,2,60,FOUND,2874619357,3502623211,66920,0,1547146353736620514,4500767751741908749,1535408931599757386,60198100,60198.1,60.1981,0.0601981,2026-02-09 23:23:54,2026-02-09 23:23:54,n_values_equal\n_values_064bit.txt
10068708482618095327,64,3,60,FOUND,3502623211,2874619357,24540,0,2932917933255418449,6294226850594442968,3456910530282250230,21591600,21591.6,21.5916,0.0215916,2026-02-09 23:23:54,2026-02-09 23:23:54,n_values_equal\n_values_064bit.txt
10977442933088209373,64,1,60,FOUND,3259360201,3367974773,14198,0,5793395549816276787,1766871675042622570,432083611445429057,13160700,13160.7,13.1607,0.0131607,2026-02-09 23:23:54,2026-02-09 23:23:54,n_values_equal\n_values_064bit.txt
10977442933088209373,64,2,60,FOUND,3259360201,3367974773,39104,0,11786700675003694312,708968565659149562,2238526155497907428,36997200,36997.2,36.9972,0.0369972,2026-02-09 23:23:54,2026-02-09 23:23:54,n_values_equal\n_values_064bit.txt
10977442933088209373,64,3,60,FOUND,3367974773,3259360201,70571,0,10784509010422889239,8601695614319433775,2449147261291355664,66494200,66494.2,66.4942,0.0664942,2026-02-09 23:23:54,2026-02-09 23:23:54,n_values_equal\n_values_064bit.txt
9930400506476051401,64,1,60,FOUND,2332059137,4258211273,19994,0,7251964348266219203,9075897103373630062,493035736597820665,18428800,18428.8,18.4288,0.0184288,2026-02-09 23:23:54,2026-02-09 23:23:54,n_values_equal\n_values_064bit.txt
9930400506476051401,64,2,60,FOUND,2332059137,4258211273,47462,0,17773481852466080837,8570494944737938007,9222860019859722446,43061100,43061.1,43.0611,0.0430611,2026-02-09 23:23:54,2026-02-09 23:23:54,n_values_equal\n_values_064bit.txt
9930400506476051401,64,3,60,FOUND,2332059137,4258211273,29000,0,13780125701461296064,1981644324028128139,6822422771586697930,26066200,26066.2,26.0662,0.0260662,2026-02-09 23:23:54,2026-02-09 23:23:54,n_values_equal\n_values_064bit.txt
9390955197638304083,64,1,60,FOUND,2253098389,4168018247,94557,0,4910125247774694275,9310794846600436156,771371354914419636,88453100,88453.1,88.4531,0.0884531,2026-02-09 23:23:54,2026-02-09 23:23:54,n_values_equal\n_values_064bit.txt
9390955197638304083,64,2,60,FOUND,2253098389,4168018247,70304,0,1129210796334896231,6284176086792681301,5311018718430909385,64785400,64785.4,64.7854,0.0647854,2026-02-09 23:23:54,2026-02-09 23:23:54,n_values_equal\n_values_064bit.txt
9390955197638304083,64,3,60,FOUND,4168018247,2253098389,16481,0,1984558129106141912,5913536313732476102,8598119679440776366,15116500,15116.5,15.1165,0.0151165,2026-02-09 23:23:54,2026-02-09 23:23:54,n_values_equal\n_values_064bit.txt
13683879160672906447,64,1,60,FOUND,3307826441,4136818967,42390,0,16139814954753384274,2228608245284728761,1891463214882814212,38926800,38926.8,38.9268,0.0389268,2026-02-09 23:23:54,2026-02-09 23:23:54,n_values_equal\n_values_064bit.txt
13683879160672906447,64,2,60,FOUND,3307826441,4136818967,43722,0,1613810080392302969,12621787020352570621,9582126486251799625,40588400,40588.4,40.5884,0.0405884,2026-02-09 23:23:54,2026-02-09 23:23:54,n_values_equal\n_values_064bit.txt
13683879160672906447,64,3,60,FOUND,3307826441,4136818967,13797,0,12898967908593022665,4856581179355155694,1479763177001760928,12243200,12243.2,12.2432,0.0122432,2026-02-09 23:23:54,2026-02-09 23:23:54,n_values_equal\n_values_064bit.txt
14898173718526602773,64,1,60,FOUND,3716950051,4008171623,66254,0,32352062660408033,10280872602151551730,9540710443646642540,63758200,63758.2,63.7582,0.0637582,2026-02-09 23:23:54,2026-02-09 23:23:54,n_values_equal\n_values_064bit.txt
14898173718526602773,64,2,60,FOUND,4008171623,3716950051,5948,0,4809936079950793260,12897375225742484198,13916426471676749988,5414700,5414.7,5.4147,0.0054147,2026-02-09 23:23:54,2026-02-09 23:23:54,n_values_equal\n_values_064bit.txt
14898173718526602773,64,3,60,FOUND,3716950051,4008171623,72236,0,8915828121720523363,13550972082978989358,14122649189673766051,66888600,66888.6,66.8886,0.0668886,2026-02-09 23:23:54,2026-02-09 23:23:54,n_values_equal\n_values_064bit.txt
12844160378922251347,64,1,60,FOUND,4275123371,3004395257,51528,0,14154681397245011000,957161922113357510,11493622966778349055,46223900,46223.9,46.2239,0.0462239,2026-02-09 23:23:54,2026-02-09 23:23:54,n_values_equal\n_values_064bit.txt
12844160378922251347,64,2,60,FOUND,3004395257,4275123371,26484,0,5680945851109155495,3105822457350531921,4774981121809955937,24366200,24366.2,24.3662,0.0243662,2026-02-09 23:23:54,2026-02-09 23:23:54,n_values_equal\n_values_064bit.txt
12844160378922251347,64,3,60,FOUND,3004395257,4275123371,63207,0,12343405174342516111,11188389605395086684,7953226847173378457,56387500,56387.5,56.3875,0.0563875,2026-02-09 23:23:54,2026-02-09 23:23:54,n_values_equal\n_values_064bit.txt
15240747256297972267,64,1,60,FOUND,4138981547,3682245761,35361,0,5294957229357415314,9286509265292089590,560168170884632999,31503600,31503.6,31.5036,0.0315036,2026-02-09 23:23:54,2026-02-09 23:23:54,n_values_equal\n_values_064bit.txt
15240747256297972267,64,2,60,FOUND,4138981547,3682245761,24776,0,18065014236819576716,4977799491422594663,2473643635215921628,22198500,22198.5,22.1985,0.0221985,2026-02-09 23:23:54,2026-02-09 23:23:54,n_values_equal\n_values_064bit.txt
15240747256297972267,64,3,60,FOUND,3682245761,4138981547,19395,0,17991078423040824179,5240886697432984990,3488003688360617270,17648900,17648.9,17.6489,0.0176489,2026-02-09 23:23:54,2026-02-09 23:23:54,n_values_equal\n_values_064bit.txt
10438846084262560399,64,1,60,FOUND,3004972543,3473857393,19779,0,33734184620383888,2093445539456223485,7872943611534693323,18368000,18368.0,18.368,0.018368,2026-02-09 23:23:54,2026-02-09 23:23:54,n_values_equal\n_values_064bit.txt
10438846084262560399,64,2,60,FOUND,3473857393,3004972543,31086,0,11431166203785128397,4488532979116835563,1185809940374872016,28556400,28556.4,28.5564,0.0285564,2026-02-09 23:23:54,2026-02-09 23:23:54,n_values_equal\n_values_064bit.txt
10438846084262560399,64,3,60,FOUND,3004972543,3473857393,68814,0,3742367134673803648,3164950127083314833,8797864908166189236,63052400,63052.4,63.0524,0.0630524,2026-02-09 23:23:54,2026-02-09 23:23:55,n_values_equal\n_values_064bit.txt
11521440925024170787,64,1,60,FOUND,3234760513,3561760099,60837,0,7333204529989484421,9469258599310261456,7797402537049959930,55547200,55547.2,55.5472,0.0555472,2026-02-09 23:23:55,2026-02-09 23:23:55,n_values_equal\n_values_064bit.txt
11521440925024170787,64,2,60,FOUND,3234760513,3561760099,39273,0,9379348538401430293,4726358315255879539,7737263165432232198,36097600,36097.6,36.0976,0.0360976,2026-02-09 23:23:55,2026-02-09 23:23:55,n_values_equal\n_values_064bit.txt
11521440925024170787,64,3,60,FOUND,3561760099,3234760513,21660,0,8478270163945812543,2402650064184890187,10165881267548408094,20160500,20160.5,20.1605,0.0201605,2026-02-09 23:23:55,2026-02-09 23:23:55,n_values_equal\n_values_064bit.txt
13449953459363992127,64,1,60,FOUND,3860250497,3484217791,101907,0,13575075809476615274,8889264431067666680,13047653433868311365,91740500,91740.5,91.7405,0.0917405,2026-02-09 23:23:55,2026-02-09 23:23:55,n_values_equal\n_values_064bit.txt
13449953459363992127,64,2,60,FOUND,3860250497,3484217791,64558,0,6939653323535078231,2961575319427144790,1238465020586268505,57600000,57600.0,57.6,0.0576,2026-02-09 23:23:55,2026-02-09 23:23:55,n_values_equal\n_values_064bit.txt
13449953459363992127,64,3,60,FOUND,3484217791,3860250497,17024,0,5132463184118880159,7383770487663586382,3347643209382370615,15477500,15477.5,15.4775,0.0154775,2026-02-09 23:23:55,2026-02-09 23:23:55,n_values_equal\n_values_064bit.txt
14714367097239462449,64,1,60,FOUND,3439699073,4277806513,8084,0,5032032260433108821,1368018467389537064,11708329612332870527,7336700,7336.7,7.3367,0.0073367,2026-02-09 23:23:55,2026-02-09 23:23:55,n_values_equal\n_values_064bit.txt
14714367097239462449,64,2,60,FOUND,3439699073,4277806513,7310,0,958441441943804525,7307275609440145564,7114880340388203157,6676000,6676.0,6.676,0.006676,2026-02-09 23:23:55,2026-02-09 23:23:55,n_values_equal\n_values_064bit.txt
14714367097239462449,64,3,60,FOUND,4277806513,3439699073,27645,0,12199180366576407981,13165400064335023170,9491955235323008404,25319500,25319.5,25.3195,0.0253195,2026-02-09 23:23:55,2026-02-09 23:23:55,n_values_equal\n_values_064bit.txt
9752044655643971699,64,1,60,FOUND,2309843531,4221950329,31175,0,707890599907526354,6232746420721731173,7914214617500061982,28155700,28155.7,28.1557,0.0281557,2026-02-09 23:23:55,2026-02-09 23:23:55,n_values_equal\n_values_064bit.txt
9752044655643971699,64,2,60,FOUND,2309843531,4221950329,34001,0,4818511502648020908,1733486433031769540,2760498085426645647,31093100,31093.1,31.0931,0.0310931,2026-02-09 23:23:55,2026-02-09 23:23:55,n_values_equal\n_values_064bit.txt
9752044655643971699,64,3,60,FOUND,4221950329,2309843531,55780,0,17587147672572129717,1909503463524557790,9633381306619714050,51465800,51465.8,51.4658,0.0514658,2026-02-09 23:23:55,2026-02-09 23:23:55,n_values_equal\n_values_064bit.txt
10695333811159308433,64,1,60,FOUND,4155674767,2573669599,33327,0,14186335509954136213,8810644009755393156,902648533957009461,30582000,30582.0,30.582,0.030582,2026-02-09 23:23:55,2026-02-09 23:23:55,n_values_equal\n_values_064bit.txt
10695333811159308433,64,2,60,FOUND,4155674767,2573669599,22246,0,8769199210114890078,3158301383912819341,1381715244655829805,20593100,20593.1,20.5931,0.0205931,2026-02-09 23:23:55,2026-02-09 23:23:55,n_values_equal\n_values_064bit.txt
10695333811159308433,64,3,60,FOUND,2573669599,4155674767,16254,0,8550018323574828224,5298721844803985268,9854315715757124900,15109200,15109.2,15.1092,0.0151092,2026-02-09 23:23:55,2026-02-09 23:23:55,n_values_equal\n_values_064bit.txt
15694444744621967449,64,1,60,FOUND,3668806579,4277806531,27161,0,993930898779757027,1654947080969381178,12928281590538887527,23939900,23939.9,23.9399,0.0239399,2026-02-09 23:23:55,2026-02-09 23:23:55,n_values_equal\n_values_064bit.txt
15694444744621967449,64,2,60,FOUND,4277806531,3668806579,120048,0,9008755300467742030,6079620480652638098,12969321310933326048,126103500,126103.5,126.1035,0.1261035,2026-02-09 23:23:55,2026-02-09 23:23:55,n_values_equal\n_values_064bit.txt
15694444744621967449,64,3,60,FOUND,3668806579,4277806531,30514,0,5222302757750272064,2761937366567902792,12731861477688406224,31323800,31323.8,31.3238,0.0313238,2026-02-09 23:23:55,2026-02-09 23:23:55,n_values_equal\n_values_064bit.txt
10444245100280614267,64,1,60,FOUND,4293495007,2432574181,50974,0,13101571848752917611,64722116869745482,9910915122334335551,46934800,46934.8,46.9348,0.0469348,2026-02-09 23:23:55,2026-02-09 23:23:55,n_values_equal\n_values_064bit.txt
10444245100280614267,64,2,60,FOUND,2432574181,4293495007,43421,0,15482018901925873264,4587408127223280414,7393722235414513999,39873500,39873.5,39.8735,0.0398735,2026-02-09 23:23:55,2026-02-09 23:23:55,n_values_equal\n_values_064bit.txt
10444245100280614267,64,3,60,FOUND,2432574181,4293495007,58756,0,10818262624940143405,9700111687167739051,2513724915303510490,58234200,58234.2,58.2342,0.0582342,2026-02-09 23:23:55,2026-02-09 23:23:55,n_values_equal\n_values_064bit.txt
10935526222967815307,64,1,60,FOUND,4273004509,2559212423,25812,0,10910809027125360332,2438269281599438641,795625504992530051,23266800,23266.8,23.2668,0.0232668,2026-02-09 23:23:55,2026-02-09 23:23:55,n_values_equal\n_values_064bit.txt
10935526222967815307,64,2,60,FOUND,2559212423,4273004509,56478,0,1558349294525170007,9532596077119412938,6295488429824917264,52777500,52777.5,52.7775,0.0527775,2026-02-09 23:23:55,2026-02-09 23:23:55,n_values_equal\n_values_064bit.txt
10935526222967815307,64,3,60,FOUND,4273004509,2559212423,34230,0,13494747133124171813,3937949597255928276,8448509261408959319,35458600,35458.6,35.4586,0.0354586,2026-02-09 23:23:55,2026-02-09 23:23:55,n_values_equal\n_values_064bit.txt
12965187875335521253,64,1,60,FOUND,3360010657,3858674629,42861,0,14909424364004091029,2812026953939894796,11420008091232630343,39737000,39737.0,39.737,0.039737,2026-02-09 23:23:55,2026-02-09 23:23:56,n_values_equal\n_values_064bit.txt
12965187875335521253,64,2,60,FOUND,3360010657,3858674629,37805,0,8387067495353154661,7704267628222064283,10113327240168732356,40052800,40052.8,40.0528,0.0400528,2026-02-09 23:23:56,2026-02-09 23:23:56,n_values_equal\n_values_064bit.txt
12965187875335521253,64,3,60,FOUND,3360010657,3858674629,31728,0,9917485802826841727,7526113974795968978,1729519619185410722,30949600,30949.6,30.9496,0.0309496,2026-02-09 23:23:56,2026-02-09 23:23:56,n_values_equal\n_values_064bit.txt
13200600283687129141,64,1,60,FOUND,3581581337,3685690493,14052,0,6441128020444654041,3626709539269657012,8811998720640993581,12417200,12417.2,12.4172,0.0124172,2026-02-09 23:23:56,2026-02-09 23:23:56,n_values_equal\n_values_064bit.txt
13200600283687129141,64,2,60,FOUND,3685690493,3581581337,60375,0,9148617273669184446,1537787767429660472,2655600804279811504,55591400,55591.4,55.5914,0.0555914,2026-02-09 23:23:56,2026-02-09 23:23:56,n_values_equal\n_values_064bit.txt
13200600283687129141,64,3,60,FOUND,3581581337,3685690493,36230,0,8777932151231514524,9665285996008916206,9274570041359256397,42123000,42123.0,42.123,0.042123,2026-02-09 23:23:56,2026-02-09 23:23:56,n_values_equal\n_values_064bit.txt
150416326307730563387,68,1,60,FOUND,10775837971,13958666297,21812,0,15757258846471521255,32335236187164559796,14048253826767673194,22217400,22217.4,22.2174,0.0222174,2026-02-09 23:23:56,2026-02-09 23:23:56,n_values_equal\n_values_068bit.txt
150416326307730563387,68,2,60,FOUND,10775837971,13958666297,89568,0,8067095206331472370,123882058097917249224,49809636451029314564,88184900,88184.9,88.1849,0.0881849,2026-02-09 23:23:56,2026-02-09 23:23:56,n_values_equal\n_values_068bit.txt
150416326307730563387,68,3,60,FOUND,13958666297,10775837971,92894,0,723826625267948143,60477389639706199200,111505969941870159179,98915000,98915.0,98.915,0.098915,2026-02-09 23:23:56,2026-02-09 23:23:56,n_values_equal\n_values_068bit.txt
175495310347711540469,68,1,60,FOUND,10348944773,16957797553,42512,0,5954321411844739154,111153589591185195368,60695583181364183112,41618400,41618.4,41.6184,0.0416184,2026-02-09 23:23:56,2026-02-09 23:23:56,n_values_equal\n_values_068bit.txt
175495310347711540469,68,2,60,FOUND,10348944773,16957797553,86884,0,8604098400628366599,107853754682447150092,103831086413463301609,81662900,81662.9,81.6629,0.0816629,2026-02-09 23:23:56,2026-02-09 23:23:56,n_values_equal\n_values_068bit.txt
175495310347711540469,68,3,60,FOUND,16957797553,10348944773,118268,0,6302792416943713576,52198835960358133041,11977882363053260274,109413500,109413.5,109.4135,0.1094135,2026-02-09 23:23:56,2026-02-09 23:23:56,n_values_equal\n_values_068bit.txt
189289038005666419609,68,1,60,FOUND,12538303667,15096861827,40653,0,8226248779371480642,66174738246942341485,78971012723700546570,46019100,46019.1,46.0191,0.0460191,2026-02-09 23:23:56,2026-02-09 23:23:56,n_values_equal\n_values_068bit.txt
189289038005666419609,68,2,60,FOUND,15096861827,12538303667,20262,0,12688186088401604703,123706459631760957120,48537296228758061325,20297500,20297.5,20.2975,0.0202975,2026-02-09 23:23:56,2026-02-09 23:23:56,n_values_equal\n_values_068bit.txt
189289038005666419609,68,3,60,FOUND,12538303667,15096861827,128054,0,8163756075157689107,148006431438965225775,36551289760868580368,119436300,119436.3,119.4363,0.1194363,2026-02-09 23:23:56,2026-02-09 23:23:56,n_values_equal\n_values_068bit.txt
161304315820199380181,68,1,60,FOUND,14435180161,11174388821,60544,0,2373632812648910743,12309009856920717114,67442446887403634785,56181100,56181.1,56.1811,0.0561811,2026-02-09 23:23:56,2026-02-09 23:23:56,n_values_equal\n_values_068bit.txt
161304315820199380181,68,2,60,FOUND,14435180161,11174388821,64459,0,13468862960929010110,144990230879272523542,121428624629247318204,58196200,58196.2,58.1962,0.0581962,2026-02-09 23:23:56,2026-02-09 23:23:56,n_values_equal\n_values_068bit.txt
161304315820199380181,68,3,60,FOUND,11174388821,14435180161,80990,0,17652730221539139476,20272044043986048459,64530416356074221539,74738300,74738.3,74.7383,0.0747383,2026-02-09 23:23:56,2026-02-09 23:23:57,n_values_equal\n_values_068bit.txt
249597167808377723531,68,1,60,FOUND,16846303109,14816138959,82566,0,5612969440676240969,135741818294036415455,47307269454059601409,77031600,77031.6,77.0316,0.0770316,2026-02-09 23:23:57,2026-02-09 23:23:57,n_values_equal\n_values_068bit.txt
249597167808377723531,68,2,60,FOUND,16846303109,14816138959,136066,0,2929055854351055619,150664100794565065864,79040310559021021578,129760400,129760.4,129.7604,0.1297604,2026-02-09 23:23:57,2026-02-09 23:23:57,n_values_equal\n_values_068bit.txt
249597167808377723531,68,3,60,FOUND,14816138959,16846303109,131906,0,15438266188272080465,105535094310158261366,45125484497911768641,121628700,121628.7,121.6287,0.1216287,2026-02-09 23:23:57,2026-02-09 23:23:57,n_values_equal\n_values_068bit.txt
157795770084613420889,68,1,60,FOUND,15851089027,9954885107,63173,0,3391834564884484577,30792155577991762441,46419187145816730563,57644100,57644.1,57.6441,0.0576441,2026-02-09 23:23:57,2026-02-09 23:23:57,n_values_equal\n_values_068bit.txt
157795770084613420889,68,2,60,FOUND,9954885107,15851089027,96725,0,6629690260988649502,10934668370671209012,92515259717948250081,86806500,86806.5,86.8065,0.0868065,2026-02-09 23:23:57,2026-02-09 23:23:57,n_values_equal\n_values_068bit.txt
157795770084613420889,68,3,60,FOUND,9954885107,15851089027,53469,0,10500109920858160670,3117042311040945020,72289202037232458725,49991600,49991.6,49.9916,0.0499916,2026-02-09 23:23:57,2026-02-09 23:23:57,n_values_equal\n_values_068bit.txt
196266415590975826867,68,1,60,FOUND,13337278183,14715627349,129660,0,7887630411646401137,97984412879742670785,80614261368208896668,118293600,118293.6,118.2936,0.1182936,2026-02-09 23:23:57,2026-02-09 23:23:57,n_values_equal\n_values_068bit.txt
196266415590975826867,68,2,60,FOUND,14715627349,13337278183,140000,0,7509965674911620358,155211303819893364586,132881009477247784002,142120200,142120.2,142.1202,0.1421202,2026-02-09 23:23:57,2026-02-09 23:23:57,n_values_equal\n_values_068bit.txt
196266415590975826867,68,3,60,FOUND,13337278183,14715627349,134731,0,17775038866077856382,90484234678969780692,160570123993091474948,126401600,126401.6,126.4016,0.1264016,2026-02-09 23:23:57,2026-02-09 23:23:57,n_values_equal\n_values_068bit.txt
234109470705439824889,68,1,60,FOUND,15843234853,14776620613,66931,0,7188273066440900624,208400312380884464054,223336474015798823154,69722500,69722.5,69.7225,0.0697225,2026-02-09 23:23:57,2026-02-09 23:23:57,n_values_equal\n_values_068bit.txt
234109470705439824889,68,2,60,FOUND,15843234853,14776620613,94874,0,14611404913048697445,229019945132013092075,16993991771011410024,94336500,94336.5,94.3365,0.0943365,2026-02-09 23:23:57,2026-02-09 23:23:58,n_values_equal\n_values_068bit.txt
234109470705439824889,68,3,60,FOUND,14776620613,15843234853,191307,0,521416181199991206,1770344121369892154,28766745008735126694,198213900,198213.9,198.2139,0.1982139,2026-02-09 23:23:58,2026-02-09 23:23:58,n_values_equal\n_values_068bit.txt
158361573220563928091,68,1,60,FOUND,10273667011,15414318281,102606,0,13613680386971562427,86883982658400691945,148508809582951015784,95782700,95782.7,95.7827,0.0957827,2026-02-09 23:23:58,2026-02-09 23:23:58,n_values_equal\n_values_068bit.txt
158361573220563928091,68,2,60,FOUND,10273667011,15414318281,51555,0,4775987045590735144,69218366624288288272,11890416664361982139,47524900,47524.9,47.5249,0.0475249,2026-02-09 23:23:58,2026-02-09 23:23:58,n_values_equal\n_values_068bit.txt
158361573220563928091,68,3,60,FOUND,10273667011,15414318281,46730,0,2387663541345525579,146669567822039241743,30398220199159090700,47399200,47399.2,47.3992,0.0473992,2026-02-09 23:23:58,2026-02-09 23:23:58,n_values_equal\n_values_068bit.txt
155534347016427175117,68,1,60,FOUND,11289819713,13776512909,70437,0,9848915485467445663,79638978849355857150,93407404201748337970,64984700,64984.7,64.9847,0.0649847,2026-02-09 23:23:58,2026-02-09 23:23:58,n_values_equal\n_values_068bit.txt
155534347016427175117,68,2,60,FOUND,11289819713,13776512909,54334,0,8528593057141334661,73101922211134824987,120707794702090861055,50104100,50104.1,50.1041,0.0501041,2026-02-09 23:23:58,2026-02-09 23:23:58,n_values_equal\n_values_068bit.txt
155534347016427175117,68,3,60,FOUND,11289819713,13776512909,71376,0,3534706262545040965,43659387155793263810,69355796372636476715,71302000,71302.0,71.302,0.071302,2026-02-09 23:23:58,2026-02-09 23:23:58,n_values_equal\n_values_068bit.txt
210646252938884715487,68,1,60,FOUND,13285426337,15855437951,87279,0,14826936087085516649,190855894123681001296,190262809672205055798,97429500,97429.5,97.4295,0.0974295,2026-02-09 23:23:58,2026-02-09 23:23:58,n_values_equal\n_values_068bit.txt
210646252938884715487,68,2,60,FOUND,15855437951,13285426337,56885,0,16244694434035774965,69521751793696965237,36632927087188649537,55738600,55738.6,55.7386,0.0557386,2026-02-09 23:23:58,2026-02-09 23:23:58,n_values_equal\n_values_068bit.txt
210646252938884715487,68,3,60,FOUND,15855437951,13285426337,84982,0,813269075879399668,167577406881436249271,83004914793044279632,85487200,85487.2,85.4872,0.0854872,2026-02-09 23:23:58,2026-02-09 23:23:58,n_values_equal\n_values_068bit.txt
249197108892573332671,68,1,60,FOUND,16692097319,14929047209,145808,0,11456197638386807241,76104858978199609032,14562074368709728567,139498000,139498.0,139.498,0.139498,2026-02-09 23:23:58,2026-02-09 23:23:59,n_values_equal\n_values_068bit.txt
249197108892573332671,68,2,60,FOUND,16692097319,14929047209,71123,0,12763211760330091724,46171904610149303708,119530037329739120851,69456300,69456.3,69.4563,0.0694563,2026-02-09 23:23:59,2026-02-09 23:23:59,n_values_equal\n_values_068bit.txt
249197108892573332671,68,3,60,FOUND,16692097319,14929047209,181345,0,17849957771180068533,99125291909309681456,191560773237185794422,180663200,180663.2,180.6632,0.1806632,2026-02-09 23:23:59,2026-02-09 23:23:59,n_values_equal\n_values_068bit.txt
244974105561696747097,68,1,60,FOUND,15264040709,16049099333,62602,0,12384493343179105367,121365674560110376032,116129837682130216569,57529800,57529.8,57.5298,0.0575298,2026-02-09 23:23:59,2026-02-09 23:23:59,n_values_equal\n_values_068bit.txt
244974105561696747097,68,2,60,FOUND,15264040709,16049099333,123498,0,238773714427043886,145401279705981138573,139487740957517781482,111531200,111531.2,111.5312,0.1115312,2026-02-09 23:23:59,2026-02-09 23:23:59,n_values_equal\n_values_068bit.txt
244974105561696747097,68,3,60,FOUND,16049099333,15264040709,37001,0,17649351104886455603,122975216643165413714,7572653238309927948,35875800,35875.8,35.8758,0.0358758,2026-02-09 23:23:59,2026-02-09 23:23:59,n_values_equal\n_values_068bit.txt
205805788558422383671,68,1,60,FOUND,14078977141,14617950331,26134,0,5055268793261083927,160376854196568344715,16023606367506737727,28744800,28744.8,28.7448,0.0287448,2026-02-09 23:23:59,2026-02-09 23:23:59,n_values_equal\n_values_068bit.txt
205805788558422383671,68,2,60,FOUND,14078977141,14617950331,209505,0,2245136034221583002,133110267519452820956,9950512055474195996,192031400,192031.4,192.0314,0.1920314,2026-02-09 23:23:59,2026-02-09 23:23:59,n_values_equal\n_values_068bit.txt
205805788558422383671,68,3,60,FOUND,14078977141,14617950331,72645,0,7490681094227409227,139777347922373658866,106702233971155221709,77839000,77839.0,77.839,0.077839,2026-02-09 23:23:59,2026-02-09 23:23:59,n_values_equal\n_values_068bit.txt
220034858677616854343,68,1,60,FOUND,15034208381,14635613203,66376,0,2051880104564913863,52237267669337971975,176244747536101452289,65963800,65963.8,65.9638,0.0659638,2026-02-09 23:23:59,2026-02-09 23:23:59,n_values_equal\n_values_068bit.txt
220034858677616854343,68,2,60,FOUND,14635613203,15034208381,109281,0,683382890036579654,182846529234168974250,104559527516099758945,101648200,101648.2,101.6482,0.1016482,2026-02-09 23:23:59,2026-02-09 23:23:59,n_values_equal\n_values_068bit.txt
220034858677616854343,68,3,60,FOUND,15034208381,14635613203,79292,0,2103546238766706227,64978041314643963923,82610794461465925974,79546400,79546.4,79.5464,0.0795464,2026-02-09 23:23:59,2026-02-09 23:24:00,n_values_equal\n_values_068bit.txt
228299793126995309737,68,1,60,FOUND,14797450319,15428319623,84407,0,13739328260488710856,145205357569552549650,225944727363213721059,78492900,78492.9,78.4929,0.0784929,2026-02-09 23:24:00,2026-02-09 23:24:00,n_values_equal\n_values_068bit.txt
228299793126995309737,68,2,60,FOUND,15428319623,14797450319,174342,0,13929463780520901206,196379030889342454089,223359935585997398538,156801000,156801.0,156.801,0.156801,2026-02-09 23:24:00,2026-02-09 23:24:00,n_values_equal\n_values_068bit.txt
228299793126995309737,68,3,60,FOUND,15428319623,14797450319,43992,0,18406709088971878052,45106228008397172883,98200406489432658722,42277400,42277.4,42.2774,0.0422774,2026-02-09 23:24:00,2026-02-09 23:24:00,n_values_equal\n_values_068bit.txt
191407413721295834081,68,1,60,FOUND,15460968953,12380039977,39582,0,16435431349554186010,124577211241165970010,93353513418740732083,37325800,37325.8,37.3258,0.0373258,2026-02-09 23:24:00,2026-02-09 23:24:00,n_values_equal\n_values_068bit.txt
191407413721295834081,68,2,60,FOUND,12380039977,15460968953,121098,0,18366576580580834446,53119189718888455587,50040637678875847173,121301900,121301.9,121.3019,0.1213019,2026-02-09 23:24:00,2026-02-09 23:24:00,n_values_equal\n_values_068bit.txt
191407413721295834081,68,3,60,FOUND,12380039977,15460968953,110207,0,1369482264911914274,9142640474012517273,191334211918455437326,101902300,101902.3,101.9023,0.1019023,2026-02-09 23:24:00,2026-02-09 23:24:00,n_values_equal\n_values_068bit.txt
278547866731722622241,68,1,60,FOUND,16626917479,16752826679,52884,0,16752260530750726081,102740016203470189413,34558180334220516348,49262900,49262.9,49.2629,0.0492629,2026-02-09 23:24:00,2026-02-09 23:24:00,n_values_equal\n_values_068bit.txt
278547866731722622241,68,2,60,FOUND,16752826679,16626917479,189740,0,1638404380129000404,185028518415996443894,24559485698650207125,176751200,176751.2,176.7512,0.1767512,2026-02-09 23:24:00,2026-02-09 23:24:00,n_values_equal\n_values_068bit.txt
278547866731722622241,68,3,60,FOUND,16626917479,16752826679,15909,0,17934982224096222361,273532667263408274065,243647923122598039126,20422400,20422.4,20.4224,0.0204224,2026-02-09 23:24:00,2026-02-09 23:24:00,n_values_equal\n_values_068bit.txt
187318868428015357699,68,1,60,FOUND,13684488539,13688408441,167049,0,18070460351013755933,171741243391608578191,163606021402387405442,155882000,155882.0,155.882,0.155882,2026-02-09 23:24:00,2026-02-09 23:24:00,n_values_equal\n_values_068bit.txt
187318868428015357699,68,2,60,FOUND,13684488539,13688408441,122234,0,8526885753231387972,66822352647130112513,113776658978056193728,111138000,111138.0,111.138,0.111138,2026-02-09 23:24:00,2026-02-09 23:24:01,n_values_equal\n_values_068bit.txt
187318868428015357699,68,3,60,FOUND,13688408441,13684488539,82394,0,2838438927999394399,57810966146745600599,16965637059425161093,76359900,76359.9,76.3599,0.0763599,2026-02-09 23:24:01,2026-02-09 23:24:01,n_values_equal\n_values_068bit.txt
154996906131238337717,68,1,60,FOUND,16817703653,9216294289,101668,0,5273369585709065442,136777144389581880530,18652929627233374229,96137700,96137.7,96.1377,0.0961377,2026-02-09 23:24:01,2026-02-09 23:24:01,n_values_equal\n_values_068bit.txt
154996906131238337717,68,2,60,FOUND,9216294289,16817703653,65616,0,16328078576548900499,115956679309352686802,92651339658570877554,61942200,61942.2,61.9422,0.0619422,2026-02-09 23:24:01,2026-02-09 23:24:01,n_values_equal\n_values_068bit.txt
154996906131238337717,68,3,60,FOUND,9216294289,16817703653,60213,0,13818329982735157288,9969360063909581421,120893161311923632955,59723400,59723.4,59.7234,0.0597234,2026-02-09 23:24:01,2026-02-09 23:24:01,n_values_equal\n_values_068bit.txt
166420423744764203857,68,1,60,FOUND,14892922787,11174463611,215535,0,3492764404330596552,62211408358399171457,18365499926541786117,227103500,227103.5,227.1035,0.2271035,2026-02-09 23:24:01,2026-02-09 23:24:01,n_values_equal\n_values_068bit.txt
166420423744764203857,68,2,60,FOUND,14892922787,11174463611,24306,0,4306458289730570129,120886907053200950547,50259067078712707120,24223600,24223.6,24.2236,0.0242236,2026-02-09 23:24:01,2026-02-09 23:24:01,n_values_equal\n_values_068bit.txt
166420423744764203857,68,3,60,FOUND,11174463611,14892922787,96404,0,2490152514746474721,44664657929591594967,138219316744399308293,90728700,90728.7,90.7287,0.0907287,2026-02-09 23:24:01,2026-02-09 23:24:01,n_values_equal\n_values_068bit.txt
211293728955858917903,68,1,60,FOUND,15471969101,13656550603,150201,0,18199284604409745126,81621912458696876058,199457367197630786303,142061700,142061.7,142.0617,0.1420617,2026-02-09 23:24:01,2026-02-09 23:24:01,n_values_equal\n_values_068bit.txt
211293728955858917903,68,2,60,FOUND,13656550603,15471969101,42956,0,3641941638315192154,5636243060853313131,104387947138684603817,39204500,39204.5,39.2045,0.0392045,2026-02-09 23:24:01,2026-02-09 23:24:01,n_values_equal\n_values_068bit.txt
211293728955858917903,68,3,60,FOUND,15471969101,13656550603,99444,0,11223805584832516388,985955493293722258,197861528257197901424,86089900,86089.9,86.0899,0.0860899,2026-02-09 23:24:01,2026-02-09 23:24:02,n_values_equal\n_values_068bit.txt
149566622501340571123,68,1,60,FOUND,10934794397,13678046159,47748,0,14540248565621989435,9896161367439328068,13450126383992855868,43833100,43833.1,43.8331,0.0438331,2026-02-09 23:24:02,2026-02-09 23:24:02,n_values_equal\n_values_068bit.txt
149566622501340571123,68,2,60,FOUND,10934794397,13678046159,35005,0,16105769173324566822,107542481977515287111,131685430682648363161,33371400,33371.4,33.3714,0.0333714,2026-02-09 23:24:02,2026-02-09 23:24:02,n_values_equal\n_values_068bit.txt
149566622501340571123,68,3,60,FOUND,10934794397,13678046159,90529,0,17831278008290428830,119864891149068240031,121538491768015374129,87049600,87049.6,87.0496,0.0870496,2026-02-09 23:24:02,2026-02-09 23:24:02,n_values_equal\n_values_068bit.txt
231991816445208186847,68,1,60,FOUND,13540133353,17133643399,130306,0,11126827737519260961,154565949919686345299,179994155018974029214,118163700,118163.7,118.1637,0.1181637,2026-02-09 23:24:02,2026-02-09 23:24:02,n_values_equal\n_values_068bit.txt
231991816445208186847,68,2,60,FOUND,17133643399,13540133353,98152,0,5311033950935684609,74459935014908840002,220326632879948392103,89987600,89987.6,89.9876,0.0899876,2026-02-09 23:24:02,2026-02-09 23:24:02,n_values_equal\n_values_068bit.txt
231991816445208186847,68,3,60,FOUND,13540133353,17133643399,59600,0,9123330099896170369,210722624848394352175,87620276265606902967,53817500,53817.5,53.8175,0.0538175,2026-02-09 23:24:02,2026-02-09 23:24:02,n_values_equal\n_values_068bit.txt
224912617633285324903,68,1,60,FOUND,16088333237,13979858219,89863,0,3526632855328804437,190255801562579405203,43253703955037739538,82656600,82656.6,82.6566,0.0826566,2026-02-09 23:24:02,2026-02-09 23:24:02,n_values_equal\n_values_068bit.txt
224912617633285324903,68,2,60,FOUND,16088333237,13979858219,190305,0,16952060241265432658,201957922198187004821,150001423790139476060,178210300,178210.3,178.2103,0.1782103,2026-02-09 23:24:02,2026-02-09 23:24:02,n_values_equal\n_values_068bit.txt
224912617633285324903,68,3,60,FOUND,13979858219,16088333237,166080,0,8503926961575444461,1273610178422529724,86153521281437476597,156933900,156933.9,156.9339,0.1569339,2026-02-09 23:24:02,2026-02-09 23:24:02,n_values_equal\n_values_068bit.txt
2834613590077752425989,72,1,60,FOUND,60605291101,46771718089,151016,0,12264435320360103654,2200427263255359296843,1911257206213563323339,143288600,143288.6,143.2886,0.1432886,2026-02-09 23:24:02,2026-02-09 23:24:02,n_values_equal\n_values_072bit.txt
2834613590077752425989,72,2,60,FOUND,46771718089,60605291101,121721,0,8483192550895692252,2537472024950275744884,2661025985042649380261,110970500,110970.5,110.9705,0.1109705,2026-02-09 23:24:03,2026-02-09 23:24:03,n_values_equal\n_values_072bit.txt
2834613590077752425989,72,3,60,FOUND,46771718089,60605291101,235658,0,5345987758676479817,2292418612749202181080,2353231704129319841999,215521400,215521.4,215.5214,0.2155214,2026-02-09 23:24:03,2026-02-09 23:24:03,n_values_equal\n_values_072bit.txt
3265080631503093453707,72,1,60,FOUND,67354256821,48476232767,258028,0,12291823050763122315,818001202792003023006,511692064897501934090,242531500,242531.5,242.5315,0.2425315,2026-02-09 23:24:03,2026-02-09 23:24:03,n_values_equal\n_values_072bit.txt
3265080631503093453707,72,2,60,FOUND,67354256821,48476232767,296266,0,16016059651067706166,1664312441718565692788,2342190219772736231471,288286900,288286.9,288.2869,0.2882869,2026-02-09 23:24:03,2026-02-09 23:24:03,n_values_equal\n_values_072bit.txt
3265080631503093453707,72,3,60,FOUND,67354256821,48476232767,255240,0,916221462310241620,1830848393704956091744,2208160362594087193243,244020900,244020.9,244.0209,0.2440209,2026-02-09 23:24:03,2026-02-09 23:24:04,n_values_equal\n_values_072bit.txt
2515851322410524529461,72,1,60,FOUND,42947714507,58579399423,155693,0,1697803197475317336,2047870792468411852653,355563699428358846538,138459100,138459.1,138.4591,0.1384591,2026-02-09 23:24:04,2026-02-09 23:24:04,n_values_equal\n_values_072bit.txt
2515851322410524529461,72,2,60,FOUND,58579399423,42947714507,145310,0,8227828149332168711,2163712616187900944676,1794217939569322693934,129874400,129874.4,129.8744,0.1298744,2026-02-09 23:24:04,2026-02-09 23:24:04,n_values_equal\n_values_072bit.txt
2515851322410524529461,72,3,60,FOUND,42947714507,58579399423,152483,0,16239325926164102270,1226259782820838612458,1393704582749200435490,135754000,135754.0,135.754,0.135754,2026-02-09 23:24:04,2026-02-09 23:24:04,n_values_equal\n_values_072bit.txt
2502839121031025077603,72,1,60,FOUND,42950869289,58272141227,137960,0,1226036200540881603,2296143212641342282942,321577820173093013857,128573200,128573.2,128.5732,0.1285732,2026-02-09 23:24:04,2026-02-09 23:24:04,n_values_equal\n_values_072bit.txt
2502839121031025077603,72,2,60,FOUND,58272141227,42950869289,55659,0,13055124673440596706,89611282806322752295,2489267331569534556747,51499800,51499.8,51.4998,0.0514998,2026-02-09 23:24:04,2026-02-09 23:24:04,n_values_equal\n_values_072bit.txt
2502839121031025077603,72,3,60,FOUND,42950869289,58272141227,183598,0,939925918862811691,317530262812137531666,2227742049580206507618,188210800,188210.8,188.2108,0.1882108,2026-02-09 23:24:04,2026-02-09 23:24:04,n_values_equal\n_values_072bit.txt
3393463274376576069199,72,1,60,FOUND,52530860357,64599423107,105786,0,8938324385156671242,1654600609873223350142,448402597439622628744,100057700,100057.7,100.0577,0.1000577,2026-02-09 23:24:04,2026-02-09 23:24:04,n_values_equal\n_values_072bit.txt
3393463274376576069199,72,2,60,FOUND,64599423107,52530860357,199792,0,6978434559032597535,2568269987341523570578,788745322442264420467,192479300,192479.3,192.4793,0.1924793,2026-02-09 23:24:04,2026-02-09 23:24:05,n_values_equal\n_values_072bit.txt
3393463274376576069199,72,3,60,FOUND,64599423107,52530860357,80361,0,17498390932931393008,1607014827819086548034,1901650717206213708103,75565700,75565.7,75.5657,0.0755657,2026-02-09 23:24:05,2026-02-09 23:24:05,n_values_equal\n_values_072bit.txt
3849589897497094796783,72,1,60,FOUND,65931211417,58387974599,9995,0,7886008921998603509,385755635433872411101,334495344425786437431,10131600,10131.6,10.1316,0.0101316,2026-02-09 23:24:05,2026-02-09 23:24:05,n_values_equal\n_values_072bit.txt
3849589897497094796783,72,2,60,FOUND,65931211417,58387974599,141550,0,11318042908224183869,2040374803071987706710,1755193762804108720294,141110900,141110.9,141.1109,0.1411109,2026-02-09 23:24:05,2026-02-09 23:24:05,n_values_equal\n_values_072bit.txt
3849589897497094796783,72,3,60,FOUND,65931211417,58387974599,179910,0,17804357475078876088,3179016910225979264089,853921774978821732219,173419000,173419.0,173.419,0.173419,2026-02-09 23:24:05,2026-02-09 23:24:05,n_values_equal\n_values_072bit.txt
3155036186185862963893,72,1,60,FOUND,58645983607,53797992499,203190,0,11743382995609382765,2564326120164483626122,1471066504440526721597,190374500,190374.5,190.3745,0.1903745,2026-02-09 23:24:05,2026-02-09 23:24:05,n_values_equal\n_values_072bit.txt
3155036186185862963893,72,2,60,FOUND,58645983607,53797992499,78802,0,9914818716680866269,2378902008523661067818,2042087905365652366807,78837100,78837.1,78.8371,0.0788371,2026-02-09 23:24:05,2026-02-09 23:24:05,n_values_equal\n_values_072bit.txt
3155036186185862963893,72,3,60,FOUND,53797992499,58645983607,116025,0,8453060540246179806,610379849379106516541,720107215571689856987,112062300,112062.3,112.0623,0.1120623,2026-02-09 23:24:05,2026-02-09 23:24:05,n_values_equal\n_values_072bit.txt
3595033672012886674127,72,1,60,FOUND,61065552907,58871712461,67515,0,4576645933006149118,1988028236348327698476,2258844744611273028966,68487300,68487.3,68.4873,0.0684873,2026-02-09 23:24:05,2026-02-09 23:24:06,n_values_equal\n_values_072bit.txt
3595033672012886674127,72,2,60,FOUND,61065552907,58871712461,342600,0,7374097749448531506,3123001829075310867215,1760520698068411027752,319362900,319362.9,319.3629,0.3193629,2026-02-09 23:24:06,2026-02-09 23:24:06,n_values_equal\n_values_072bit.txt
3595033672012886674127,72,3,60,FOUND,58871712461,61065552907,129382,0,14632731463742593840,1787088618562890644718,1202306994395521647544,116205300,116205.3,116.2053,0.1162053,2026-02-09 23:24:06,2026-02-09 23:24:06,n_values_equal\n_values_072bit.txt
4218735549492807499369,72,1,60,FOUND,66637652413,63308586013,362672,0,4830287878297318614,1947251142265845011382,705801023037584833948,347762600,347762.6,347.7626,0.3477626,2026-02-09 23:24:06,2026-02-09 23:24:06,n_values_equal\n_values_072bit.txt
4218735549492807499369,72,2,60,FOUND,66637652413,63308586013,72020,0,15225663808554593070,4131901547453043430030,2442790139467731285267,75359800,75359.8,75.3598,0.0753598,2026-02-09 23:24:06,2026-02-09 23:24:06,n_values_equal\n_values_072bit.txt
4218735549492807499369,72,3,60,FOUND,63308586013,66637652413,79821,0,5025995810222917437,3620541717250009706456,3300562262728403624468,83636900,83636.9,83.6369,0.0836369,2026-02-09 23:24:06,2026-02-09 23:24:06,n_values_equal\n_values_072bit.txt
2509545483835948734367,72,1,60,FOUND,64545707399,38880129833,106646,0,675975582707942776,1720191790279076766178,914449653509512883191,104991000,104991.0,104.991,0.104991,2026-02-09 23:24:06,2026-02-09 23:24:07,n_values_equal\n_values_072bit.txt
2509545483835948734367,72,2,60,FOUND,64545707399,38880129833,218590,0,15147012256330605929,2444817296419652203637,1190967361453784837649,204617100,204617.1,204.6171,0.2046171,2026-02-09 23:24:07,2026-02-09 23:24:07,n_values_equal\n_values_072bit.txt
2509545483835948734367,72,3,60,FOUND,38880129833,64545707399,149247,0,14424311884839807760,1957826930253611423724,2471279846413106983306,139167200,139167.2,139.1672,0.1391672,2026-02-09 23:24:07,2026-02-09 23:24:07,n_values_equal\n_values_072bit.txt
2993430319367200973641,72,1,60,FOUND,68322576379,43813194379,96361,0,3494397575300254629,1090624838735100708435,1285812143705866051821,92192900,92192.9,92.1929,0.0921929,2026-02-09 23:24:07,2026-02-09 23:24:07,n_values_equal\n_values_072bit.txt
2993430319367200973641,72,2,60,FOUND,68322576379,43813194379,276113,0,9394579591920232184,2989378953571738291869,1870946170151630955215,273708100,273708.1,273.7081,0.2737081,2026-02-09 23:24:07,2026-02-09 23:24:07,n_values_equal\n_values_072bit.txt
2993430319367200973641,72,3,60,FOUND,68322576379,43813194379,338562,0,3913931935235280751,585174987184793996721,841914061720049731562,338612400,338612.4,338.6124,0.3386124,2026-02-09 23:24:07,2026-02-09 23:24:08,n_values_equal\n_values_072bit.txt
2554700388098470497163,72,1,60,FOUND,64169795099,39811571537,295108,0,5479398361356218555,586480754624012339820,2178563296365680964589,278647500,278647.5,278.6475,0.2786475,2026-02-09 23:24:08,2026-02-09 23:24:08,n_values_equal\n_values_072bit.txt
2554700388098470497163,72,2,60,FOUND,39811571537,64169795099,216931,0,17796430490234991138,1184867557890799895631,2054123138640400271053,205366600,205366.6,205.3666,0.2053666,2026-02-09 23:24:08,2026-02-09 23:24:08,n_values_equal\n_values_072bit.txt
2554700388098470497163,72,3,60,FOUND,39811571537,64169795099,202050,0,14695542905383143216,1183268283557091708623,2330623248899744125599,187963200,187963.2,187.9632,0.1879632,2026-02-09 23:24:08,2026-02-09 23:24:08,n_values_equal\n_values_072bit.txt
3753035876546707155277,72,1,60,FOUND,57986382871,64722710587,315153,0,6474394800400157670,697921863733040662375,1930235680857987925357,290449500,290449.5,290.4495,0.2904495,2026-02-09 23:24:08,2026-02-09 23:24:09,n_values_equal\n_values_072bit.txt
3753035876546707155277,72,2,60,FOUND,57986382871,64722710587,249405,0,17527941950464986380,2131984658154031984297,972654637407452344678,230545800,230545.8,230.5458,0.2305458,2026-02-09 23:24:09,2026-02-09 23:24:09,n_values_equal\n_values_072bit.txt
3753035876546707155277,72,3,60,FOUND,57986382871,64722710587,100226,0,17256280945119417710,23297500482027097091,485952557287657160865,88667700,88667.7,88.6677,0.0886677,2026-02-09 23:24:09,2026-02-09 23:24:09,n_values_equal\n_values_072bit.txt
3026391215028223330627,72,1,60,FOUND,50552387839,59866434493,93066,0,16258535466484864859,706954412683164869109,2734059385819364718652,85999700,85999.7,85.9997,0.0859997,2026-02-09 23:24:09,2026-02-09 23:24:09,n_values_equal\n_values_072bit.txt
3026391215028223330627,72,2,60,FOUND,50552387839,59866434493,376530,0,8769178052491523689,1877733064046257351840,576508498195783347438,352572400,352572.4,352.5724,0.3525724,2026-02-09 23:24:09,2026-02-09 23:24:09,n_values_equal\n_values_072bit.txt
3026391215028223330627,72,3,60,FOUND,59866434493,50552387839,99430,0,12471901782160655895,2884339552358205612161,1351489550439580961993,94958600,94958.6,94.9586,0.0949586,2026-02-09 23:24:09,2026-02-09 23:24:09,n_values_equal\n_values_072bit.txt
2863563046400308843309,72,1,60,FOUND,45328201729,63173983021,69782,0,8464189123461631167,2452923061624307802113,2697990278414375584039,66012900,66012.9,66.0129,0.0660129,2026-02-09 23:24:09,2026-02-09 23:24:09,n_values_equal\n_values_072bit.txt
2863563046400308843309,72,2,60,FOUND,63173983021,45328201729,108526,0,1536047308102514576,1713549799414294168247,1708731570683441888213,103977800,103977.8,103.9778,0.1039778,2026-02-09 23:24:09,2026-02-09 23:24:10,n_values_equal\n_values_072bit.txt
2863563046400308843309,72,3,60,FOUND,45328201729,63173983021,57674,0,10763121116660692045,436878418289167123037,599975799359577841943,55114300,55114.3,55.1143,0.0551143,2026-02-09 23:24:10,2026-02-09 23:24:10,n_values_equal\n_values_072bit.txt
2410398363129824521403,72,1,60,FOUND,39505017547,61014992849,60324,0,13236135305646928933,1815702835781981452091,1961628381062627931253,54031300,54031.3,54.0313,0.0540313,2026-02-09 23:24:10,2026-02-09 23:24:10,n_values_equal\n_values_072bit.txt
2410398363129824521403,72,2,60,FOUND,39505017547,61014992849,118536,0,7689853198487717964,608188304060396159198,685346389419852205914,111812000,111812.0,111.812,0.111812,2026-02-09 23:24:10,2026-02-09 23:24:10,n_values_equal\n_values_072bit.txt
2410398363129824521403,72,3,60,FOUND,39505017547,61014992849,82837,0,14999299433801455414,203048350131353699932,828999211618785586873,74839900,74839.9,74.8399,0.0748399,2026-02-09 23:24:10,2026-02-09 23:24:10,n_values_equal\n_values_072bit.txt
2605863184882469215373,72,1,60,FOUND,63783110147,40855066159,80403,0,13631640490430686561,1136378538509878992116,46518916396771342446,72822500,72822.5,72.8225,0.0728225,2026-02-09 23:24:10,2026-02-09 23:24:10,n_values_equal\n_values_072bit.txt
2605863184882469215373,72,2,60,FOUND,40855066159,63783110147,95928,0,13849170971159545648,1830632624869303488710,2412282663284900018985,86251100,86251.1,86.2511,0.0862511,2026-02-09 23:24:10,2026-02-09 23:24:10,n_values_equal\n_values_072bit.txt
2605863184882469215373,72,3,60,FOUND,63783110147,40855066159,63610,0,4704331334353979082,171281660037684017683,908330796950881627070,57079700,57079.7,57.0797,0.0570797,2026-02-09 23:24:10,2026-02-09 23:24:10,n_values_equal\n_values_072bit.txt
2855587462607865588503,72,1,60,FOUND,66898026851,42685675453,301518,0,14554210033004552021,917968714090546967572,2603949748461386254399,288749700,288749.7,288.7497,0.2887497,2026-02-09 23:24:10,2026-02-09 23:24:10,n_values_equal\n_values_072bit.txt
2855587462607865588503,72,2,60,FOUND,66898026851,42685675453,213003,0,1895401025265974589,104172042499116232135,1716900090932821916758,209417500,209417.5,209.4175,0.2094175,2026-02-09 23:24:10,2026-02-09 23:24:11,n_values_equal\n_values_072bit.txt
2855587462607865588503,72,3,60,FOUND,42685675453,66898026851,59562,0,8503958479229097448,2669733530553633938155,455073814021678351331,58697900,58697.9,58.6979,0.0586979,2026-02-09 23:24:11,2026-02-09 23:24:11,n_values_equal\n_values_072bit.txt
2712038499023448079889,72,1,60,FOUND,56686778891,47842522579,140476,0,10601308740454292425,726047160348828532413,2350249815829268697739,134288600,134288.6,134.2886,0.1342886,2026-02-09 23:24:11,2026-02-09 23:24:11,n_values_equal\n_values_072bit.txt
2712038499023448079889,72,2,60,FOUND,47842522579,56686778891,33888,0,9970440326923247184,2525044514999292640298,144676027723212668361,31541100,31541.1,31.5411,0.0315411,2026-02-09 23:24:11,2026-02-09 23:24:11,n_values_equal\n_values_072bit.txt
2712038499023448079889,72,3,60,FOUND,47842522579,56686778891,285124,0,15128868143145308453,1140789726300427978677,2354153422358129687687,278483800,278483.8,278.4838,0.2784838,2026-02-09 23:24:11,2026-02-09 23:24:11,n_values_equal\n_values_072bit.txt
2722057139560288152619,72,1,60,FOUND,57549465821,47299433639,44910,0,15974140235191323165,701535599895375176591,1477165584715571639521,43729000,43729.0,43.729,0.043729,2026-02-09 23:24:11,2026-02-09 23:24:11,n_values_equal\n_values_072bit.txt
2722057139560288152619,72,2,60,FOUND,57549465821,47299433639,57770,0,8615072978128880304,2620365104801940054528,2029560701771949096111,56548200,56548.2,56.5482,0.0565482,2026-02-09 23:24:11,2026-02-09 23:24:11,n_values_equal\n_values_072bit.txt
2722057139560288152619,72,3,60,FOUND,57549465821,47299433639,130920,0,12153161146787137875,1422191937033768031782,28002254851278348809,121156300,121156.3,121.1563,0.1211563,2026-02-09 23:24:11,2026-02-09 23:24:11,n_values_equal\n_values_072bit.txt
3337043450512671643487,72,1,60,FOUND,49002390617,68099605111,334594,0,12774111571913521886,1745726863073787412210,797436116640973958481,331915500,331915.5,331.9155,0.3319155,2026-02-09 23:24:11,2026-02-09 23:24:12,n_values_equal\n_values_072bit.txt
3337043450512671643487,72,2,60,FOUND,49002390617,68099605111,311424,0,8100334186488446134,1592467688390187970503,3274261676308975058387,291946000,291946.0,291.946,0.291946,2026-02-09 23:24:12,2026-02-09 23:24:12,n_values_equal\n_values_072bit.txt
3337043450512671643487,72,3,60,FOUND,68099605111,49002390617,115251,0,1929043583722747783,503991310972403124715,2616955814967351654425,104693300,104693.3,104.6933,0.1046933,2026-02-09 23:24:12,2026-02-09 23:24:12,n_values_equal\n_values_072bit.txt
2574681333766576728097,72,1,60,FOUND,42355719311,60787099727,119568,0,14482501480680147495,1576272168901707259431,2256876324816596160871,111587500,111587.5,111.5875,0.1115875,2026-02-09 23:24:12,2026-02-09 23:24:12,n_values_equal\n_values_072bit.txt
2574681333766576728097,72,2,60,FOUND,60787099727,42355719311,255942,0,14291420788143766399,2233488684318414411071,1790418408373264961164,238843100,238843.1,238.8431,0.2388431,2026-02-09 23:24:12,2026-02-09 23:24:12,n_values_equal\n_values_072bit.txt
2574681333766576728097,72,3,60,FOUND,60787099727,42355719311,75917,0,5892655056503541755,22277831657685605450,2570886965192906986964,70293200,70293.2,70.2932,0.0702932,2026-02-09 23:24:12,2026-02-09 23:24:12,n_values_equal\n_values_072bit.txt
3175681074138845539021,72,1,60,FOUND,46637042197,68093535193,282573,0,11281917805809419421,561937245829955409560,3047706759262106771898,273926000,273926.0,273.926,0.273926,2026-02-09 23:24:12,2026-02-09 23:24:13,n_values_equal\n_values_072bit.txt
3175681074138845539021,72,2,60,FOUND,68093535193,46637042197,78128,0,11246186607612938226,2291465038465691906956,2651935916971148632461,72158100,72158.1,72.1581,0.0721581,2026-02-09 23:24:13,2026-02-09 23:24:13,n_values_equal\n_values_072bit.txt
3175681074138845539021,72,3,60,FOUND,68093535193,46637042197,101845,0,8383161640711441320,829976175501844054646,1970114988243466442792,96567600,96567.6,96.5676,0.0965676,2026-02-09 23:24:13,2026-02-09 23:24:13,n_values_equal\n_values_072bit.txt
3301875609464462376763,72,1,60,FOUND,49825791359,66268402757,219340,0,4393928903191639961,1632656633752546453933,701289824161120223274,218554400,218554.4,218.5544,0.2185544,2026-02-09 23:24:13,2026-02-09 23:24:13,n_values_equal\n_values_072bit.txt
3301875609464462376763,72,2,60,FOUND,49825791359,66268402757,82544,0,13792069187354184324,2612335305710020935898,3106853376911305553875,76460000,76460.0,76.46,0.07646,2026-02-09 23:24:13,2026-02-09 23:24:13,n_values_equal\n_values_072bit.txt
3301875609464462376763,72,3,60,FOUND,49825791359,66268402757,130740,0,17529384616685212151,2838453176397008438059,942383661925323664900,126832900,126832.9,126.8329,0.1268329,2026-02-09 23:24:13,2026-02-09 23:24:13,n_values_equal\n_values_072bit.txt
3191706758407746757429,72,1,60,FOUND,59326370837,53799123617,76162,0,10591607105008326780,2224435379734071048101,2326976294284079201215,73480500,73480.5,73.4805,0.0734805,2026-02-09 23:24:13,2026-02-09 23:24:13,n_values_equal\n_values_072bit.txt
3191706758407746757429,72,2,60,FOUND,53799123617,59326370837,243136,0,15540257635029670538,1979750606213397969022,651135801714650855721,239053000,239053.0,239.053,0.239053,2026-02-09 23:24:13,2026-02-09 23:24:14,n_values_equal\n_values_072bit.txt
3191706758407746757429,72,3,60,FOUND,53799123617,59326370837,259905,0,17415778094497066885,1960660976200467245113,1518783336489642243984,252406200,252406.2,252.4062,0.2524062,2026-02-09 23:24:14,2026-02-09 23:24:14,n_values_equal\n_values_072bit.txt
53348320901689077161077,76,1,60,FOUND,262179564539,203480088143,165340,0,12623158351774165789,10858095694270640844035,52793966389833495571148,165515600,165515.6,165.5156,0.1655156,2026-02-09 23:24:14,2026-02-09 23:24:14,n_values_equal\n_values_076bit.txt
53348320901689077161077,76,2,60,FOUND,262179564539,203480088143,353620,0,9356619769310828894,11246590808209905903263,39962418343118398579889,332270600,332270.6,332.2706,0.3322706,2026-02-09 23:24:14,2026-02-09 23:24:14,n_values_equal\n_values_076bit.txt
53348320901689077161077,76,3,60,FOUND,203480088143,262179564539,246528,0,3688903848665604557,14159763683369901758207,46493406748506389662458,236156800,236156.8,236.1568,0.2361568,2026-02-09 23:24:14,2026-02-09 23:24:15,n_values_equal\n_values_076bit.txt
59957010025657713614533,76,1,60,FOUND,240273283361,249536732453,738718,0,13315182440356944473,12634154555890221935422,46847390806505051333963,760274900,760274.9,760.2749,0.7602749,2026-02-09 23:24:15,2026-02-09 23:24:15,n_values_equal\n_values_076bit.txt
59957010025657713614533,76,2,60,FOUND,240273283361,249536732453,166319,0,16339278861331205167,55783092561989214295117,42754372161887329168204,167308800,167308.8,167.3088,0.1673088,2026-02-09 23:24:15,2026-02-09 23:24:16,n_values_equal\n_values_076bit.txt
59957010025657713614533,76,3,60,FOUND,240273283361,249536732453,85909,0,7527982048625541451,49267621520344263717473,53888858628921174224335,87698500,87698.5,87.6985,0.0876985,2026-02-09 23:24:16,2026-02-09 23:24:16,n_values_equal\n_values_076bit.txt
59729883188245073659523,76,1,60,FOUND,232203374521,257230900763,488619,0,9615330783952983177,6191397493999729752829,51712491063998874441940,468870900,468870.9,468.8709,0.4688709,2026-02-09 23:24:16,2026-02-09 23:24:16,n_values_equal\n_values_076bit.txt
59729883188245073659523,76,2,60,FOUND,232203374521,257230900763,407623,0,16333871391395790066,28423593676151055180423,36548526019049833040965,393217900,393217.9,393.2179,0.3932179,2026-02-09 23:24:16,2026-02-09 23:24:17,n_values_equal\n_values_076bit.txt
59729883188245073659523,76,3,60,FOUND,232203374521,257230900763,340897,0,10014964920589782824,38911021645443599430167,52475921993716576456623,341999600,341999.6,341.9996,0.3419996,2026-02-09 23:24:17,2026-02-09 23:24:17,n_values_equal\n_values_076bit.txt
62943039627436677857009,76,1,60,FOUND,254984927537,246850040257,351958,0,9183400742993676355,5599893244667089270951,38039924623275372244806,338266400,338266.4,338.2664,0.3382664,2026-02-09 23:24:17,2026-02-09 23:24:17,n_values_equal\n_values_076bit.txt
62943039627436677857009,76,2,60,FOUND,254984927537,246850040257,397518,0,10942824945317617291,2356900371400056459012,30000015485252534598561,379329100,379329.1,379.3291,0.3793291,2026-02-09 23:24:17,2026-02-09 23:24:18,n_values_equal\n_values_076bit.txt
62943039627436677857009,76,3,60,FOUND,246850040257,254984927537,123560,0,6922941887629399800,15926135881820995244860,47665147180522536424930,115703800,115703.8,115.7038,0.1157038,2026-02-09 23:24:18,2026-02-09 23:24:18,n_values_equal\n_values_076bit.txt
39271353699874153242601,76,1,60,FOUND,158895019253,247152830117,454609,0,15766396040633266831,13281649969584389212281,32390854384968653890617,438456800,438456.8,438.4568,0.4384568,2026-02-09 23:24:18,2026-02-09 23:24:18,n_values_equal\n_values_076bit.txt
39271353699874153242601,76,2,60,FOUND,158895019253,247152830117,185069,0,5263295175696701409,7155039227112290350454,5683174478262180500005,172845700,172845.7,172.8457,0.1728457,2026-02-09 23:24:18,2026-02-09 23:24:18,n_values_equal\n_values_076bit.txt
39271353699874153242601,76,3,60,FOUND,247152830117,158895019253,350700,0,2716832567059670265,7123191471304872701805,24905093182070048670796,345891500,345891.5,345.8915,0.3458915,2026-02-09 23:24:18,2026-02-09 23:24:19,n_values_equal\n_values_076bit.txt
64633004420496425176457,76,1,60,FOUND,269975646401,239403091657,356424,0,7205664707439290035,7441861968913012521307,58673227312956385511781,352133500,352133.5,352.1335,0.3521335,2026-02-09 23:24:19,2026-02-09 23:24:19,n_values_equal\n_values_076bit.txt
64633004420496425176457,76,2,60,FOUND,269975646401,239403091657,81725,0,3567158983447680395,11154445115151589880201,23693976228727004104509,77272000,77272.0,77.272,0.077272,2026-02-09 23:24:19,2026-02-09 23:24:19,n_values_equal\n_values_076bit.txt
64633004420496425176457,76,3,60,FOUND,239403091657,269975646401,496228,0,4290479286927238768,3983752013789413078146,28816986119742634916368,499358000,499358.0,499.358,0.499358,2026-02-09 23:24:19,2026-02-09 23:24:20,n_values_equal\n_values_076bit.txt
41677247970472458887857,76,1,60,FOUND,200026917151,208358197807,622798,0,4626517349064430173,38670131947489578552806,7549406626352097779959,615746200,615746.2,615.7462,0.6157462,2026-02-09 23:24:20,2026-02-09 23:24:20,n_values_equal\n_values_076bit.txt
41677247970472458887857,76,2,60,FOUND,208358197807,200026917151,334567,0,126808983534021580,8320149789983953620878,27377852349802404382381,325289800,325289.8,325.2898,0.3252898,2026-02-09 23:24:20,2026-02-09 23:24:21,n_values_equal\n_values_076bit.txt
41677247970472458887857,76,3,60,FOUND,200026917151,208358197807,344558,0,2338265122790269254,3052519596573646523237,37087319571464320331668,339459900,339459.9,339.4599,0.3394599,2026-02-09 23:24:21,2026-02-09 23:24:21,n_values_equal\n_values_076bit.txt
48912417354939792206209,76,1,60,FOUND,199933940501,244642891709,212985,0,17116258203382118921,48329589271778548121817,13750440608233339554063,222243900,222243.9,222.2439,0.2222439,2026-02-09 23:24:21,2026-02-09 23:24:21,n_values_equal\n_values_076bit.txt
48912417354939792206209,76,2,60,FOUND,199933940501,244642891709,133666,0,8209391750073186570,41747581818998905807463,41598153412294525035564,148695900,148695.9,148.6959,0.1486959,2026-02-09 23:24:21,2026-02-09 23:24:21,n_values_equal\n_values_076bit.txt
48912417354939792206209,76,3,60,FOUND,199933940501,244642891709,177054,0,17476239945374653315,24677306367258795835989,34690559814528161268088,181271600,181271.6,181.2716,0.1812716,2026-02-09 23:24:21,2026-02-09 23:24:21,n_values_equal\n_values_076bit.txt
47431901743864874968177,76,1,60,FOUND,184226962807,257464493911,354864,0,9509992930507324165,15813402226832438398459,37742060037470306760665,350556100,350556.1,350.5561,0.3505561,2026-02-09 23:24:21,2026-02-09 23:24:22,n_values_equal\n_values_076bit.txt
47431901743864874968177,76,2,60,FOUND,257464493911,184226962807,247740,0,15827183568822290656,46496188758647283414060,47176259624899313125663,270367300,270367.3,270.3673,0.2703673,2026-02-09 23:24:22,2026-02-09 23:24:22,n_values_equal\n_values_076bit.txt
47431901743864874968177,76,3,60,FOUND,257464493911,184226962807,148802,0,11065259843633912174,8240805682323399973415,3387031191061798283145,162054300,162054.3,162.0543,0.1620543,2026-02-09 23:24:22,2026-02-09 23:24:22,n_values_equal\n_values_076bit.txt
45183500549414289870671,76,1,60,FOUND,166417391039,271507083889,374442,0,12272474782677917499,18984206911859708655948,5889438388913298164125,377929400,377929.4,377.9294,0.3779294,2026-02-09 23:24:22,2026-02-09 23:24:23,n_values_equal\n_values_076bit.txt
45183500549414289870671,76,2,60,FOUND,271507083889,166417391039,585058,0,1043315069686040577,3628395214291454364290,43462330177682278867890,575168800,575168.8,575.1688,0.5751688,2026-02-09 23:24:23,2026-02-09 23:24:23,n_values_equal\n_values_076bit.txt
45183500549414289870671,76,3,60,FOUND,271507083889,166417391039,274600,0,9336067090614175456,9647687574558530631084,7058143298896827948839,260288400,260288.4,260.2884,0.2602884,2026-02-09 23:24:23,2026-02-09 23:24:23,n_values_equal\n_values_076bit.txt
54064171314333342777779,76,1,60,FOUND,206779434811,261458163689,239871,0,6960477023701502453,30055768290985132470089,15283216449264503136886,230988400,230988.4,230.9884,0.2309884,2026-02-09 23:24:23,2026-02-09 23:24:24,n_values_equal\n_values_076bit.txt
54064171314333342777779,76,2,60,FOUND,261458163689,206779434811,240532,0,860029775411413534,20633402875505432800647,19226375539469522078588,234074700,234074.7,234.0747,0.2340747,2026-02-09 23:24:24,2026-02-09 23:24:24,n_values_equal\n_values_076bit.txt
54064171314333342777779,76,3,60,FOUND,206779434811,261458163689,510174,0,2511189895444636290,15518320933372128099988,20985907106744962609443,502739700,502739.7,502.7397,0.5027397,2026-02-09 23:24:24,2026-02-09 23:24:24,n_values_equal\n_values_076bit.txt
48974648128175143639453,76,1,60,FOUND,239138871281,204795848813,395916,0,2460672032094250064,27337472863731475500247,42608892402410126277453,364114700,364114.7,364.1147,0.3641147,2026-02-09 23:24:24,2026-02-09 23:24:25,n_values_equal\n_values_076bit.txt
48974648128175143639453,76,2,60,FOUND,239138871281,204795848813,419175,0,755052197276632018,32246492109550017315691,24063040085626713700725,407532900,407532.9,407.5329,0.4075329,2026-02-09 23:24:25,2026-02-09 23:24:25,n_values_equal\n_values_076bit.txt
48974648128175143639453,76,3,60,FOUND,239138871281,204795848813,469454,0,5048570430378351853,6717382583214725680402,33128089261493725128348,476908500,476908.5,476.9085,0.4769085,2026-02-09 23:24:25,2026-02-09 23:24:26,n_values_equal\n_values_076bit.txt
40522205781106307852861,76,1,60,FOUND,188931017257,214481488373,350892,0,11876161101639564896,31332729287062509378237,31201666411896734007235,347502100,347502.1,347.5021,0.3475021,2026-02-09 23:24:26,2026-02-09 23:24:26,n_values_equal\n_values_076bit.txt
40522205781106307852861,76,2,60,FOUND,188931017257,214481488373,272412,0,2706431190429361950,9070842363888942132479,12884442737127700569808,266775000,266775.0,266.775,0.266775,2026-02-09 23:24:26,2026-02-09 23:24:26,n_values_equal\n_values_076bit.txt
40522205781106307852861,76,3,60,FOUND,214481488373,188931017257,475474,0,9209408594464951546,38103863467480145246848,39073080789868396356714,453541400,453541.4,453.5414,0.4535414,2026-02-09 23:24:26,2026-02-09 23:24:27,n_values_equal\n_values_076bit.txt
63180231672934774218091,76,1,60,FOUND,232271767319,272009949389,207646,0,1841409449129513211,63051580677748551242632,49241007658789989065222,200454800,200454.8,200.4548,0.2004548,2026-02-09 23:24:27,2026-02-09 23:24:27,n_values_equal\n_values_076bit.txt
63180231672934774218091,76,2,60,FOUND,232271767319,272009949389,115184,0,14567898980747243586,63139672026494074496341,4856022345958695865245,110085600,110085.6,110.0856,0.1100856,2026-02-09 23:24:27,2026-02-09 23:24:27,n_values_equal\n_values_076bit.txt
63180231672934774218091,76,3,60,FOUND,272009949389,232271767319,471487,0,6715099017665336732,55922870798506617641866,5074906452138467897679,486458200,486458.2,486.4582,0.4864582,2026-02-09 23:24:27,2026-02-09 23:24:28,n_values_equal\n_values_076bit.txt
40446061279016972531851,76,1,60,FOUND,190187276137,212664391123,433188,0,17245840894930553144,12066435788303048429720,30500046681817119723186,442804100,442804.1,442.8041,0.4428041,2026-02-09 23:24:28,2026-02-09 23:24:28,n_values_equal\n_values_076bit.txt
40446061279016972531851,76,2,60,FOUND,212664391123,190187276137,112028,0,16315781381756685308,3769544176957349140467,15880841377517619821780,110382500,110382.5,110.3825,0.1103825,2026-02-09 23:24:28,2026-02-09 23:24:28,n_values_equal\n_values_076bit.txt
40446061279016972531851,76,3,60,FOUND,212664391123,190187276137,371710,0,7615391767482161860,37053946474995756379755,23339864340247215834143,394988900,394988.9,394.9889,0.3949889,2026-02-09 23:24:28,2026-02-09 23:24:28,n_values_equal\n_values_076bit.txt
63410432604290321333087,76,1,60,FOUND,250107831781,253532375027,628048,0,17055047382659299704,10182587018834394334661,39411633492913898412730,601861000,601861.0,601.861,0.601861,2026-02-09 23:24:28,2026-02-09 23:24:29,n_values_equal\n_values_076bit.txt
63410432604290321333087,76,2,60,FOUND,253532375027,250107831781,587000,0,6510385453014225076,56527771908451260389530,14367823322452336612362,572783100,572783.1,572.7831,0.5727831,2026-02-09 23:24:29,2026-02-09 23:24:30,n_values_equal\n_values_076bit.txt
63410432604290321333087,76,3,60,FOUND,253532375027,250107831781,374452,0,3807561120994648433,60877572287730230625917,41941818322812239479361,341097900,341097.9,341.0979,0.3410979,2026-02-09 23:24:30,2026-02-09 23:24:30,n_values_equal\n_values_076bit.txt
44190049843352251545557,76,1,60,FOUND,227474713223,194263569859,432414,0,11029942049367689454,25502007594458254011372,2578059070435509779963,417067100,417067.1,417.0671,0.4170671,2026-02-09 23:24:30,2026-02-09 23:24:30,n_values_equal\n_values_076bit.txt
44190049843352251545557,76,2,60,FOUND,227474713223,194263569859,106272,0,17053649398119583752,31783815063184389552326,17383273136802699855083,97349700,97349.7,97.3497,0.0973497,2026-02-09 23:24:30,2026-02-09 23:24:30,n_values_equal\n_values_076bit.txt
44190049843352251545557,76,3,60,FOUND,227474713223,194263569859,97479,0,7679444597308933408,19757856501913813217744,13064497056831511548176,88498400,88498.4,88.4984,0.0884984,2026-02-09 23:24:30,2026-02-09 23:24:31,n_values_equal\n_values_076bit.txt
49792471519688720244599,76,1,60,FOUND,226246865861,220080270859,83792,0,6436932597835660393,44319277845818633796835,40691191944833157409286,89145900,89145.9,89.1459,0.0891459,2026-02-09 23:24:31,2026-02-09 23:24:31,n_values_equal\n_values_076bit.txt
49792471519688720244599,76,2,60,FOUND,220080270859,226246865861,486930,0,12731510144980592086,13746125124407030056665,11505964517649670350403,477896400,477896.4,477.8964,0.4778964,2026-02-09 23:24:31,2026-02-09 23:24:31,n_values_equal\n_values_076bit.txt
49792471519688720244599,76,3,60,FOUND,226246865861,220080270859,427158,0,2523517176746128416,43695827150817680482077,26105700444706192188046,433028500,433028.5,433.0285,0.4330285,2026-02-09 23:24:31,2026-02-09 23:24:32,n_values_equal\n_values_076bit.txt
60416688791539482443191,76,1,60,FOUND,231046794619,261491135989,185656,0,16792240725028555718,35728349289949337157636,43020881048852524735912,183594800,183594.8,183.5948,0.1835948,2026-02-09 23:24:32,2026-02-09 23:24:32,n_values_equal\n_values_076bit.txt
60416688791539482443191,76,2,60,FOUND,261491135989,231046794619,365498,0,2450713331284841792,24947521907861674538827,3828181291355243515038,360773300,360773.3,360.7733,0.3607733,2026-02-09 23:24:32,2026-02-09 23:24:32,n_values_equal\n_values_076bit.txt
60416688791539482443191,76,3,60,FOUND,231046794619,261491135989,615498,0,1385510505893581664,52801081251902640595355,15322605399634443921497,670396500,670396.5,670.3965,0.6703965,2026-02-09 23:24:32,2026-02-09 23:24:33,n_values_equal\n_values_076bit.txt
69795138030556841747879,76,1,60,FOUND,258353218693,270153932603,478516,0,7841698589106764742,17451777597804719736326,34105840918544243175772,467816600,467816.6,467.8166,0.4678166,2026-02-09 23:24:33,2026-02-09 23:24:33,n_values_equal\n_values_076bit.txt
69795138030556841747879,76,2,60,FOUND,258353218693,270153932603,136683,0,6860316878415589440,67503323473142120466609,18387756367864787783253,149787900,149787.9,149.7879,0.1497879,2026-02-09 23:24:33,2026-02-09 23:24:33,n_values_equal\n_values_076bit.txt
69795138030556841747879,76,3,60,FOUND,258353218693,270153932603,362230,0,8147893839724100759,50890414416620039864209,32132133693228674257805,373431600,373431.6,373.4316,0.3734316,2026-02-09 23:24:33,2026-02-09 23:24:34,n_values_equal\n_values_076bit.txt
59259494672792905752887,76,1,60,FOUND,251437125767,235683153361,97496,0,6976093829001028287,53822631145596062218093,9812707300053919705818,91247000,91247.0,91.247,0.091247,2026-02-09 23:24:34,2026-02-09 23:24:34,n_values_equal\n_values_076bit.txt
59259494672792905752887,76,2,60,FOUND,251437125767,235683153361,355460,0,11613579617324593883,35189109816209465275666,14701349712062966455707,330887000,330887.0,330.887,0.330887,2026-02-09 23:24:34,2026-02-09 23:24:34,n_values_equal\n_values_076bit.txt
59259494672792905752887,76,3,60,FOUND,251437125767,235683153361,231800,0,17468952428178165872,37967307856452667735622,22162039940104934822217,235898300,235898.3,235.8983,0.2358983,2026-02-09 23:24:34,2026-02-09 23:24:34,n_values_equal\n_values_076bit.txt
45492382156322955721897,76,1,60,FOUND,191084639467,238074511291,777010,0,18271632930509864239,34667192791891039892873,29191920758979658196348,756636600,756636.6,756.6366,0.7566366,2026-02-09 23:24:34,2026-02-09 23:24:35,n_values_equal\n_values_076bit.txt
45492382156322955721897,76,2,60,FOUND,191084639467,238074511291,206798,0,2966897909765107666,20692066560844477510602,37415467294241929771748,214248400,214248.4,214.2484,0.2142484,2026-02-09 23:24:35,2026-02-09 23:24:35,n_values_equal\n_values_076bit.txt
45492382156322955721897,76,3,60,FOUND,191084639467,238074511291,439297,0,6540364032122570316,3035063788718974464895,4816156478788830257371,445730700,445730.7,445.7307,0.4457307,2026-02-09 23:24:35,2026-02-09 23:24:36,n_values_equal\n_values_076bit.txt
56457042934567240661029,76,1,60,FOUND,205675538657,274495660997,155375,0,7553436130199605828,45119715841571058549300,25481295280589318294737,154042000,154042.0,154.042,0.154042,2026-02-09 23:24:36,2026-02-09 23:24:36,n_values_equal\n_values_076bit.txt
56457042934567240661029,76,2,60,FOUND,205675538657,274495660997,385675,0,1821262042460646861,1972567784660735808744,21926239713556510202007,402194100,402194.1,402.1941,0.4021941,2026-02-09 23:24:36,2026-02-09 23:24:36,n_values_equal\n_values_076bit.txt
56457042934567240661029,76,3,60,FOUND,205675538657,274495660997,192873,0,10841466624617730801,49496928502284355617007,43522198033428060774073,204988800,204988.8,204.9888,0.2049888,2026-02-09 23:24:36,2026-02-09 23:24:37,n_values_equal\n_values_076bit.txt
54974819180828945440351,76,1,60,FOUND,261330615421,210365016331,255575,0,17186458327065371913,41604971873049037482024,1970105387292638258383,250104800,250104.8,250.1048,0.2501048,2026-02-09 23:24:37,2026-02-09 23:24:37,n_values_equal\n_values_076bit.txt
54974819180828945440351,76,2,60,FOUND,210365016331,261330615421,232899,0,8725798106206889498,41124467901449417726152,52392481199952009339921,231193500,231193.5,231.1935,0.2311935,2026-02-09 23:24:37,2026-02-09 23:24:37,n_values_equal\n_values_076bit.txt
54974819180828945440351,76,3,60,FOUND,210365016331,261330615421,254048,0,10745276218375538989,9750797240777476058263,23754048376762826491786,253748900,253748.9,253.7489,0.2537489,2026-02-09 23:24:37,2026-02-09 23:24:37,n_values_equal\n_values_076bit.txt
45082285608039840613139,76,1,60,FOUND,192849414803,233769366913,363393,0,16831745818584885817,11447745024421359934260,26609211782953014225915,357519700,357519.7,357.5197,0.3575197,2026-02-09 23:24:37,2026-02-09 23:24:38,n_values_equal\n_values_076bit.txt
45082285608039840613139,76,2,60,FOUND,192849414803,233769366913,360988,0,7291496634031119568,25295334797310971428237,18440763533630850637806,353536900,353536.9,353.5369,0.3535369,2026-02-09 23:24:38,2026-02-09 23:24:38,n_values_equal\n_values_076bit.txt
45082285608039840613139,76,3,60,FOUND,233769366913,192849414803,323832,0,17636028829070069728,44470598519260490824697,41638286550682142480471,300478500,300478.5,300.4785,0.3004785,2026-02-09 23:24:38,2026-02-09 23:24:38,n_values_equal\n_values_076bit.txt
683320404975026023391107,80,1,60,FOUND,893801780929,764510006083,336978,0,6790326550277490286,268118144901314879479893,142811500526504975863387,331918300,331918.3,331.9183,0.3319183,2026-02-09 23:24:38,2026-02-09 23:24:39,n_values_equal\n_values_080bit.txt
683320404975026023391107,80,2,60,FOUND,893801780929,764510006083,498285,0,1527863672176526607,27749004427578385575569,670162926697973527245623,476683300,476683.3,476.6833,0.4766833,2026-02-09 23:24:39,2026-02-09 23:24:39,n_values_equal\n_values_080bit.txt
683320404975026023391107,80,3,60,FOUND,764510006083,893801780929,1103996,0,13577518925366846494,276792969712329527479729,60136755141906229601651,1069148500,1069148.5,1069.1485,1.0691485,2026-02-09 23:24:39,2026-02-09 23:24:40,n_values_equal\n_values_080bit.txt
861035966603485622934013,80,1,60,FOUND,920979087817,934913699989,747380,0,3318574506639377976,490192773705132409378607,229356225108170269191452,755796700,755796.7,755.7967,0.7557967,2026-02-09 23:24:40,2026-02-09 23:24:41,n_values_equal\n_values_080bit.txt
861035966603485622934013,80,2,60,FOUND,934913699989,920979087817,267042,0,3314946002337293154,820997199257352315563034,205151237623938853152347,248544500,248544.5,248.5445,0.2485445,2026-02-09 23:24:41,2026-02-09 23:24:41,n_values_equal\n_values_080bit.txt
861035966603485622934013,80,3,60,FOUND,920979087817,934913699989,189243,0,14711478596193464950,377985385766381586629679,635397856767649812384861,182165900,182165.9,182.1659,0.1821659,2026-02-09 23:24:41,2026-02-09 23:24:41,n_values_equal\n_values_080bit.txt
700880979104365883501113,80,1,60,FOUND,659746778819,1062348467027,449640,0,162624097686342643,516797740767159336883406,212225510663564636847530,459099000,459099.0,459.099,0.459099,2026-02-09 23:24:41,2026-02-09 23:24:42,n_values_equal\n_values_080bit.txt
700880979104365883501113,80,2,60,FOUND,659746778819,1062348467027,515906,0,13996465216704964899,205034688652801332028853,27241693825412957131420,519755900,519755.9,519.7559,0.5197559,2026-02-09 23:24:42,2026-02-09 23:24:42,n_values_equal\n_values_080bit.txt
700880979104365883501113,80,3,60,FOUND,1062348467027,659746778819,485887,0,8213570240600889597,415208358591601806738750,99130731742941792082251,486974300,486974.3,486.9743,0.4869743,2026-02-09 23:24:42,2026-02-09 23:24:43,n_values_equal\n_values_080bit.txt
658711156261475272405451,80,1,60,FOUND,965667880739,682130129209,205098,0,4990619589497088246,102160996060649497291315,498661546314130263466310,218150300,218150.3,218.1503,0.2181503,2026-02-09 23:24:43,2026-02-09 23:24:43,n_values_equal\n_values_080bit.txt
658711156261475272405451,80,2,60,FOUND,965667880739,682130129209,230352,0,264695417981561281,315124725191075279942322,338497136348072061872817,245380400,245380.4,245.3804,0.2453804,2026-02-09 23:24:43,2026-02-09 23:24:43,n_values_equal\n_values_080bit.txt
658711156261475272405451,80,3,60,FOUND,965667880739,682130129209,741823,0,6630804924267922779,615899866065201367514394,333104343618820674465487,760825300,760825.3,760.8253,0.7608253,2026-02-09 23:24:43,2026-02-09 23:24:44,n_values_equal\n_values_080bit.txt
712861494422732108268691,80,1,60,FOUND,965597994469,738259087639,524214,0,7622536187130610953,478512881146097381798842,619252600617115482778542,528303400,528303.4,528.3034,0.5283034,2026-02-09 23:24:44,2026-02-09 23:24:45,n_values_equal\n_values_080bit.txt
712861494422732108268691,80,2,60,FOUND,738259087639,965597994469,230638,0,14512918109366590429,96910658437263995654543,572296302355394334019551,238475400,238475.4,238.4754,0.2384754,2026-02-09 23:24:45,2026-02-09 23:24:45,n_values_equal\n_values_080bit.txt
712861494422732108268691,80,3,60,FOUND,965597994469,738259087639,1193852,0,516523462957841840,251845006185174968571059,645885339192118087905974,1198574000,1198574.0,1198.574,1.198574,2026-02-09 23:24:45,2026-02-09 23:24:46,n_values_equal\n_values_080bit.txt
666414632989991023648249,80,1,60,FOUND,993804655153,670569039433,218604,0,8612121651659467943,428557331716914320387101,3600418840414590396173,212890400,212890.4,212.8904,0.2128904,2026-02-09 23:24:46,2026-02-09 23:24:46,n_values_equal\n_values_080bit.txt
666414632989991023648249,80,2,60,FOUND,670569039433,993804655153,629056,0,10017047537087739504,475526372984064766284266,484249271974300412603855,650407000,650407.0,650.407,0.650407,2026-02-09 23:24:46,2026-02-09 23:24:47,n_values_equal\n_values_080bit.txt
666414632989991023648249,80,3,60,FOUND,993804655153,670569039433,515867,0,7713412685689544209,313102819361805121885029,653919757970408439030643,535252600,535252.6,535.2526,0.5352526,2026-02-09 23:24:47,2026-02-09 23:24:47,n_values_equal\n_values_080bit.txt
907719644718614785563049,80,1,60,FOUND,1015894173439,893517915991,618256,0,12462915511549332470,753784335802228472254166,898439198572782957750415,677744700,677744.7,677.7447,0.6777447,2026-02-09 23:24:47,2026-02-09 23:24:48,n_values_equal\n_values_080bit.txt
907719644718614785563049,80,2,60,FOUND,1015894173439,893517915991,976755,0,191185992749432793,827684128712670413987726,333869618902641280361532,1014158800,1014158.8,1014.1588,1.0141588,2026-02-09 23:24:48,2026-02-09 23:24:49,n_values_equal\n_values_080bit.txt
907719644718614785563049,80,3,60,FOUND,1015894173439,893517915991,1043920,0,200335769977328589,85919673918350676154947,484514395080378619295499,1044957100,1044957.1,1044.9571,1.0449571,2026-02-09 23:24:49,2026-02-09 23:24:50,n_values_equal\n_values_080bit.txt
674461070427412525822157,80,1,60,FOUND,870471031403,774823108519,294924,0,15268215208989488566,57342777698353262876616,508429083719284199587543,296029800,296029.8,296.0298,0.2960298,2026-02-09 23:24:50,2026-02-09 23:24:51,n_values_equal\n_values_080bit.txt
674461070427412525822157,80,2,60,FOUND,870471031403,774823108519,328332,0,18421090268662188526,330025906564810851192793,648063859564455639182454,323401800,323401.8,323.4018,0.3234018,2026-02-09 23:24:51,2026-02-09 23:24:51,n_values_equal\n_values_080bit.txt
674461070427412525822157,80,3,60,FOUND,870471031403,774823108519,171513,0,16361767587800683022,445028380334466223754291,289965896032186534753777,170871500,170871.5,170.8715,0.1708715,2026-02-09 23:24:51,2026-02-09 23:24:51,n_values_equal\n_values_080bit.txt
836279519144486932344553,80,1,60,FOUND,833862750893,1002898280621,994164,0,9918540640035485726,456497207219547885104154,767762506024876717550552,1040838800,1040838.8,1040.8388,1.0408388,2026-02-09 23:24:51,2026-02-09 23:24:52,n_values_equal\n_values_080bit.txt
836279519144486932344553,80,2,60,FOUND,1002898280621,833862750893,142115,0,1479601715149959024,473219089070093523888848,728051525333940013869590,154599100,154599.1,154.5991,0.1545991,2026-02-09 23:24:52,2026-02-09 23:24:52,n_values_equal\n_values_080bit.txt
836279519144486932344553,80,3,60,FOUND,1002898280621,833862750893,607984,0,3937842143673605638,466567544563115523236977,574077435558151576437859,639848800,639848.8,639.8488,0.6398488,2026-02-09 23:24:52,2026-02-09 23:24:53,n_values_equal\n_values_080bit.txt
888514520718095195732177,80,1,60,FOUND,1096634558779,810219332963,1570906,0,16886966684177698042,692898101786482098361166,839420717348713956949441,1670972100,1670972.1,1670.9721,1.6709721,2026-02-09 23:24:53,2026-02-09 23:24:55,n_values_equal\n_values_080bit.txt
888514520718095195732177,80,2,60,FOUND,810219332963,1096634558779,609532,0,4916539680831327608,142116973215770913028371,801935477154166623060350,663148100,663148.1,663.1481,0.6631481,2026-02-09 23:24:55,2026-02-09 23:24:55,n_values_equal\n_values_080bit.txt
888514520718095195732177,80,3,60,FOUND,1096634558779,810219332963,456935,0,2112928442383494033,693702673980111007797158,55085314115163788660875,506033500,506033.5,506.0335,0.5060335,2026-02-09 23:24:55,2026-02-09 23:24:56,n_values_equal\n_values_080bit.txt
728069101949597761564919,80,1,60,FOUND,795209041423,915569446553,402903,0,7472191952576644866,583793315490914380425907,29000716582152136204117,418180400,418180.4,418.1804,0.4181804,2026-02-09 23:24:56,2026-02-09 23:24:56,n_values_equal\n_values_080bit.txt
728069101949597761564919,80,2,60,FOUND,795209041423,915569446553,588864,0,9877858043160925075,529438264412113666098143,92214748848929117981352,606750700,606750.7,606.7507,0.6067507,2026-02-09 23:24:56,2026-02-09 23:24:57,n_values_equal\n_values_080bit.txt
728069101949597761564919,80,3,60,FOUND,795209041423,915569446553,510639,0,14733071730019254921,553327192699528744850356,571846859365104348025421,522605500,522605.5,522.6055,0.5226055,2026-02-09 23:24:57,2026-02-09 23:24:57,n_values_equal\n_values_080bit.txt
633706286647143696376759,80,1,60,FOUND,797617748957,794498727587,1061896,0,12505642342649468632,59375049389274235834318,263630004947823985124262,1109511000,1109511.0,1109.511,1.109511,2026-02-09 23:24:57,2026-02-09 23:24:58,n_values_equal\n_values_080bit.txt
633706286647143696376759,80,2,60,FOUND,794498727587,797617748957,965452,0,12948297631779621775,229131041528385224061353,99674682141590499410365,978000100,978000.1,978.0001,0.9780001,2026-02-09 23:24:58,2026-02-09 23:24:59,n_values_equal\n_values_080bit.txt
633706286647143696376759,80,3,60,FOUND,797617748957,794498727587,1215690,0,9329886010405508212,225243723178226642544004,460208256047529925162838,1271445100,1271445.1,1271.4451,1.2714451,2026-02-09 23:24:59,2026-02-09 23:25:01,n_values_equal\n_values_080bit.txt
910829759551797750851867,80,1,60,FOUND,913657871089,996904627403,999970,0,4553550452699606075,845140528248422896240405,616087122564654439008001,1013466400,1013466.4,1013.4664,1.0134664,2026-02-09 23:25:01,2026-02-09 23:25:02,n_values_equal\n_values_080bit.txt
910829759551797750851867,80,2,60,FOUND,913657871089,996904627403,1748150,0,7561514938295853202,588821952405924440736261,899402245602910566343101,1854157000,1854157.0,1854.157,1.854157,2026-02-09 23:25:02,2026-02-09 23:25:03,n_values_equal\n_values_080bit.txt
910829759551797750851867,80,3,60,FOUND,913657871089,996904627403,432304,0,17958272035497043331,340309746773469930736528,317334900514491636981406,438085100,438085.1,438.0851,0.4380851,2026-02-09 23:25:03,2026-02-09 23:25:04,n_values_equal\n_values_080bit.txt
646709827533242090145449,80,1,60,FOUND,663443500067,974777546947,925884,0,12524466888717688881,139233765388673859581856,335534010440415868504342,964382700,964382.7,964.3827,0.9643827,2026-02-09 23:25:04,2026-02-09 23:25:05,n_values_equal\n_values_080bit.txt
646709827533242090145449,80,2,60,FOUND,974777546947,663443500067,1052137,0,1197128103918108317,54519806163195025570911,566363944391140269819119,1089985600,1089985.6,1089.9856,1.0899856,2026-02-09 23:25:05,2026-02-09 23:25:06,n_values_equal\n_values_080bit.txt
646709827533242090145449,80,3,60,FOUND,974777546947,663443500067,380895,0,10474233298298471952,280888109198734045515226,189917350600013762248964,381204000,381204.0,381.204,0.381204,2026-02-09 23:25:06,2026-02-09 23:25:06,n_values_equal\n_values_080bit.txt
711979758837240273843101,80,1,60,FOUND,748292030953,951473127317,625443,0,9470324787900838409,164482732387790608862446,22857648613984594059482,646526800,646526.8,646.5268,0.6465268,2026-02-09 23:25:06,2026-02-09 23:25:07,n_values_equal\n_values_080bit.txt
711979758837240273843101,80,2,60,FOUND,748292030953,951473127317,219105,0,8258233642408314586,42837842869543305800200,499206533048465307356156,226819900,226819.9,226.8199,0.2268199,2026-02-09 23:25:07,2026-02-09 23:25:07,n_values_equal\n_values_080bit.txt
711979758837240273843101,80,3,60,FOUND,748292030953,951473127317,744204,0,12741974681154579000,404141451962987416935220,612180184540220886477653,756633100,756633.1,756.6331,0.7566331,2026-02-09 23:25:07,2026-02-09 23:25:08,n_values_equal\n_values_080bit.txt
902042279860679638736441,80,1,60,FOUND,1058182552139,852444862219,164705,0,10497260227025961595,752993771178116474858323,215105766383942617730314,182375600,182375.6,182.3756,0.1823756,2026-02-09 23:25:08,2026-02-09 23:25:08,n_values_equal\n_values_080bit.txt
902042279860679638736441,80,2,60,FOUND,852444862219,1058182552139,807319,0,14244167803327437435,204250424839030068235331,875744241210655036554249,847138900,847138.9,847.1389,0.8471389,2026-02-09 23:25:08,2026-02-09 23:25:09,n_values_equal\n_values_080bit.txt
902042279860679638736441,80,3,60,FOUND,1058182552139,852444862219,705676,0,7340792671423574788,890099500043622845126876,889956714757986811215384,733587700,733587.7,733.5877,0.7335877,2026-02-09 23:25:09,2026-02-09 23:25:10,n_values_equal\n_values_080bit.txt
1060173814041186545516581,80,1,60,FOUND,1019686265921,1039705887461,850688,0,1640724801031408873,939039738682437803904852,166721097028164118980384,850379800,850379.8,850.3798,0.8503798,2026-02-09 23:25:10,2026-02-09 23:25:11,n_values_equal\n_values_080bit.txt
1060173814041186545516581,80,2,60,FOUND,1039705887461,1019686265921,235674,0,735509441481404217,206642112157647870592103,359466240566719050368946,237716400,237716.4,237.7164,0.2377164,2026-02-09 23:25:11,2026-02-09 23:25:11,n_values_equal\n_values_080bit.txt
1060173814041186545516581,80,3,60,FOUND,1039705887461,1019686265921,1148818,0,14739161432220805341,621412692434171844259335,1050679442211761785131755,1123836000,1123836.0,1123.836,1.123836,2026-02-09 23:25:11,2026-02-09 23:25:12,n_values_equal\n_values_080bit.txt
805574374217554346172707,80,1,60,FOUND,756262623359,1065204532573,570258,0,12079431733523245607,738415905816346009840733,11530626275253757990395,579011800,579011.8,579.0118,0.5790118,2026-02-09 23:25:12,2026-02-09 23:25:13,n_values_equal\n_values_080bit.txt
805574374217554346172707,80,2,60,FOUND,1065204532573,756262623359,1072608,0,16151668149491570900,455673078424008327129019,695411625488377902490680,1097843300,1097843.3,1097.8433,1.0978433,2026-02-09 23:25:13,2026-02-09 23:25:14,n_values_equal\n_values_080bit.txt
805574374217554346172707,80,3,60,FOUND,756262623359,1065204532573,1119900,0,1529793168420888982,362332353494646705967281,554371724480208036319463,1136810900,1136810.9,1136.8109,1.1368109,2026-02-09 23:25:14,2026-02-09 23:25:15,n_values_equal\n_values_080bit.txt
685628515726799976270421,80,1,60,FOUND,719474772199,952956993379,658366,0,12015296122307774398,683437488502139802117860,218096981684630423435198,654361000,654361.0,654.361,0.654361,2026-02-09 23:25:15,2026-02-09 23:25:15,n_values_equal\n_values_080bit.txt
685628515726799976270421,80,2,60,FOUND,719474772199,952956993379,1072687,0,5167495041734195568,493655224130468367411434,459573829902888285470390,1112629100,1112629.1,1112.6291,1.1126291,2026-02-09 23:25:15,2026-02-09 23:25:17,n_values_equal\n_values_080bit.txt
685628515726799976270421,80,3,60,FOUND,719474772199,952956993379,363770,0,13198378742007284236,42260321938808640504308,269816733912121904303414,396270100,396270.1,396.2701,0.3962701,2026-02-09 23:25:17,2026-02-09 23:25:17,n_values_equal\n_values_080bit.txt
889578308666235390455321,80,1,60,FOUND,1098574774189,809756722589,654112,0,5572371226549614404,89332364047667362610491,294006722447409749220524,636015300,636015.3,636.0153,0.6360153,2026-02-09 23:25:17,2026-02-09 23:25:18,n_values_equal\n_values_080bit.txt
889578308666235390455321,80,2,60,FOUND,809756722589,1098574774189,971679,0,13302763763097148158,509082549339491978509065,427156234605716799207015,955679700,955679.7,955.6797,0.9556797,2026-02-09 23:25:18,2026-02-09 23:25:19,n_values_equal\n_values_080bit.txt
889578308666235390455321,80,3,60,FOUND,1098574774189,809756722589,989738,0,2590089795002205909,846857645739767491193260,384897663337672828750603,1016904600,1016904.6,1016.9046,1.0169046,2026-02-09 23:25:19,2026-02-09 23:25:20,n_values_equal\n_values_080bit.txt
743394678896453432446739,80,1,60,FOUND,902493756959,823711713421,546260,0,18257296765809553985,411295837598802524022501,488062002538785877249524,564098400,564098.4,564.0984,0.5640984,2026-02-09 23:25:20,2026-02-09 23:25:20,n_values_equal\n_values_080bit.txt
743394678896453432446739,80,2,60,FOUND,823711713421,902493756959,220568,0,13549942361189767425,605874621012641257126958,606798791837496743931656,220842900,220842.9,220.8429,0.2208429,2026-02-09 23:25:20,2026-02-09 23:25:20,n_values_equal\n_values_080bit.txt
743394678896453432446739,80,3,60,FOUND,902493756959,823711713421,817376,0,4391661884694827135,20496098594228298927173,92437007890682005999578,797328400,797328.4,797.3284,0.7973284,2026-02-09 23:25:20,2026-02-09 23:25:21,n_values_equal\n_values_080bit.txt
728417328371126000585053,80,1,60,FOUND,951933466279,765197730907,1063914,0,6581109553410854582,27645688931800482774037,14546865105765617610032,1084935100,1084935.1,1084.9351,1.0849351,2026-02-09 23:25:21,2026-02-09 23:25:22,n_values_equal\n_values_080bit.txt
728417328371126000585053,80,2,60,FOUND,951933466279,765197730907,166968,0,16118388971425266746,461871051289477917051910,715045047597396770326653,178535200,178535.2,178.5352,0.1785352,2026-02-09 23:25:22,2026-02-09 23:25:22,n_values_equal\n_values_080bit.txt
728417328371126000585053,80,3,60,FOUND,951933466279,765197730907,892280,0,5964777189822154462,579609628628403830870574,264871677657612999693454,991035900,991035.9,991.0359,0.9910359,2026-02-09 23:25:22,2026-02-09 23:25:23,n_values_equal\n_values_080bit.txt
655861426534210820345251,80,1,60,FOUND,867903969461,755684326391,1099506,0,6831668091420243282,379920481163282176029808,568694397827267955909976,1109332600,1109332.6,1109.3326,1.1093326,2026-02-09 23:25:23,2026-02-09 23:25:24,n_values_equal\n_values_080bit.txt
655861426534210820345251,80,2,60,FOUND,867903969461,755684326391,648810,0,8865973419279844267,123818921675315871620589,541436056245491554816182,665057700,665057.7,665.0577,0.6650577,2026-02-09 23:25:24,2026-02-09 23:25:25,n_values_equal\n_values_080bit.txt
655861426534210820345251,80,3,60,FOUND,867903969461,755684326391,399649,0,7876510013772230362,239863881913097715357714,569632407826692516418497,395334300,395334.3,395.3343,0.3953343,2026-02-09 23:25:25,2026-02-09 23:25:26,n_values_equal\n_values_080bit.txt
708250814838801820601993,80,1,60,FOUND,981266950567,721771801679,492954,0,3306529902251913477,413303865264154880724399,591137498934034270697803,482003600,482003.6,482.0036,0.4820036,2026-02-09 23:25:26,2026-02-09 23:25:26,n_values_equal\n_values_080bit.txt
708250814838801820601993,80,2,60,FOUND,721771801679,981266950567,269596,0,11291187843764724375,351866618527049980196376,71710960655457384741595,264241200,264241.2,264.2412,0.2642412,2026-02-09 23:25:26,2026-02-09 23:25:26,n_values_equal\n_values_080bit.txt
708250814838801820601993,80,3,60,FOUND,981266950567,721771801679,844883,0,11215108060707416484,70326853043299766769207,221361015756467754179926,865832400,865832.4,865.8324,0.8658324,2026-02-09 23:25:26,2026-02-09 23:25:27,n_values_equal\n_values_080bit.txt
978741362924522922857887,80,1,60,FOUND,1005999621841,972904305007,488517,0,5863686365667023075,240832872936957398317939,223041656419168769757622,509320900,509320.9,509.3209,0.5093209,2026-02-09 23:25:27,2026-02-09 23:25:28,n_values_equal\n_values_080bit.txt
978741362924522922857887,80,2,60,FOUND,1005999621841,972904305007,1022336,0,423142187687702785,385318049378063499338606,467255947576281007565110,1069370200,1069370.2,1069.3702,1.0693702,2026-02-09 23:25:28,2026-02-09 23:25:29,n_values_equal\n_values_080bit.txt
978741362924522922857887,80,3,60,FOUND,1005999621841,972904305007,1263944,0,7663649584660856790,586693409827513622749355,514249245025965373874274,1242651900,1242651.9,1242.6519,1.2426519,2026-02-09 23:25:29,2026-02-09 23:25:30,n_values_equal\n_values_080bit.txt
13454387222814681157595461,84,1,60,FOUND,3294607480859,4083760296479,365832,0,6961082577038841325,5824075628795300305768047,13067580911393376688167388,407539500,407539.5,407.5395,0.4075395,2026-02-09 23:25:30,2026-02-09 23:25:30,n_values_equal\n_values_084bit.txt
13454387222814681157595461,84,2,60,FOUND,3294607480859,4083760296479,921411,0,6929954591097777181,2279152043404520789572018,5971560941450424263876982,986555800,986555.8,986.5558,0.9865558,2026-02-09 23:25:30,2026-02-09 23:25:31,n_values_equal\n_values_084bit.txt
13454387222814681157595461,84,3,60,FOUND,4083760296479,3294607480859,666089,0,8373446929676605338,5829163004246145903643372,6764595571427138248896252,672302000,672302.0,672.302,0.672302,2026-02-09 23:25:31,2026-02-09 23:25:32,n_values_equal\n_values_084bit.txt
15311618558175459005778497,84,1,60,FOUND,4270921148731,3585085751987,929658,0,8418477336887968117,4088772111703170200642507,7343379951544138996211990,952399100,952399.1,952.3991,0.9523991,2026-02-09 23:25:32,2026-02-09 23:25:33,n_values_equal\n_values_084bit.txt
15311618558175459005778497,84,2,60,FOUND,3585085751987,4270921148731,2887808,0,9311256286205831701,6121153616746101725205107,7589730026435633642479939,2970810900,2970810.9,2970.8109,2.9708109,2026-02-09 23:25:33,2026-02-09 23:25:36,n_values_equal\n_values_084bit.txt
15311618558175459005778497,84,3,60,FOUND,4270921148731,3585085751987,2101400,0,4007679277428350685,8096290357457953522322830,6534759553741161074421442,2144670500,2144670.5,2144.6705,2.1446705,2026-02-09 23:25:36,2026-02-09 23:25:38,n_values_equal\n_values_084bit.txt
16350978633204211742323241,84,1,60,FOUND,4101629728243,3986458972787,238541,0,8009702865638544824,5528779713643490372447510,3858509939223182116289146,238609100,238609.1,238.6091,0.2386091,2026-02-09 23:25:38,2026-02-09 23:25:38,n_values_equal\n_values_084bit.txt
16350978633204211742323241,84,2,60,FOUND,4101629728243,3986458972787,893395,0,2515658120746826489,10790040674670966470540162,5550975084023807964614565,935039900,935039.9,935.0399,0.9350399,2026-02-09 23:25:38,2026-02-09 23:25:39,n_values_equal\n_values_084bit.txt
16350978633204211742323241,84,3,60,FOUND,4101629728243,3986458972787,1878839,0,8109958601141310557,7568219049837311690687408,1684354828746420078938489,1995116500,1995116.5,1995.1165,1.9951165,2026-02-09 23:25:39,2026-02-09 23:25:41,n_values_equal\n_values_084bit.txt
10283794478777950522974097,84,1,60,FOUND,2601360476899,3953236996603,2047626,0,5724389739599407042,1794038959366709724837279,1309288416291341200311753,2145514100,2145514.1,2145.5141,2.1455141,2026-02-09 23:25:41,2026-02-09 23:25:43,n_values_equal\n_values_084bit.txt
10283794478777950522974097,84,2,60,FOUND,2601360476899,3953236996603,1467207,0,1338090711444240931,7107920661537745944501865,5692717168998037990876156,1496142900,1496142.9,1496.1429,1.4961429,2026-02-09 23:25:43,2026-02-09 23:25:45,n_values_equal\n_values_084bit.txt
10283794478777950522974097,84,3,60,FOUND,3953236996603,2601360476899,233958,0,6298807969374487984,6720786596191926307626679,1060612489203707524971735,241776100,241776.1,241.7761,0.2417761,2026-02-09 23:25:45,2026-02-09 23:25:45,n_values_equal\n_values_084bit.txt
10712701096467914799857549,84,1,60,FOUND,3123078252661,3430173767609,1142010,0,15618078453979853782,7480523894802316693221321,10032041080355119210062232,1180121100,1180121.1,1180.1211,1.1801211,2026-02-09 23:25:45,2026-02-09 23:25:46,n_values_equal\n_values_084bit.txt
10712701096467914799857549,84,2,60,FOUND,3430173767609,3123078252661,912403,0,1121404588556976620,9600596486656573494385111,10215330367437794027952885,910518400,910518.4,910.5184,0.9105184,2026-02-09 23:25:46,2026-02-09 23:25:47,n_values_equal\n_values_084bit.txt
10712701096467914799857549,84,3,60,FOUND,3123078252661,3430173767609,1924265,0,9209928198431468084,1951067581474279238427806,9094796407495540219963347,1924775500,1924775.5,1924.7755,1.9247755,2026-02-09 23:25:47,2026-02-09 23:25:49,n_values_equal\n_values_084bit.txt
15512612781969077550303571,84,1,60,FOUND,3664183603891,4233579552481,1272786,0,310169775929133133,5318023301301154089956292,7494337104424377270870541,1264244000,1264244.0,1264.244,1.264244,2026-02-09 23:25:49,2026-02-09 23:25:50,n_values_equal\n_values_084bit.txt
15512612781969077550303571,84,2,60,FOUND,4233579552481,3664183603891,496509,0,3361031410158990692,2989702955610871935026225,1426052236756140640278851,497099000,497099.0,497.099,0.497099,2026-02-09 23:25:50,2026-02-09 23:25:51,n_values_equal\n_values_084bit.txt
15512612781969077550303571,84,3,60,FOUND,4233579552481,3664183603891,2028316,0,10745636220037427186,3537296662638353756645692,11061459809522848839354921,2107532500,2107532.5,2107.5325,2.1075325,2026-02-09 23:25:51,2026-02-09 23:25:53,n_values_equal\n_values_084bit.txt
17127884333235054754878697,84,1,60,FOUND,4366780330019,3922314162563,1786776,0,6840855716815848010,843220824439626145809854,6173495250004156980673222,1904073900,1904073.9,1904.0739,1.9040739,2026-02-09 23:25:53,2026-02-09 23:25:55,n_values_equal\n_values_084bit.txt
17127884333235054754878697,84,2,60,FOUND,4366780330019,3922314162563,465235,0,5429573349087356974,10281691797296260319445176,2145764331975842128070806,479423000,479423.0,479.423,0.479423,2026-02-09 23:25:55,2026-02-09 23:25:55,n_values_equal\n_values_084bit.txt
17127884333235054754878697,84,3,60,FOUND,3922314162563,4366780330019,474516,0,16486337501356369197,4536264437632557914485650,132325961939429958590305,483190300,483190.3,483.1903,0.4831903,2026-02-09 23:25:55,2026-02-09 23:25:56,n_values_equal\n_values_084bit.txt
10854264384241202852157103,84,1,60,FOUND,3485965575373,3113703836011,3011372,0,9923030965113036244,6014186657132020417196409,7300853579927313274776913,3128712900,3128712.9,3128.7129,3.1287129,2026-02-09 23:25:56,2026-02-09 23:25:59,n_values_equal\n_values_084bit.txt
10854264384241202852157103,84,2,60,FOUND,3485965575373,3113703836011,1606285,0,1578771685728881454,566011154669076929932182,10110984264944843409731830,1660204500,1660204.5,1660.2045,1.6602045,2026-02-09 23:25:59,2026-02-09 23:26:01,n_values_equal\n_values_084bit.txt
10854264384241202852157103,84,3,60,FOUND,3113703836011,3485965575373,3080020,0,492630412624025733,6751432937031406128562786,8232536894070929943295265,3168768500,3168768.5,3168.7685,3.1687685,2026-02-09 23:26:01,2026-02-09 23:26:04,n_values_equal\n_values_084bit.txt
13972056237735264973268527,84,1,60,FOUND,3769237451773,3706865491099,1924910,0,15231774520816179735,11423115469625239655461210,6749108743205670526951669,1999602200,1999602.2,1999.6022,1.9996022,2026-02-09 23:26:04,2026-02-09 23:26:06,n_values_equal\n_values_084bit.txt
13972056237735264973268527,84,2,60,FOUND,3769237451773,3706865491099,789489,0,6112390790325032387,11044499393212591634826365,3761337368518568183663320,790909800,790909.8,790.9098,0.7909098,2026-02-09 23:26:06,2026-02-09 23:26:07,n_values_equal\n_values_084bit.txt
13972056237735264973268527,84,3,60,FOUND,3706865491099,3769237451773,2048573,0,3097622674815097830,9358739115460964680363367,2688962534642314461656683,2200157500,2200157.5,2200.1575,2.2001575,2026-02-09 23:26:07,2026-02-09 23:26:09,n_values_equal\n_values_084bit.txt
17294788698937137871122253,84,1,60,FOUND,3933484843217,4396810814909,2548903,0,4065520676571657844,5798604730924339132999125,13776334117707639631393626,2602121800,2602121.8,2602.1218,2.6021218,2026-02-09 23:26:09,2026-02-09 23:26:11,n_values_equal\n_values_084bit.txt
17294788698937137871122253,84,2,60,FOUND,4396810814909,3933484843217,386492,0,10460245695033799042,7831616195200500501158739,10136241744195292774233394,411285000,411285.0,411.285,0.411285,2026-02-09 23:26:11,2026-02-09 23:26:12,n_values_equal\n_values_084bit.txt
17294788698937137871122253,84,3,60,FOUND,3933484843217,4396810814909,530264,0,16619637612332923742,3921220695577433578495356,14243010318076335766486366,553942400,553942.4,553.9424,0.5539424,2026-02-09 23:26:12,2026-02-09 23:26:12,n_values_equal\n_values_084bit.txt
13747027584996253468807907,84,1,60,FOUND,3792411565391,3624877560877,1318992,0,2873729472915939635,12391162997811747660518574,6312363334763395065730100,1392156200,1392156.2,1392.1562,1.3921562,2026-02-09 23:26:12,2026-02-09 23:26:14,n_values_equal\n_values_084bit.txt
13747027584996253468807907,84,2,60,FOUND,3792411565391,3624877560877,1213413,0,919582304225977878,4592468477128200540411108,11338247614595080376751018,1214332800,1214332.8,1214.3328,1.2143328,2026-02-09 23:26:14,2026-02-09 23:26:15,n_values_equal\n_values_084bit.txt
13747027584996253468807907,84,3,60,FOUND,3624877560877,3792411565391,487927,0,15017335204417876179,8461613804287593203205948,10169256163078934605605876,509296400,509296.4,509.2964,0.5092964,2026-02-09 23:26:15,2026-02-09 23:26:16,n_values_equal\n_values_084bit.txt
12962742553606285103890169,84,1,60,FOUND,3942998686409,3287534078641,1134760,0,1432084346354673795,1941437364799115830267825,3272124540157298559559048,1130580500,1130580.5,1130.5805,1.1305805,2026-02-09 23:26:16,2026-02-09 23:26:17,n_values_equal\n_values_084bit.txt
12962742553606285103890169,84,2,60,FOUND,3287534078641,3942998686409,422583,0,9258287212188505358,11860115148894228274224760,7668315103287495865766005,434045800,434045.8,434.0458,0.4340458,2026-02-09 23:26:17,2026-02-09 23:26:17,n_values_equal\n_values_084bit.txt
12962742553606285103890169,84,3,60,FOUND,3287534078641,3942998686409,941956,0,2468665431350994196,4418108460515320960756089,10263424909622275046321032,998177900,998177.9,998.1779,0.9981779,2026-02-09 23:26:17,2026-02-09 23:26:18,n_values_equal\n_values_084bit.txt
12159611531747657861466467,84,1,60,FOUND,3967691967521,3064656135427,933028,0,12589055066897821074,10505873423409212881469701,9539118974572819248068377,966968400,966968.4,966.9684,0.9669684,2026-02-09 23:26:18,2026-02-09 23:26:19,n_values_equal\n_values_084bit.txt
12159611531747657861466467,84,2,60,FOUND,3967691967521,3064656135427,998745,0,7747614899908749564,2440327687333359509838167,3142383529641884547842365,1021792500,1021792.5,1021.7925,1.0217925,2026-02-09 23:26:19,2026-02-09 23:26:20,n_values_equal\n_values_084bit.txt
12159611531747657861466467,84,3,60,FOUND,3967691967521,3064656135427,1595208,0,2031225182418150118,1017280882536165699706408,3099384084736071874698134,1633731100,1633731.1,1633.7311,1.6337311,2026-02-09 23:26:20,2026-02-09 23:26:22,n_values_equal\n_values_084bit.txt
16062695462156030630042699,84,1,60,FOUND,4362009485083,3682407275153,2257084,0,6907627480894889281,1602652159991677969796768,10779050487496203421780954,2403336200,2403336.2,2403.3362,2.4033362,2026-02-09 23:26:22,2026-02-09 23:26:24,n_values_equal\n_values_084bit.txt
16062695462156030630042699,84,2,60,FOUND,3682407275153,4362009485083,682971,0,2187623253195553336,11311607768289575545638339,11819819143901363091112729,702996100,702996.1,702.9961,0.7029961,2026-02-09 23:26:24,2026-02-09 23:26:25,n_values_equal\n_values_084bit.txt
16062695462156030630042699,84,3,60,FOUND,4362009485083,3682407275153,1295444,0,14147125202706714801,4337796369201421730676075,9343142274084186641316816,1393181700,1393181.7,1393.1817,1.3931817,2026-02-09 23:26:25,2026-02-09 23:26:26,n_values_equal\n_values_084bit.txt
12677543973899279591990057,84,1,60,FOUND,2926221151999,4332394345943,590615,0,16372265698241715676,10277660403067309932614947,12080723740275836038677459,625106800,625106.8,625.1068,0.6251068,2026-02-09 23:26:26,2026-02-09 23:26:27,n_values_equal\n_values_084bit.txt
12677543973899279591990057,84,2,60,FOUND,2926221151999,4332394345943,1073157,0,10963298260592740136,11646212912179256367429710,11199658045073750343987781,1093951100,1093951.1,1093.9511,1.0939511,2026-02-09 23:26:27,2026-02-09 23:26:28,n_values_equal\n_values_084bit.txt
12677543973899279591990057,84,3,60,FOUND,2926221151999,4332394345943,915555,0,1548653660832071372,9189497378600070857517006,8471014583840721462543357,947736600,947736.6,947.7366,0.9477366,2026-02-09 23:26:28,2026-02-09 23:26:29,n_values_equal\n_values_084bit.txt
10622313856539262235637989,84,1,60,FOUND,3084777029071,3443462446859,351942,0,6421032422068135369,3113683581999772688759396,5962456679103182240041788,346462000,346462.0,346.462,0.346462,2026-02-09 23:26:29,2026-02-09 23:26:29,n_values_equal\n_values_084bit.txt
10622313856539262235637989,84,2,60,FOUND,3084777029071,3443462446859,846135,0,9615250652116276034,4446893935649813486584052,1599859614628511733383475,882942000,882942.0,882.942,0.882942,2026-02-09 23:26:29,2026-02-09 23:26:30,n_values_equal\n_values_084bit.txt
10622313856539262235637989,84,3,60,FOUND,3443462446859,3084777029071,544030,0,6556849587790601205,2021808952030262653092507,7130625903645237626793689,572790800,572790.8,572.7908,0.5727908,2026-02-09 23:26:30,2026-02-09 23:26:31,n_values_equal\n_values_084bit.txt
12425930791310459935578767,84,1,60,FOUND,3460409691643,3590884287869,892173,0,8703830061175748841,809644785450469596808709,3088199041652006331551223,887035300,887035.3,887.0353,0.8870353,2026-02-09 23:26:31,2026-02-09 23:26:32,n_values_equal\n_values_084bit.txt
12425930791310459935578767,84,2,60,FOUND,3460409691643,3590884287869,871887,0,5369799307683920287,7193681702600970638404149,3008949369132249161195690,864757200,864757.2,864.7572,0.8647572,2026-02-09 23:26:32,2026-02-09 23:26:32,n_values_equal\n_values_084bit.txt
12425930791310459935578767,84,3,60,FOUND,3460409691643,3590884287869,1549236,0,2119257681154043936,1642487312591058410755091,11018421793407263489185294,1570442000,1570442.0,1570.442,1.570442,2026-02-09 23:26:32,2026-02-09 23:26:34,n_values_equal\n_values_084bit.txt
10679414392038215952957247,84,1,60,FOUND,3550093816193,3008206246079,1681525,0,6593370243443847077,8707448150665243199023116,7498381830985253697829229,1725669800,1725669.8,1725.6698,1.7256698,2026-02-09 23:26:34,2026-02-09 23:26:36,n_values_equal\n_values_084bit.txt
10679414392038215952957247,84,2,60,FOUND,3550093816193,3008206246079,726664,0,6544712405195356007,5086468149354273093621917,2829779297321715335031970,816427900,816427.9,816.4279,0.8164279,2026-02-09 23:26:36,2026-02-09 23:26:37,n_values_equal\n_values_084bit.txt
10679414392038215952957247,84,3,60,FOUND,3550093816193,3008206246079,2022344,0,10602409861185383821,3865378931501406585163438,5252070213959065295275047,2073411900,2073411.9,2073.4119,2.0734119,2026-02-09 23:26:37,2026-02-09 23:26:39,n_values_equal\n_values_084bit.txt
10120428163647871560169583,84,1,60,FOUND,3537173183153,2861162753311,106191,0,16221445809903001490,8856961963463522822583061,3963299394567190969510132,113255500,113255.5,113.2555,0.1132555,2026-02-09 23:26:39,2026-02-09 23:26:39,n_values_equal\n_values_084bit.txt
10120428163647871560169583,84,2,60,FOUND,2861162753311,3537173183153,461892,0,16906694897883984882,1242697368909112589628751,7335071407576710465928618,502670500,502670.5,502.6705,0.5026705,2026-02-09 23:26:39,2026-02-09 23:26:39,n_values_equal\n_values_084bit.txt
10120428163647871560169583,84,3,60,FOUND,2861162753311,3537173183153,686507,0,13767165716705044530,1529672852993787070068413,4830855397008727148401176,714874400,714874.4,714.8744,0.7148744,2026-02-09 23:26:39,2026-02-09 23:26:40,n_values_equal\n_values_084bit.txt
9722989971201889021314427,84,1,60,FOUND,3694890849427,2631468795001,877206,0,1002275065115702053,5410522406628429660399961,3191805760949781982431822,895421000,895421.0,895.421,0.895421,2026-02-09 23:26:40,2026-02-09 23:26:41,n_values_equal\n_values_084bit.txt
9722989971201889021314427,84,2,60,FOUND,3694890849427,2631468795001,1750050,0,6780945356417439363,3401065977964687931191563,1579850984003179795659418,1818680700,1818680.7,1818.6807,1.8186807,2026-02-09 23:26:41,2026-02-09 23:26:43,n_values_equal\n_values_084bit.txt
9722989971201889021314427,84,3,60,FOUND,3694890849427,2631468795001,1816497,0,11214616399758272557,4019470051712469807027316,234925587801761286399222,1887792900,1887792.9,1887.7929,1.8877929,2026-02-09 23:26:43,2026-02-09 23:26:45,n_values_equal\n_values_084bit.txt
10577251104400369117871383,84,1,60,FOUND,2897477145047,3650503722689,1034621,0,437664779039032543,6647679996238538821638728,9191495162291307092731250,1028931100,1028931.1,1028.9311,1.0289311,2026-02-09 23:26:45,2026-02-09 23:26:46,n_values_equal\n_values_084bit.txt
10577251104400369117871383,84,2,60,FOUND,2897477145047,3650503722689,669700,0,7183357821305970052,9142870527990546632639084,9236280010099518210737878,681160300,681160.3,681.1603,0.6811603,2026-02-09 23:26:46,2026-02-09 23:26:46,n_values_equal\n_values_084bit.txt
10577251104400369117871383,84,3,60,FOUND,2897477145047,3650503722689,180087,0,17866122554953979157,7429256846370337124852392,7479788949090678911870226,174757100,174757.1,174.7571,0.1747571,2026-02-09 23:26:46,2026-02-09 23:26:46,n_values_equal\n_values_084bit.txt
14422489419566857449407227,84,1,60,FOUND,4365422228779,3303801708913,1171950,0,17648795256316192075,13983389419745216060697471,10022214469937912910190232,1194146000,1194146.0,1194.146,1.194146,2026-02-09 23:26:46,2026-02-09 23:26:48,n_values_equal\n_values_084bit.txt
14422489419566857449407227,84,2,60,FOUND,3303801708913,4365422228779,330543,0,11443720373698576887,3543536471675944683084836,2268905905143927323928845,338687400,338687.4,338.6874,0.3386874,2026-02-09 23:26:48,2026-02-09 23:26:48,n_values_equal\n_values_084bit.txt
14422489419566857449407227,84,3,60,FOUND,3303801708913,4365422228779,2210102,0,14396446275001691588,7252760091199989362967408,510649378633130271385407,2220897000,2220897.0,2220.897,2.220897,2026-02-09 23:26:48,2026-02-09 23:26:50,n_values_equal\n_values_084bit.txt
10094498630794925932259833,84,1,60,FOUND,2480151814001,4070113197833,1688565,0,8047404783692128100,2612952827854243351472191,9160108128244202456125031,1637947400,1637947.4,1637.9474,1.6379474,2026-02-09 23:26:50,2026-02-09 23:26:52,n_values_equal\n_values_084bit.txt
10094498630794925932259833,84,2,60,FOUND,2480151814001,4070113197833,2095826,0,18133801109390496719,9781080024752919889783988,5358075757526973093384064,2059709600,2059709.6,2059.7096,2.0597096,2026-02-09 23:26:52,2026-02-09 23:26:54,n_values_equal\n_values_084bit.txt
10094498630794925932259833,84,3,60,FOUND,4070113197833,2480151814001,1786500,0,11959660267975208317,691602400256766228140752,6324147766680490310382604,1817047000,1817047.0,1817.047,1.817047,2026-02-09 23:26:54,2026-02-09 23:26:56,n_values_equal\n_values_084bit.txt
16743899433296864314716317,84,1,60,FOUND,4218711743297,3968960301661,2973531,0,7456685769104413813,9667705920087259549029011,7465743046308354574718460,3077445400,3077445.4,3077.4454,3.0774454,2026-02-09 23:26:56,2026-02-09 23:26:59,n_values_equal\n_values_084bit.txt
16743899433296864314716317,84,2,60,FOUND,4218711743297,3968960301661,1296966,0,11409155288711807620,695295879375543583718032,1699787078113807547084648,1370016300,1370016.3,1370.0163,1.3700163,2026-02-09 23:26:59,2026-02-09 23:27:00,n_values_equal\n_values_084bit.txt
16743899433296864314716317,84,3,60,FOUND,4218711743297,3968960301661,1454912,0,10431220732268305015,10530065190085298755844817,11182737283353109600940245,1474751500,1474751.5,1474.7515,1.4747515,2026-02-09 23:27:00,2026-02-09 23:27:02,n_values_equal\n_values_084bit.txt
10214494910615845885398449,84,1,60,FOUND,2347175905819,4351823348771,442083,0,10261531907196192448,4660141578330505511564487,996312816071448119237893,451804200,451804.2,451.8042,0.4518042,2026-02-09 23:27:02,2026-02-09 23:27:02,n_values_equal\n_values_084bit.txt
10214494910615845885398449,84,2,60,FOUND,2347175905819,4351823348771,1195859,0,13083637897882430867,620047658512178319248149,5900830011404715806428233,1227562900,1227562.9,1227.5629,1.2275629,2026-02-09 23:27:02,2026-02-09 23:27:03,n_values_equal\n_values_084bit.txt
10214494910615845885398449,84,3,60,FOUND,2347175905819,4351823348771,1805730,0,18298819690581088487,3679802150757411036253556,9702040347539734763223159,1885423700,1885423.7,1885.4237,1.8854237,2026-02-09 23:27:03,2026-02-09 23:27:05,n_values_equal\n_values_084bit.txt
251364272975425676428146209,88,1,60,FOUND,15344956165213,16380905247893,1546227,0,4490842692811564164,196654054913879228380361124,120382845830109190074364065,1665785800,1665785.8,1665.7858,1.6657858,2026-02-09 23:27:05,2026-02-09 23:27:07,n_values_equal\n_values_088bit.txt
251364272975425676428146209,88,2,60,FOUND,15344956165213,16380905247893,4113323,0,10843241239823525356,40713049943042954891838495,27354025509345789400560947,4417059900,4417059.9,4417.0599,4.4170599,2026-02-09 23:27:07,2026-02-09 23:27:11,n_values_equal\n_values_088bit.txt
251364272975425676428146209,88,3,60,FOUND,16380905247893,15344956165213,2205630,0,10240231054624562313,64755289204959859770150812,52390987080913832034930008,2351500900,2351500.9,2351.5009,2.3515009,2026-02-09 23:27:11,2026-02-09 23:27:14,n_values_equal\n_values_088bit.txt
172221582466171643544534749,88,1,60,FOUND,15518670322637,11097702244177,674018,0,9022938985705907665,100472706704243643806948558,76569803515476810038507671,677126400,677126.4,677.1264,0.6771264,2026-02-09 23:27:14,2026-02-09 23:27:14,n_values_equal\n_values_088bit.txt
172221582466171643544534749,88,2,60,FOUND,11097702244177,15518670322637,1515918,0,11076860995736884758,150814151614008948030362338,135413293052437070457547522,1604933600,1604933.6,1604.9336,1.6049336,2026-02-09 23:27:14,2026-02-09 23:27:16,n_values_equal\n_values_088bit.txt
172221582466171643544534749,88,3,60,FOUND,11097702244177,15518670322637,2998192,0,17628386968171857542,22141802755121668516773661,25328195671962995241251308,3163998100,3163998.1,3163.9981,3.1639981,2026-02-09 23:27:16,2026-02-09 23:27:19,n_values_equal\n_values_088bit.txt
230881484179223295035823707,88,1,60,FOUND,14400827526247,16032515059181,367672,0,7354323595453545327,62129669987019854631933429,96431891654773708022848374,384231300,384231.3,384.2313,0.3842313,2026-02-09 23:27:19,2026-02-09 23:27:19,n_values_equal\n_values_088bit.txt
230881484179223295035823707,88,2,60,FOUND,14400827526247,16032515059181,2718648,0,14154363898033567730,168537102452070918139112434,6345540778927383653002050,2957448000,2957448.0,2957.448,2.957448,2026-02-09 23:27:19,2026-02-09 23:27:22,n_values_equal\n_values_088bit.txt
230881484179223295035823707,88,3,60,FOUND,14400827526247,16032515059181,2014415,0,1760210088549906542,199799607417074440056932597,202259763811817771984218763,2140371200,2140371.2,2140.3712,2.1403712,2026-02-09 23:27:22,2026-02-09 23:27:25,n_values_equal\n_values_088bit.txt
188118867853772252195948753,88,1,60,FOUND,12501571714663,15047617383431,2879878,0,10112053215580641882,184995876730492335279917934,65890989636686773789174261,3504144600,3504144.6,3504.1446,3.5041446,2026-02-09 23:27:25,2026-02-09 23:27:28,n_values_equal\n_values_088bit.txt
188118867853772252195948753,88,2,60,FOUND,12501571714663,15047617383431,1286046,0,5517340358576516120,115210190740589479423624907,25820537304311171970236297,1366096700,1366096.7,1366.0967,1.3660967,2026-02-09 23:27:28,2026-02-09 23:27:29,n_values_equal\n_values_088bit.txt
188118867853772252195948753,88,3,60,FOUND,12501571714663,15047617383431,1710310,0,15125073984734436938,173429485472361738066588799,53478633865757737923711078,1855328800,1855328.8,1855.3288,1.8553288,2026-02-09 23:27:29,2026-02-09 23:27:31,n_values_equal\n_values_088bit.txt
166505933837772862135840861,88,1,60,FOUND,14778770531237,11266561956953,837615,0,10528765321389038005,39636333450135473239582662,166055053454317603383191375,917470500,917470.5,917.4705,0.9174705,2026-02-09 23:27:31,2026-02-09 23:27:32,n_values_equal\n_values_088bit.txt
166505933837772862135840861,88,2,60,FOUND,11266561956953,14778770531237,3488914,0,6484112811493312782,113795559109059559549449154,131625484423583262199268579,3748990300,3748990.3,3748.9903,3.7489903,2026-02-09 23:27:32,2026-02-09 23:27:36,n_values_equal\n_values_088bit.txt
166505933837772862135840861,88,3,60,FOUND,11266561956953,14778770531237,3344376,0,10946694280737148433,135692606549646951260738195,86146316976693221421031381,3534511800,3534511.8,3534.5118,3.5345118,2026-02-09 23:27:36,2026-02-09 23:27:40,n_values_equal\n_values_088bit.txt
258847563752935068996667391,88,1,60,FOUND,15226072499321,17000284463671,2563424,0,2221680623672453855,173192989934839970070044641,49786875311232774824834940,2655758100,2655758.1,2655.7581,2.6557581,2026-02-09 23:27:40,2026-02-09 23:27:42,n_values_equal\n_values_088bit.txt
258847563752935068996667391,88,2,60,FOUND,15226072499321,17000284463671,3439764,0,3249732330536915139,221501662515312660749270987,11651429661476419748485942,3499731600,3499731.6,3499.7316,3.4997316,2026-02-09 23:27:42,2026-02-09 23:27:46,n_values_equal\n_values_088bit.txt
258847563752935068996667391,88,3,60,FOUND,17000284463671,15226072499321,7202151,0,8224937825757501611,177693860324003720737798885,255059923256645461805140594,7476858800,7476858.8,7476.8588,7.4768588,2026-02-09 23:27:46,2026-02-09 23:27:53,n_values_equal\n_values_088bit.txt
213549413401167677718629851,88,1,60,FOUND,14023956386483,15227472727097,2477623,0,6975079551632961495,2549808895701321457821448,142982445662335143884802300,2605349900,2605349.9,2605.3499,2.6053499,2026-02-09 23:27:53,2026-02-09 23:27:56,n_values_equal\n_values_088bit.txt
213549413401167677718629851,88,2,60,FOUND,15227472727097,14023956386483,2896953,0,603280142965922056,153407722603507100063036373,163338079561515984475887151,3179898400,3179898.4,3179.8984,3.1798984,2026-02-09 23:27:56,2026-02-09 23:27:59,n_values_equal\n_values_088bit.txt
213549413401167677718629851,88,3,60,FOUND,15227472727097,14023956386483,2657240,0,12290416623507787301,198369815057129068570401283,32323874074236994044330422,2795005500,2795005.5,2795.0055,2.7950055,2026-02-09 23:27:59,2026-02-09 23:28:02,n_values_equal\n_values_088bit.txt
241200101248275150223664249,88,1,60,FOUND,16690918519559,14450978294911,2479019,0,8555165563567725094,142912597102941596179182043,69910929777631807996504029,2561248500,2561248.5,2561.2485,2.5612485,2026-02-09 23:28:02,2026-02-09 23:28:04,n_values_equal\n_values_088bit.txt
241200101248275150223664249,88,2,60,FOUND,16690918519559,14450978294911,2963892,0,5562977838395314660,87627758260621798879086279,159645084871867441061416445,3056206300,3056206.3,3056.2063,3.0562063,2026-02-09 23:28:04,2026-02-09 23:28:07,n_values_equal\n_values_088bit.txt
241200101248275150223664249,88,3,60,FOUND,16690918519559,14450978294911,3215569,0,15612989751296235681,191340075927372281147219506,30565404016899755652753195,3382224300,3382224.3,3382.2243,3.3822243,2026-02-09 23:28:07,2026-02-09 23:28:11,n_values_equal\n_values_088bit.txt
188005265776388288330540881,88,1,60,FOUND,10994624808197,17099743652573,4369422,0,18126106053292739866,13832559110578702980989608,21828494825529612578763309,4639545800,4639545.8,4639.5458,4.6395458,2026-02-09 23:28:11,2026-02-09 23:28:15,n_values_equal\n_values_088bit.txt
188005265776388288330540881,88,2,60,FOUND,10994624808197,17099743652573,608684,0,6610217240925876132,152765279462154257812277071,66062443163272747566727639,673375500,673375.5,673.3755,0.6733755,2026-02-09 23:28:15,2026-02-09 23:28:16,n_values_equal\n_values_088bit.txt
188005265776388288330540881,88,3,60,FOUND,10994624808197,17099743652573,974752,0,13753597573591917348,2992853340373330452558549,115760779760983098581776673,1027909600,1027909.6,1027.9096,1.0279096,2026-02-09 23:28:16,2026-02-09 23:28:17,n_values_equal\n_values_088bit.txt
164540473748881470446009737,88,1,60,FOUND,11362012652699,14481630920363,2262798,0,1269747819158579478,13265980430032138262144822,68188717415930302607978506,2406067000,2406067.0,2406.067,2.406067,2026-02-09 23:28:17,2026-02-09 23:28:19,n_values_equal\n_values_088bit.txt
164540473748881470446009737,88,2,60,FOUND,11362012652699,14481630920363,5110833,0,12335512842989236818,25327506799647053292289952,86233489558759870532006059,5183979900,5183979.9,5183.9799,5.1839799,2026-02-09 23:28:19,2026-02-09 23:28:25,n_values_equal\n_values_088bit.txt
164540473748881470446009737,88,3,60,FOUND,14481630920363,11362012652699,2827044,0,9097707577025093167,38788029040612732768243082,100308589443119341931744482,2873444400,2873444.4,2873.4444,2.8734444,2026-02-09 23:28:25,2026-02-09 23:28:28,n_values_equal\n_values_088bit.txt
179246712849638193089069767,88,1,60,FOUND,10234012222901,17514803475467,3500468,0,10570045795247137829,3009512645526889072626559,129753907492761620387133393,3720012600,3720012.6,3720.0126,3.7200126,2026-02-09 23:28:28,2026-02-09 23:28:31,n_values_equal\n_values_088bit.txt
179246712849638193089069767,88,2,60,FOUND,10234012222901,17514803475467,3000096,0,5103203139158649015,82889298553166304736264642,146450968718436267477157466,3128060700,3128060.7,3128.0607,3.1280607,2026-02-09 23:28:31,2026-02-09 23:28:34,n_values_equal\n_values_088bit.txt
179246712849638193089069767,88,3,60,FOUND,17514803475467,10234012222901,743996,0,13955558978155614234,139201079020906924564928551,98053486944390738448973700,787248800,787248.8,787.2488,0.7872488,2026-02-09 23:28:34,2026-02-09 23:28:35,n_values_equal\n_values_088bit.txt
191979926476179061230306911,88,1,60,FOUND,10941668942081,17545762670431,1744704,0,8199519507234191006,4100117867629290285934488,94123939794666142124233565,1831517400,1831517.4,1831.5174,1.8315174,2026-02-09 23:28:35,2026-02-09 23:28:37,n_values_equal\n_values_088bit.txt
191979926476179061230306911,88,2,60,FOUND,17545762670431,10941668942081,5321406,0,15233079888996236604,60342324369124818681341135,12333524756434277056509915,5663150900,5663150.9,5663.1509,5.6631509,2026-02-09 23:28:37,2026-02-09 23:28:43,n_values_equal\n_values_088bit.txt
191979926476179061230306911,88,3,60,FOUND,10941668942081,17545762670431,2999216,0,14315365999125264249,42858964614511505067482072,29603683212318343202622205,3203553500,3203553.5,3203.5535,3.2035535,2026-02-09 23:28:43,2026-02-09 23:28:46,n_values_equal\n_values_088bit.txt
163118797282379271806847113,88,1,60,FOUND,15556485688717,10485581418989,2995519,0,7909645778221717030,126164701522681128140840500,1074780783160594323208198,3106515700,3106515.7,3106.5157,3.1065157,2026-02-09 23:28:46,2026-02-09 23:28:49,n_values_equal\n_values_088bit.txt
163118797282379271806847113,88,2,60,FOUND,10485581418989,15556485688717,590362,0,1746272248726988658,103677419778064873259971875,91406580694597617946626200,613245200,613245.2,613.2452,0.6132452,2026-02-09 23:28:49,2026-02-09 23:28:50,n_values_equal\n_values_088bit.txt
163118797282379271806847113,88,3,60,FOUND,10485581418989,15556485688717,1071946,0,9365239203641987100,57952469151708356513318884,33626543324469411288290949,1120683500,1120683.5,1120.6835,1.1206835,2026-02-09 23:28:50,2026-02-09 23:28:51,n_values_equal\n_values_088bit.txt
210390737520504438620735449,88,1,60,FOUND,12794588334617,16443728552897,852063,0,7450818838477854530,28148995511550173421063982,148817624362562081995284539,885918300,885918.3,885.9183,0.8859183,2026-02-09 23:28:51,2026-02-09 23:28:52,n_values_equal\n_values_088bit.txt
210390737520504438620735449,88,2,60,FOUND,16443728552897,12794588334617,1862833,0,13842171780953794381,44971384166845315600124401,12526791212662064508433919,1856465500,1856465.5,1856.4655,1.8564655,2026-02-09 23:28:52,2026-02-09 23:28:53,n_values_equal\n_values_088bit.txt
210390737520504438620735449,88,3,60,FOUND,16443728552897,12794588334617,1999082,0,417982266988649667,171627443174126464103143221,58624174880235748982941010,1989526500,1989526.5,1989.5265,1.9895265,2026-02-09 23:28:53,2026-02-09 23:28:55,n_values_equal\n_values_088bit.txt
221479034295373394795284849,88,1,60,FOUND,15477423344989,14309813032741,2944928,0,13711411456116198602,131720195606881942999536288,100452300226843309064933296,3026777800,3026777.8,3026.7778,3.0267778,2026-02-09 23:28:55,2026-02-09 23:28:58,n_values_equal\n_values_088bit.txt
221479034295373394795284849,88,2,60,FOUND,14309813032741,15477423344989,2268204,0,5914955745789709203,165686548998528207587431505,7922482479830133939681472,2377333000,2377333.0,2377.333,2.377333,2026-02-09 23:28:58,2026-02-09 23:29:01,n_values_equal\n_values_088bit.txt
221479034295373394795284849,88,3,60,FOUND,15477423344989,14309813032741,4186933,0,2631894681517612201,186497743830377275174812124,182060300047738245665344742,4319438000,4319438.0,4319.438,4.319438,2026-02-09 23:29:01,2026-02-09 23:29:05,n_values_equal\n_values_088bit.txt
177407571623579815868775683,88,1,60,FOUND,16732919912881,10602308057843,349024,0,16881390345868425249,163681121809297697775135803,17604558452387463431726615,372000700,372000.7,372.0007,0.3720007,2026-02-09 23:29:05,2026-02-09 23:29:06,n_values_equal\n_values_088bit.txt
177407571623579815868775683,88,2,60,FOUND,10602308057843,16732919912881,4771680,0,15203758372996591063,121241588149197211728866851,42616167888163131230345069,5059272600,5059272.6,5059.2726,5.0592726,2026-02-09 23:29:06,2026-02-09 23:29:11,n_values_equal\n_values_088bit.txt
177407571623579815868775683,88,3,60,FOUND,16732919912881,10602308057843,1346646,0,17950945533453799897,147256053658483658942107661,27276147598205925392718193,1457129300,1457129.3,1457.1293,1.4571293,2026-02-09 23:29:11,2026-02-09 23:29:12,n_values_equal\n_values_088bit.txt
198759478700188467763468409,88,1,60,FOUND,11835238275953,16793872169353,4618449,0,11856624071497978938,88867219134955734589112883,68505210154444953129830382,4882038300,4882038.3,4882.0383,4.8820383,2026-02-09 23:29:12,2026-02-09 23:29:17,n_values_equal\n_values_088bit.txt
198759478700188467763468409,88,2,60,FOUND,11835238275953,16793872169353,3026618,0,16305794718131744028,110278505274967957259365728,168568065539137654295795121,3247985600,3247985.6,3247.9856,3.2479856,2026-02-09 23:29:17,2026-02-09 23:29:20,n_values_equal\n_values_088bit.txt
198759478700188467763468409,88,3,60,FOUND,16793872169353,11835238275953,1716191,0,2385883557710479445,189810875213752081185141333,89110660431379583546042079,1818494800,1818494.8,1818.4948,1.8184948,2026-02-09 23:29:20,2026-02-09 23:29:22,n_values_equal\n_values_088bit.txt
169998204142116465234599213,88,1,60,FOUND,11944425018073,14232430936181,2751610,0,12744975068791814271,126829056407083525762811528,156219720752255753110860212,2900272100,2900272.1,2900.2721,2.9002721,2026-02-09 23:29:22,2026-02-09 23:29:25,n_values_equal\n_values_088bit.txt
169998204142116465234599213,88,2,60,FOUND,11944425018073,14232430936181,1297866,0,7966128870408155463,141985275961564146316247452,78013695588564063279306362,1346987500,1346987.5,1346.9875,1.3469875,2026-02-09 23:29:25,2026-02-09 23:29:26,n_values_equal\n_values_088bit.txt
169998204142116465234599213,88,3,60,FOUND,14232430936181,11944425018073,1034894,0,12698528033822087068,119851623201389920762080200,166838300830437019212576217,1083035000,1083035.0,1083.035,1.083035,2026-02-09 23:29:26,2026-02-09 23:29:27,n_values_equal\n_values_088bit.txt
242844369278232922099146479,88,1,60,FOUND,15370468588121,15799412222599,1704410,0,7613857135358417951,24810005176636812404517310,191262925064797098361467805,1851485700,1851485.7,1851.4857,1.8514857,2026-02-09 23:29:27,2026-02-09 23:29:29,n_values_equal\n_values_088bit.txt
242844369278232922099146479,88,2,60,FOUND,15370468588121,15799412222599,2189858,0,414050694535689431,206697005783798640971959809,218340281638563625859932483,2352535500,2352535.5,2352.5355,2.3525355,2026-02-09 23:29:29,2026-02-09 23:29:32,n_values_equal\n_values_088bit.txt
242844369278232922099146479,88,3,60,FOUND,15370468588121,15799412222599,5472018,0,9335855837241442959,94378564514621970634518675,74984515364570330841677570,5850731100,5850731.1,5850.7311,5.8507311,2026-02-09 23:29:32,2026-02-09 23:29:37,n_values_equal\n_values_088bit.txt
154775907679978376269915271,88,1,60,FOUND,9015505170851,17167746537421,2698812,0,8241968103873931462,82324889262782408160065886,108505913567254890130891208,2826323000,2826323.0,2826.323,2.826323,2026-02-09 23:29:37,2026-02-09 23:29:40,n_values_equal\n_values_088bit.txt
154775907679978376269915271,88,2,60,FOUND,9015505170851,17167746537421,1825488,0,3389499908257532116,103892149442369852388948371,70004386055375986225623149,1886772400,1886772.4,1886.7724,1.8867724,2026-02-09 23:29:40,2026-02-09 23:29:42,n_values_equal\n_values_088bit.txt
154775907679978376269915271,88,3,60,FOUND,9015505170851,17167746537421,1046391,0,3229738856897706366,126869323074449799253509044,43467704413898175460500436,1065667900,1065667.9,1065.6679,1.0656679,2026-02-09 23:29:42,2026-02-09 23:29:43,n_values_equal\n_values_088bit.txt
217674562279911841745991089,88,1,60,FOUND,16696413076003,13037205134363,2826178,0,6772697226012671056,62823271871799700269930579,121708736593709929000478780,3029243700,3029243.7,3029.2437,3.0292437,2026-02-09 23:29:43,2026-02-09 23:29:46,n_values_equal\n_values_088bit.txt
217674562279911841745991089,88,2,60,FOUND,13037205134363,16696413076003,793395,0,2761381515105524257,172986289847865409264162494,176070239808679257163535044,853587200,853587.2,853.5872,0.8535872,2026-02-09 23:29:46,2026-02-09 23:29:47,n_values_equal\n_values_088bit.txt
217674562279911841745991089,88,3,60,FOUND,13037205134363,16696413076003,3963192,0,18257213236927171153,54548220676930998827582399,164720417057128619835744273,4295453100,4295453.1,4295.4531,4.2954531,2026-02-09 23:29:47,2026-02-09 23:29:51,n_values_equal\n_values_088bit.txt
188297095182350951932275841,88,1,60,FOUND,11136401744213,16908252728957,1143808,0,17973065397944417114,39590724226689455181031247,94976281982444029046647010,1236062600,1236062.6,1236.0626,1.2360626,2026-02-09 23:29:51,2026-02-09 23:29:53,n_values_equal\n_values_088bit.txt
188297095182350951932275841,88,2,60,FOUND,16908252728957,11136401744213,503468,0,14468162299396795018,65829326468955287141498084,21849553712353251656486564,545756700,545756.7,545.7567,0.5457567,2026-02-09 23:29:53,2026-02-09 23:29:53,n_values_equal\n_values_088bit.txt
188297095182350951932275841,88,3,60,FOUND,16908252728957,11136401744213,2765688,0,16558490286994277250,7901632745620334678443162,123153531782135240323006444,3012726500,3012726.5,3012.7265,3.0127265,2026-02-09 23:29:53,2026-02-09 23:29:56,n_values_equal\n_values_088bit.txt
211823729459751441933241387,88,1,60,FOUND,14599232505331,14509237343977,840350,0,14833177421616118623,123254491462322221793969528,61973540260866149009484192,870489900,870489.9,870.4899,0.8704899,2026-02-09 23:29:56,2026-02-09 23:29:57,n_values_equal\n_values_088bit.txt
211823729459751441933241387,88,2,60,FOUND,14599232505331,14509237343977,1608466,0,16749046238699160746,150901295177094965013439983,128786348634066723058081602,1700296600,1700296.6,1700.2966,1.7002966,2026-02-09 23:29:57,2026-02-09 23:29:59,n_values_equal\n_values_088bit.txt
211823729459751441933241387,88,3,60,FOUND,14599232505331,14509237343977,2832270,0,11054168185346670222,128062838537851173669985597,106658072558702596152901228,3020750200,3020750.2,3020.7502,3.0207502,2026-02-09 23:29:59,2026-02-09 23:30:02,n_values_equal\n_values_088bit.txt
173837698767196474181451337,88,1,60,FOUND,12429819691403,13985536643579,4892952,0,2938484655713542541,65227572804567508207252218,116481556158563456271964772,5027427800,5027427.8,5027.4278,5.0274278,2026-02-09 23:30:02,2026-02-09 23:30:07,n_values_equal\n_values_088bit.txt
173837698767196474181451337,88,2,60,FOUND,12429819691403,13985536643579,3866160,0,7986373821774980044,61870680128701757429971988,129712861632138886043427248,4023122500,4023122.5,4023.1225,4.0231225,2026-02-09 23:30:07,2026-02-09 23:30:11,n_values_equal\n_values_088bit.txt
173837698767196474181451337,88,3,60,FOUND,13985536643579,12429819691403,2655914,0,18367182366129725742,166166634824859592542806246,31256390315969783825256296,2703895000,2703895.0,2703.895,2.703895,2026-02-09 23:30:11,2026-02-09 23:30:13,n_values_equal\n_values_088bit.txt
183942838289795622834266321,88,1,60,FOUND,14516585355317,12671219421613,1277696,0,9932608638441970086,14220009640041916858436383,19125065324272343112243937,1354020500,1354020.5,1354.0205,1.3540205,2026-02-09 23:30:13,2026-02-09 23:30:15,n_values_equal\n_values_088bit.txt
183942838289795622834266321,88,2,60,FOUND,12671219421613,14516585355317,2558619,0,6072765901888967208,136071112270194852014467926,131882473299365985485998293,2732264100,2732264.1,2732.2641,2.7322641,2026-02-09 23:30:15,2026-02-09 23:30:18,n_values_equal\n_values_088bit.txt
183942838289795622834266321,88,3,60,FOUND,14516585355317,12671219421613,2954667,0,10513776498544416394,68056772629344286370491289,155967081846206225478494550,3159915800,3159915.8,3159.9158,3.1599158,2026-02-09 23:30:18,2026-02-09 23:30:21,n_values_equal\n_values_088bit.txt
4129206685116204925864948231,92,1,60,FOUND,65394480381449,63143046034319,12957855,0,3912866856228732222,1715574516182842174028780610,1351649867094097916803892810,15745672800,15745672.8,15745.6728,15.7456728,2026-02-09 23:30:21,2026-02-09 23:30:36,n_values_equal\n_values_092bit.txt
4129206685116204925864948231,92,2,60,FOUND,63143046034319,65394480381449,4148608,0,14675659330550035252,233914047954349480259720097,2056254919814319643362335437,5043133600,5043133.6,5043.1336,5.0431336,2026-02-09 23:30:36,2026-02-09 23:30:42,n_values_equal\n_values_092bit.txt
4129206685116204925864948231,92,3,60,FOUND,65394480381449,63143046034319,9200470,0,6276453688941222761,3468037028677766381398893923,1239241409263263990694170743,11276114200,11276114.2,11276.1142,11.2761142,2026-02-09 23:30:42,2026-02-09 23:30:53,n_values_equal\n_values_092bit.txt
3389090694927368457234271951,92,1,60,FOUND,61348772632003,55243007309317,1274227,0,10828083841001315722,3097936579440355765257982908,928962805456503227623152978,1582648000,1582648.0,1582.648,1.582648,2026-02-09 23:30:53,2026-02-09 23:30:54,n_values_equal\n_values_092bit.txt
3389090694927368457234271951,92,2,60,FOUND,61348772632003,55243007309317,5679074,0,16324184762141711959,3351855699501212585291281120,2686730245466973337025645650,7001953700,7001953.7,7001.9537,7.0019537,2026-02-09 23:30:54,2026-02-09 23:31:01,n_values_equal\n_values_092bit.txt
3389090694927368457234271951,92,3,60,FOUND,61348772632003,55243007309317,3840879,0,7257319397593888551,3109718685841431223212165722,1620467646059044199567472801,4685248700,4685248.7,4685.2487,4.6852487,2026-02-09 23:31:01,2026-02-09 23:31:06,n_values_equal\n_values_092bit.txt
3035820630219347510376049537,92,1,60,FOUND,45737330954933,66375115618589,2592699,0,17426817587475389558,2773103827230490798887037230,1415419609302237868723837098,3042403800,3042403.8,3042.4038,3.0424038,2026-02-09 23:31:06,2026-02-09 23:31:09,n_values_equal\n_values_092bit.txt
3035820630219347510376049537,92,2,60,FOUND,66375115618589,45737330954933,3231283,0,14742439042257881675,725871879412524874913903558,2797826593616697531056398075,3773233100,3773233.1,3773.2331,3.7732331,2026-02-09 23:31:09,2026-02-09 23:31:13,n_values_equal\n_values_092bit.txt
3035820630219347510376049537,92,3,60,FOUND,45737330954933,66375115618589,5155232,0,15669179578724368687,1342607301190501701254156086,1543644925786507695190916350,6200931500,6200931.5,6200.9315,6.2009315,2026-02-09 23:31:13,2026-02-09 23:31:19,n_values_equal\n_values_092bit.txt
2777703952069602424278159961,92,1,60,FOUND,44553114525593,62345898410177,2013491,0,17255992765039689122,1018618370350624543057739819,1206641158739559915592712930,2489077100,2489077.1,2489.0771,2.4890771,2026-02-09 23:31:19,2026-02-09 23:31:22,n_values_equal\n_values_092bit.txt
2777703952069602424278159961,92,2,60,FOUND,44553114525593,62345898410177,8748132,0,12097950560283693724,2447035518999575632887127924,869086365017679861242702978,10725078400,10725078.4,10725.0784,10.7250784,2026-02-09 23:31:22,2026-02-09 23:31:32,n_values_equal\n_values_092bit.txt
2777703952069602424278159961,92,3,60,FOUND,62345898410177,44553114525593,4136604,0,14339423390514293717,98413419799950384421747990,503521260392431583519831784,5038698100,5038698.1,5038.6981,5.0386981,2026-02-09 23:31:32,2026-02-09 23:31:37,n_values_equal\n_values_092bit.txt
3145991903081020471972087771,92,1,60,FOUND,59197383271667,53144104168313,1806930,0,14568949853652003279,2239704235818558768376732447,2044789163699669275912440630,2154748000,2154748.0,2154.748,2.154748,2026-02-09 23:31:37,2026-02-09 23:31:40,n_values_equal\n_values_092bit.txt
3145991903081020471972087771,92,2,60,FOUND,59197383271667,53144104168313,7587776,0,5132298458503134699,3126423780033438733060107041,1440791817016317751199952984,9059014200,9059014.2,9059.0142,9.0590142,2026-02-09 23:31:40,2026-02-09 23:31:49,n_values_equal\n_values_092bit.txt
3145991903081020471972087771,92,3,60,FOUND,53144104168313,59197383271667,3071356,0,10556519502021445529,2548223775367735096597846382,2521500560971498587584466904,3649293900,3649293.9,3649.2939,3.6492939,2026-02-09 23:31:49,2026-02-09 23:31:52,n_values_equal\n_values_092bit.txt
3097508687108833080551632427,92,1,60,FOUND,48348855347539,64065812206793,5321390,0,9536953230729021602,2054461977538684550360902839,2993595771738092370720808429,6400667200,6400667.2,6400.6672,6.4006672,2026-02-09 23:31:52,2026-02-09 23:31:59,n_values_equal\n_values_092bit.txt
3097508687108833080551632427,92,2,60,FOUND,64065812206793,48348855347539,7081004,0,3285767940914776599,3000747295810331908658939581,1847519481367806947405001002,8463601100,8463601.1,8463.6011,8.4636011,2026-02-09 23:31:59,2026-02-09 23:32:07,n_values_equal\n_values_092bit.txt
3097508687108833080551632427,92,3,60,FOUND,48348855347539,64065812206793,3585217,0,15125501589832211911,825270084707463098521858576,2798351504408746851479937064,4404442100,4404442.1,4404.4421,4.4044421,2026-02-09 23:32:07,2026-02-09 23:32:11,n_values_equal\n_values_092bit.txt
3515947775920372186725033761,92,1,60,FOUND,51668520985231,68048159863631,7420752,0,8567327211044053160,2067576125754178152491404576,1769476229514705950273698522,8885013900,8885013.9,8885.0139,8.8850139,2026-02-09 23:32:11,2026-02-09 23:32:20,n_values_equal\n_values_092bit.txt
3515947775920372186725033761,92,2,60,FOUND,51668520985231,68048159863631,5290208,0,10444382908586228616,655493326707044077021888924,812884333196877511148734805,6461201400,6461201.4,6461.2014,6.4612014,2026-02-09 23:32:20,2026-02-09 23:32:27,n_values_equal\n_values_092bit.txt
3515947775920372186725033761,92,3,60,FOUND,68048159863631,51668520985231,4723440,0,3931807937871443190,2103939217891853143437555426,99544219434241947487205425,5794011800,5794011.8,5794.0118,5.7940118,2026-02-09 23:32:27,2026-02-09 23:32:33,n_values_equal\n_values_092bit.txt
3766514619550505513779148713,92,1,60,FOUND,55810544742767,67487508622439,3853973,0,4448474093881625714,1282674444003280655469816743,3035084712047061033609769746,4786321000,4786321.0,4786.321,4.786321,2026-02-09 23:32:33,2026-02-09 23:32:37,n_values_equal\n_values_092bit.txt
3766514619550505513779148713,92,2,60,FOUND,55810544742767,67487508622439,4116468,0,16845849949645817294,204285407870702403635499550,2798353686811889356640224649,5199765800,5199765.8,5199.7658,5.1997658,2026-02-09 23:32:37,2026-02-09 23:32:43,n_values_equal\n_values_092bit.txt
3766514619550505513779148713,92,3,60,FOUND,67487508622439,55810544742767,6484015,0,2475888020851816565,974881728686593709116584039,511997835998032059242124064,7966267300,7966267.3,7966.2673,7.9662673,2026-02-09 23:32:43,2026-02-09 23:32:51,n_values_equal\n_values_092bit.txt
2803499848105556081199521119,92,1,60,FOUND,47711672319529,58759203184711,6292650,0,10699108306679927326,1527807926029460321497274814,122854715522365119666014952,7233614900,7233614.9,7233.6149,7.2336149,2026-02-09 23:32:51,2026-02-09 23:32:58,n_values_equal\n_values_092bit.txt
2803499848105556081199521119,92,2,60,FOUND,47711672319529,58759203184711,2949740,0,15887787574540137772,1561019649481508681752991226,521672644199710507259971041,3458034200,3458034.2,3458.0342,3.4580342,2026-02-09 23:32:58,2026-02-09 23:33:01,n_values_equal\n_values_092bit.txt
2803499848105556081199521119,92,3,60,FOUND,58759203184711,47711672319529,534666,0,6046393550367689378,1705349111499546148874269680,2404075436755235919956377347,627286300,627286.3,627.2863,0.6272863,2026-02-09 23:33:01,2026-02-09 23:33:02,n_values_equal\n_values_092bit.txt
3573079626061643786880733211,92,1,60,FOUND,66505118366761,53726385484451,1529180,0,17211415582919689742,410699512175800902844060125,3213758483539191906034236751,1962124100,1962124.1,1962.1241,1.9621241,2026-02-09 23:33:02,2026-02-09 23:33:04,n_values_equal\n_values_092bit.txt
3573079626061643786880733211,92,2,60,FOUND,53726385484451,66505118366761,8820488,0,1453901156205500482,1115500580370118125002007400,2282444616050031195674784687,10734345100,10734345.1,10734.3451,10.7343451,2026-02-09 23:33:04,2026-02-09 23:33:15,n_values_equal\n_values_092bit.txt
3573079626061643786880733211,92,3,60,FOUND,53726385484451,66505118366761,4545802,0,12530298247686127403,1332558205552956028839075740,1185191180119607340958278091,5516337900,5516337.9,5516.3379,5.5163379,2026-02-09 23:33:15,2026-02-09 23:33:20,n_values_equal\n_values_092bit.txt
2718127225918258269612431173,92,1,60,FOUND,66119789112383,41109133323131,4763626,0,16029731317091796279,1303288486284593711160951963,1501534958731462845641347608,5834728600,5834728.6,5834.7286,5.8347286,2026-02-09 23:33:20,2026-02-09 23:33:26,n_values_equal\n_values_092bit.txt
2718127225918258269612431173,92,2,60,FOUND,66119789112383,41109133323131,4779114,0,2606813961673680480,696985544849310455328290212,2686984837787759503511803443,5790581700,5790581.7,5790.5817,5.7905817,2026-02-09 23:33:26,2026-02-09 23:33:32,n_values_equal\n_values_092bit.txt
2718127225918258269612431173,92,3,60,FOUND,66119789112383,41109133323131,4140420,0,17175691097208659565,97581318720842349874847286,846321762946694245925738205,5090294200,5090294.2,5090.2942,5.0902942,2026-02-09 23:33:32,2026-02-09 23:33:37,n_values_equal\n_values_092bit.txt
3405302812093213289119050863,92,1,60,FOUND,59227130226007,57495657802409,8857485,0,13390688238352602771,444344894666043049788217645,52258137144202775176117415,10490218400,10490218.4,10490.2184,10.4902184,2026-02-09 23:33:37,2026-02-09 23:33:47,n_values_equal\n_values_092bit.txt
3405302812093213289119050863,92,2,60,FOUND,57495657802409,59227130226007,6951864,0,3062141636647241155,3002167056906292739325897890,1217683060105713664188931334,7980803900,7980803.9,7980.8039,7.9808039,2026-02-09 23:33:47,2026-02-09 23:33:55,n_values_equal\n_values_092bit.txt
3405302812093213289119050863,92,3,60,FOUND,57495657802409,59227130226007,2833537,0,7369303575204111308,1944801973059382850034006480,2402456985684347566650511637,3255595800,3255595.8,3255.5958,3.2555958,2026-02-09 23:33:55,2026-02-09 23:33:59,n_values_equal\n_values_092bit.txt
2918839696281188278878553793,92,1,60,FOUND,54846350497583,53218485273871,5386881,0,14033205238271035722,252128379036643930043312570,2142112028725669457868967972,6297295000,6297295.0,6297.295,6.297295,2026-02-09 23:33:59,2026-02-09 23:34:05,n_values_equal\n_values_092bit.txt
2918839696281188278878553793,92,2,60,FOUND,54846350497583,53218485273871,8981016,0,11937272826110237252,566441466249911199141784705,324886386968015394856636087,10592402800,10592402.8,10592.4028,10.5924028,2026-02-09 23:34:05,2026-02-09 23:34:15,n_values_equal\n_values_092bit.txt
2918839696281188278878553793,92,3,60,FOUND,53218485273871,54846350497583,5924268,0,9384477789795132806,284453169735870341099787179,1849847205578910364414118231,6939525200,6939525.2,6939.5252,6.9395252,2026-02-09 23:34:15,2026-02-09 23:34:22,n_values_equal\n_values_092bit.txt
3185745292603986921380353759,92,1,60,FOUND,66677224233569,47778613000511,4936275,0,15452257516583159555,430346847011335173745793326,903188708233637010687367485,5737277700,5737277.7,5737.2777,5.7372777,2026-02-09 23:34:22,2026-02-09 23:34:28,n_values_equal\n_values_092bit.txt
3185745292603986921380353759,92,2,60,FOUND,66677224233569,47778613000511,5387782,0,156475415033695736,1348604618527431770947161755,2157633649076079693735392824,6191275200,6191275.2,6191.2752,6.1912752,2026-02-09 23:34:28,2026-02-09 23:34:34,n_values_equal\n_values_092bit.txt
3185745292603986921380353759,92,3,60,FOUND,66677224233569,47778613000511,7429552,0,9835347434724782888,2324880606327610074231661602,1074262417940607018501203865,8553509300,8553509.3,8553.5093,8.5535093,2026-02-09 23:34:34,2026-02-09 23:34:43,n_values_equal\n_values_092bit.txt
3073218446152980582369522713,92,1,60,FOUND,63391471477639,48479998563167,4048620,0,16231705211520917995,15046712467788381813124057,1250827549786206263739994790,4651607700,4651607.7,4651.6077,4.6516077,2026-02-09 23:34:43,2026-02-09 23:34:48,n_values_equal\n_values_092bit.txt
3073218446152980582369522713,92,2,60,FOUND,48479998563167,63391471477639,8068425,0,14299925028624330300,1903242809227968149858220548,1917358466185938511191211772,9152650300,9152650.3,9152.6503,9.1526503,2026-02-09 23:34:48,2026-02-09 23:34:57,n_values_equal\n_values_092bit.txt
3073218446152980582369522713,92,3,60,FOUND,48479998563167,63391471477639,3162426,0,12012240925313468765,2106879421585569834743929876,1196024625487325449468602428,3595202000,3595202.0,3595.202,3.595202,2026-02-09 23:34:57,2026-02-09 23:35:00,n_values_equal\n_values_092bit.txt
2528555431171754275998948623,92,1,60,FOUND,58419706388819,43282576847317,2896530,0,8225494838035118896,1381625908225203092894787471,2278955154927027994831341560,3271561900,3271561.9,3271.5619,3.2715619,2026-02-09 23:35:00,2026-02-09 23:35:04,n_values_equal\n_values_092bit.txt
2528555431171754275998948623,92,2,60,FOUND,58419706388819,43282576847317,1328758,0,3499442154046100262,1157497653404503798930130315,115683828971544634874861524,1532016900,1532016.9,1532.0169,1.5320169,2026-02-09 23:35:04,2026-02-09 23:35:05,n_values_equal\n_values_092bit.txt
2528555431171754275998948623,92,3,60,FOUND,43282576847317,58419706388819,8501091,0,12963037737813883628,805617422601908875063250686,640392170028322608426534440,9577401400,9577401.4,9577.4014,9.5774014,2026-02-09 23:35:05,2026-02-09 23:35:15,n_values_equal\n_values_092bit.txt
3754641885928645496493656911,92,1,60,FOUND,61158334871009,61392153560879,7059679,0,8985751878928988808,3155129305021153719857235295,1790423339188663277618816055,8330745000,8330745.0,8330.745,8.330745,2026-02-09 23:35:15,2026-02-09 23:35:23,n_values_equal\n_values_092bit.txt
3754641885928645496493656911,92,2,60,FOUND,61158334871009,61392153560879,3076422,0,4074698917294987780,3219069227211004697641290683,2323118066575784635185597491,3791561400,3791561.4,3791.5614,3.7915614,2026-02-09 23:35:23,2026-02-09 23:35:27,n_values_equal\n_values_092bit.txt
3754641885928645496493656911,92,3,60,FOUND,61392153560879,61158334871009,9099008,0,5412661696297678664,2085284437805611942470327791,399866805062404776906698790,10912942300,10912942.3,10912.9423,10.9129423,2026-02-09 23:35:27,2026-02-09 23:35:38,n_values_equal\n_values_092bit.txt
3322632970477621802536944151,92,1,60,FOUND,68355128717011,48608393149741,5209081,0,12044355631495078336,1030533908761158243989695744,2834160082518938468172742923,6163988100,6163988.1,6163.9881,6.1639881,2026-02-09 23:35:38,2026-02-09 23:35:44,n_values_equal\n_values_092bit.txt
3322632970477621802536944151,92,2,60,FOUND,48608393149741,68355128717011,4764580,0,10470086181251245404,819234454338012716813526516,2205848936501427274866008199,5646954300,5646954.3,5646.9543,5.6469543,2026-02-09 23:35:44,2026-02-09 23:35:49,n_values_equal\n_values_092bit.txt
3322632970477621802536944151,92,3,60,FOUND,48608393149741,68355128717011,2341893,0,12389446818950309986,1481787289727479651634796725,1749479386786905919882672367,2767479500,2767479.5,2767.4795,2.7674795,2026-02-09 23:35:49,2026-02-09 23:35:52,n_values_equal\n_values_092bit.txt
3536464128972724109456958397,92,1,60,FOUND,53413187196659,66209569482383,4798297,0,398491517762085149,2818810285823935680062909080,1672859443807999445495908640,5503526100,5503526.1,5503.5261,5.5035261,2026-02-09 23:35:52,2026-02-09 23:35:58,n_values_equal\n_values_092bit.txt
3536464128972724109456958397,92,2,60,FOUND,53413187196659,66209569482383,6105554,0,11613243464257386534,2672813323052771816080459360,2375944986668580751103965780,6957937700,6957937.7,6957.9377,6.9579377,2026-02-09 23:35:58,2026-02-09 23:36:05,n_values_equal\n_values_092bit.txt
3536464128972724109456958397,92,3,60,FOUND,66209569482383,53413187196659,9250772,0,14620337024150921900,1997462356847321240620172666,2260778333316384348770681943,10592382200,10592382.2,10592.3822,10.5923822,2026-02-09 23:36:05,2026-02-09 23:36:15,n_values_equal\n_values_092bit.txt
4285983395009463035319608323,92,1,60,FOUND,61409319558787,69793696230529,8586517,0,8190426631259242939,1953675000177505382384966575,256990482737956877261765224,9949003700,9949003.7,9949.0037,9.9490037,2026-02-09 23:36:15,2026-02-09 23:36:25,n_values_equal\n_values_092bit.txt
4285983395009463035319608323,92,2,60,FOUND,69793696230529,61409319558787,6969010,0,6390503667186547703,4077539846031105890031266532,510718315698561766605648605,8174278000,8174278.0,8174.278,8.174278,2026-02-09 23:36:25,2026-02-09 23:36:33,n_values_equal\n_values_092bit.txt
4285983395009463035319608323,92,3,60,FOUND,69793696230529,61409319558787,9470212,0,1404461822733265988,2632158123793876742778771953,2102523006933619708091846588,11377306300,11377306.3,11377.3063,11.3773063,2026-02-09 23:36:33,2026-02-09 23:36:45,n_values_equal\n_values_092bit.txt
2722757250413346915647337059,92,1,60,FOUND,47362595529583,57487500842573,5668107,0,9078260884115799299,304344563169050830430784753,1560297186033729923038567704,6572796200,6572796.2,6572.7962,6.5727962,2026-02-09 23:36:45,2026-02-09 23:36:51,n_values_equal\n_values_092bit.txt
2722757250413346915647337059,92,2,60,FOUND,47362595529583,57487500842573,4008596,0,2517907554009894556,1310191425630823154828216492,1169081199939939995070596795,4711958600,4711958.6,4711.9586,4.7119586,2026-02-09 23:36:51,2026-02-09 23:36:56,n_values_equal\n_values_092bit.txt
2722757250413346915647337059,92,3,60,FOUND,57487500842573,47362595529583,6345620,0,750890146853533881,85587257888953039362262893,908751477106649450243750904,7641248000,7641248.0,7641.248,7.641248,2026-02-09 23:36:56,2026-02-09 23:37:04,n_values_equal\n_values_092bit.txt
2670552466141165331710630259,92,1,60,FOUND,55868689108283,47800521343273,4987718,0,10240022552729174559,1378515801952111268778649506,2316705973147813410024455385,5886169700,5886169.7,5886.1697,5.8861697,2026-02-09 23:37:04,2026-02-09 23:37:10,n_values_equal\n_values_092bit.txt
2670552466141165331710630259,92,2,60,FOUND,55868689108283,47800521343273,1636942,0,572541457314113783,1161403223392498130471925327,2211627775662875510223754244,1926589900,1926589.9,1926.5899,1.9265899,2026-02-09 23:37:10,2026-02-09 23:37:12,n_values_equal\n_values_092bit.txt
2670552466141165331710630259,92,3,60,FOUND,55868689108283,47800521343273,2031304,0,16357805464335473288,789660449742336533379611491,1609456596761911364877595438,2362463000,2362463.0,2362.463,2.362463,2026-02-09 23:37:12,2026-02-09 23:37:14,n_values_equal\n_values_092bit.txt
2658772646124440065274695859,92,1,60,FOUND,48586942550221,54721958340479,7198125,0,9106731985991936732,1307277795387348111157440616,968560998168189193326575638,8808089700,8808089.7,8808.0897,8.8080897,2026-02-09 23:37:14,2026-02-09 23:37:23,n_values_equal\n_values_092bit.txt
2658772646124440065274695859,92,2,60,FOUND,54721958340479,48586942550221,2171586,0,10898935340525644703,407244202455633821415504835,1148849927138715580609744216,2708324200,2708324.2,2708.3242,2.7083242,2026-02-09 23:37:23,2026-02-09 23:37:25,n_values_equal\n_values_092bit.txt
2658772646124440065274695859,92,3,60,FOUND,48586942550221,54721958340479,7605191,0,7279431676440564415,1630265805842907288546005496,380913383661483785606573156,9242868600,9242868.6,9242.8686,9.2428686,2026-02-09 23:37:25,2026-02-09 23:37:35,n_values_equal\n_values_092bit.txt
2829738200320632989203752113,92,1,60,FOUND,51269482599787,55193422223699,6637353,0,1931350896528859591,168892222259893374829914655,2123302640178873876219133957,8031110000,8031110.0,8031.11,8.03111,2026-02-09 23:37:35,2026-02-09 23:37:43,n_values_equal\n_values_092bit.txt
2829738200320632989203752113,92,2,60,FOUND,55193422223699,51269482599787,3767737,0,743635285487116713,587062343649572558805051952,1306363069683956715470305584,4527643000,4527643.0,4527.643,4.527643,2026-02-09 23:37:43,2026-02-09 23:37:47,n_values_equal\n_values_092bit.txt
2829738200320632989203752113,92,3,60,FOUND,55193422223699,51269482599787,1882196,0,17678891462414699942,206359838944885409996219485,2238945072792146414715373236,2298724900,2298724.9,2298.7249,2.2987249,2026-02-09 23:37:47,2026-02-09 23:37:50,n_values_equal\n_values_092bit.txt
2812858260592151403548339341,92,1,60,FOUND,49038300205987,57360435593743,1933976,0,4926268116763073664,50129764734411510757377627,1365446287786854837371148402,2321664600,2321664.6,2321.6646,2.3216646,2026-02-09 23:37:50,2026-02-09 23:37:52,n_values_equal\n_values_092bit.txt
2812858260592151403548339341,92,2,60,FOUND,57360435593743,49038300205987,8971455,0,5093352890397461361,2200057619168954587416579027,2615883444248670329115214230,10856812200,10856812.2,10856.8122,10.8568122,2026-02-09 23:37:52,2026-02-09 23:38:03,n_values_equal\n_values_092bit.txt
2812858260592151403548339341,92,3,60,FOUND,49038300205987,57360435593743,1499787,0,18195722450673401925,332075665112700568064368123,1977343695204339610209459430,1931635400,1931635.4,1931.6354,1.9316354,2026-02-09 23:38:03,2026-02-09 23:38:05,n_values_equal\n_values_092bit.txt
43828960909690465773079951393,96,1,60,FOUND,199970909893429,219176683913917,9107910,0,2982615003434134892,29218681898320172282986703867,11815345458116824446091847258,10835245600,10835245.6,10835.2456,10.8352456,2026-02-09 23:38:05,2026-02-09 23:38:15,n_values_equal\n_values_096bit.txt
43828960909690465773079951393,96,2,60,FOUND,199970909893429,219176683913917,18390514,0,7577472226188828758,34225874600591635069078039309,1250308670671024663912450400,21501594700,21501594.7,21501.5947,21.5015947,2026-02-09 23:38:15,2026-02-09 23:38:37,n_values_equal\n_values_096bit.txt
43828960909690465773079951393,96,3,60,FOUND,219176683913917,199970909893429,11796081,0,13150882121198247721,13268341195043438346696217301,5834851433148477656632528120,13751519000,13751519.0,13751.519,13.751519,2026-02-09 23:38:37,2026-02-09 23:38:51,n_values_equal\n_values_096bit.txt
61534267183665446487737051323,96,1,60,FOUND,244960028416457,251201257533539,11022128,0,11563912470472976146,53663244008584559391758253480,9396465457140224764209325552,12361951500,12361951.5,12361.9515,12.3619515,2026-02-09 23:38:51,2026-02-09 23:39:03,n_values_equal\n_values_096bit.txt
61534267183665446487737051323,96,2,60,FOUND,244960028416457,251201257533539,17430734,0,10476702104251722090,32615384903152696220984114123,8266041454004836635940927051,19639481000,19639481.0,19639.481,19.639481,2026-02-09 23:39:03,2026-02-09 23:39:23,n_values_equal\n_values_096bit.txt
61534267183665446487737051323,96,3,60,FOUND,251201257533539,244960028416457,3271698,0,17863343537724443483,797429230572967263291680672,16303675623513512901541094367,3599016700,3599016.7,3599.0167,3.5990167,2026-02-09 23:39:23,2026-02-09 23:39:26,n_values_equal\n_values_096bit.txt
55329885988246719173652203611,96,1,60,FOUND,222633460995203,248524573713737,10446558,0,11290898451845472147,51812137557596747803033202649,38340238276899618008199737888,11799925300,11799925.3,11799.9253,11.7999253,2026-02-09 23:39:26,2026-02-09 23:39:38,n_values_equal\n_values_096bit.txt
55329885988246719173652203611,96,2,60,FOUND,248524573713737,222633460995203,21780700,0,12318302895691410306,3297650244196433300243861202,53345575073876317740046864363,24534755200,24534755.2,24534.7552,24.5347552,2026-02-09 23:39:38,2026-02-09 23:40:03,n_values_equal\n_values_096bit.txt
55329885988246719173652203611,96,3,60,FOUND,248524573713737,222633460995203,3151062,0,13560756562352195582,15236213175898592518971711536,26856803491220119238978089406,3554723400,3554723.4,3554.7234,3.5547234,2026-02-09 23:40:03,2026-02-09 23:40:06,n_values_equal\n_values_096bit.txt
58649521843847566755435283381,96,1,60,FOUND,237644051404367,246795665606843,9467256,0,764671613801808532,40165605724020100531873062111,22293489826848495252320219975,10688206800,10688206.8,10688.2068,10.6882068,2026-02-09 23:40:06,2026-02-09 23:40:17,n_values_equal\n_values_096bit.txt
58649521843847566755435283381,96,2,60,FOUND,237644051404367,246795665606843,14442918,0,3883190992596031466,12969943819796243995983265558,17662916863685357148349175584,16762164700,16762164.7,16762.1647,16.7621647,2026-02-09 23:40:17,2026-02-09 23:40:34,n_values_equal\n_values_096bit.txt
58649521843847566755435283381,96,3,60,FOUND,246795665606843,237644051404367,7667267,0,16713560374044652692,42743112184569556341145961245,33004885684994270933120096575,8951189200,8951189.2,8951.1892,8.9511892,2026-02-09 23:40:34,2026-02-09 23:40:43,n_values_equal\n_values_096bit.txt
52584799027295943271425258287,96,1,60,FOUND,198216875269109,265289213927443,23835360,0,9067989002818673151,11453557241340490485162637986,32550817418008281879396479237,28327690500,28327690.5,28327.6905,28.3276905,2026-02-09 23:40:43,2026-02-09 23:41:11,n_values_equal\n_values_096bit.txt
52584799027295943271425258287,96,2,60,FOUND,265289213927443,198216875269109,13679074,0,336845147689839676,54899669360077184608718434,5932111078889751894067730040,16806774100,16806774.1,16806.7741,16.8067741,2026-02-09 23:41:11,2026-02-09 23:41:28,n_values_equal\n_values_096bit.txt
52584799027295943271425258287,96,3,60,FOUND,198216875269109,265289213927443,12756474,0,14878855749937641822,12890208902492317921429958475,27335901486580777345977769449,15416128500,15416128.5,15416.1285,15.4161285,2026-02-09 23:41:28,2026-02-09 23:41:43,n_values_equal\n_values_096bit.txt
59701288200775729719534563333,96,1,60,FOUND,270582687292601,220639719407533,12611290,0,8061270322615684964,10737538434468117116330783945,53032257261610212101494556995,15272513600,15272513.6,15272.5136,15.2725136,2026-02-09 23:41:43,2026-02-09 23:41:58,n_values_equal\n_values_096bit.txt
59701288200775729719534563333,96,2,60,FOUND,220639719407533,270582687292601,7189938,0,16620618748903485684,54247429360319652728122130269,10023703775544381538414884039,8792548700,8792548.7,8792.5487,8.7925487,2026-02-09 23:41:58,2026-02-09 23:42:07,n_values_equal\n_values_096bit.txt
59701288200775729719534563333,96,3,60,FOUND,270582687292601,220639719407533,12748466,0,12555348491559736987,34410246288492248375805763930,26558088560728505634503331802,15241796700,15241796.7,15241.7967,15.2417967,2026-02-09 23:42:07,2026-02-09 23:42:22,n_values_equal\n_values_096bit.txt
75168789436860245319650312381,96,1,60,FOUND,277609354081019,270771817778599,6099369,0,12564025155769623287,60222315081988665573792749515,51894543939251730941034165108,6976051200,6976051.2,6976.0512,6.9760512,2026-02-09 23:42:22,2026-02-09 23:42:29,n_values_equal\n_values_096bit.txt
75168789436860245319650312381,96,2,60,FOUND,270771817778599,277609354081019,9494899,0,13887892110500511803,26932966206938673188525399336,28075129859557665361212303084,11008016600,11008016.6,11008.0166,11.0080166,2026-02-09 23:42:29,2026-02-09 23:42:40,n_values_equal\n_values_096bit.txt
75168789436860245319650312381,96,3,60,FOUND,270771817778599,277609354081019,7912335,0,13961176018784395791,31072048869783149077406666230,48308297939757396710788070304,8984448700,8984448.7,8984.4487,8.9844487,2026-02-09 23:42:40,2026-02-09 23:42:49,n_values_equal\n_values_096bit.txt
73412349990853838112122159609,96,1,60,FOUND,264773582302787,277264632492307,20829892,0,10359855909501675907,50365784786058461501868706463,69497946283231560541235935863,24321047800,24321047.8,24321.0478,24.3210478,2026-02-09 23:42:49,2026-02-09 23:43:14,n_values_equal\n_values_096bit.txt
73412349990853838112122159609,96,2,60,FOUND,264773582302787,277264632492307,7805936,0,4807094498396597170,59943972873501060856353507158,26769681838068837727978866947,9163429700,9163429.7,9163.4297,9.1634297,2026-02-09 23:43:14,2026-02-09 23:43:23,n_values_equal\n_values_096bit.txt
73412349990853838112122159609,96,3,60,FOUND,264773582302787,277264632492307,23393398,0,12368059955482504276,41743062773729643035536115720,73371249570451488370608534874,27349771300,27349771.3,27349.7713,27.3497713,2026-02-09 23:43:23,2026-02-09 23:43:50,n_values_equal\n_values_096bit.txt
42759431529547423887039969197,96,1,60,FOUND,161670962006573,264484301935489,6354125,0,368908311913113989,17025111068407701566319192826,24790842492245757659827648568,7596141800,7596141.8,7596.1418,7.5961418,2026-02-09 23:43:50,2026-02-09 23:43:58,n_values_equal\n_values_096bit.txt
42759431529547423887039969197,96,2,60,FOUND,264484301935489,161670962006573,7859031,0,12191161313565512206,31568732248082714696004205040,19242972438336513616046081651,9354607700,9354607.7,9354.6077,9.3546077,2026-02-09 23:43:58,2026-02-09 23:44:07,n_values_equal\n_values_096bit.txt
42759431529547423887039969197,96,3,60,FOUND,264484301935489,161670962006573,19605210,0,9924184292473769794,7586283008679282162606316,6937457642393336595782768042,23442685400,23442685.4,23442.6854,23.4426854,2026-02-09 23:44:07,2026-02-09 23:44:31,n_values_equal\n_values_096bit.txt
57306484702118780085302160359,96,1,60,FOUND,217059615826517,264012651473227,3980430,0,16665359095938514755,56448043287663965608681312597,804650905817019725168582283,4549989800,4549989.8,4549.9898,4.5499898,2026-02-09 23:44:31,2026-02-09 23:44:35,n_values_equal\n_values_096bit.txt
57306484702118780085302160359,96,2,60,FOUND,264012651473227,217059615826517,5642290,0,9079592487633712617,32672534791215965177905763355,40851999872991018332307767205,6366156000,6366156.0,6366.156,6.366156,2026-02-09 23:44:35,2026-02-09 23:44:42,n_values_equal\n_values_096bit.txt
57306484702118780085302160359,96,3,60,FOUND,264012651473227,217059615826517,7021068,0,16369969592672979564,32007489520171751144371217466,20542722639757742072911737955,7999584300,7999584.3,7999.5843,7.9995843,2026-02-09 23:44:42,2026-02-09 23:44:50,n_values_equal\n_values_096bit.txt
53921460928199079120540901577,96,1,60,FOUND,204262668471373,263980987479149,3711526,0,2732016300652118913,41835582574533877161499988257,27442833578200322353025990391,4259829100,4259829.1,4259.8291,4.2598291,2026-02-09 23:44:50,2026-02-09 23:44:54,n_values_equal\n_values_096bit.txt
53921460928199079120540901577,96,2,60,FOUND,204262668471373,263980987479149,4888914,0,1947080633226404553,37455309982915128128018959155,23060284896897367929384085649,5615969200,5615969.2,5615.9692,5.6159692,2026-02-09 23:44:54,2026-02-09 23:44:59,n_values_equal\n_values_096bit.txt
53921460928199079120540901577,96,3,60,FOUND,263980987479149,204262668471373,7729226,0,10260644149376567678,50072983723264820907758036084,44256696023395515612250065965,8927313000,8927313.0,8927.313,8.927313,2026-02-09 23:44:59,2026-02-09 23:45:08,n_values_equal\n_values_096bit.txt
73121128186063586328181519049,96,1,60,FOUND,277221114651791,263764642451239,12609860,0,218890419809442163,55301809756672705840508062222,3731699501818319243412371344,14540036700,14540036.7,14540.0367,14.5400367,2026-02-09 23:45:08,2026-02-09 23:45:23,n_values_equal\n_values_096bit.txt
73121128186063586328181519049,96,2,60,FOUND,277221114651791,263764642451239,10984398,0,16477587666600372878,11022015142654869255664204320,18326609694297966365292632820,13239383300,13239383.3,13239.3833,13.2393833,2026-02-09 23:45:23,2026-02-09 23:45:36,n_values_equal\n_values_096bit.txt
73121128186063586328181519049,96,3,60,FOUND,263764642451239,277221114651791,17477742,0,10462812952047677482,36462711023779714729028486801,58491671820437019123968427228,20592386400,20592386.4,20592.3864,20.5923864,2026-02-09 23:45:36,2026-02-09 23:45:57,n_values_equal\n_values_096bit.txt
44261152809480215822572011703,96,1,60,FOUND,216852865428481,204106838625463,1092392,0,17452944883319140296,44187960982476157480118625387,30702197766948300110226825644,1288650000,1288650.0,1288.65,1.28865,2026-02-09 23:45:57,2026-02-09 23:45:58,n_values_equal\n_values_096bit.txt
44261152809480215822572011703,96,2,60,FOUND,204106838625463,216852865428481,9300858,0,14536848561777037826,24076720061006988848235879843,8192741757915228236423284925,11098903100,11098903.1,11098.9031,11.0989031,2026-02-09 23:45:58,2026-02-09 23:46:09,n_values_equal\n_values_096bit.txt
44261152809480215822572011703,96,3,60,FOUND,216852865428481,204106838625463,6802012,0,6315503943076468451,23334296147104149064593399751,11326574776923871283681795156,7993939600,7993939.6,7993.9396,7.9939396,2026-02-09 23:46:09,2026-02-09 23:46:17,n_values_equal\n_values_096bit.txt
44117709685028044058943164599,96,1,60,FOUND,221784363117833,198921642016703,8307878,0,15122055391472964895,35289640840924227561061358173,6604313451680196037051727185,9862135900,9862135.9,9862.1359,9.8621359,2026-02-09 23:46:17,2026-02-09 23:46:27,n_values_equal\n_values_096bit.txt
44117709685028044058943164599,96,2,60,FOUND,198921642016703,221784363117833,2973762,0,6616047738879138792,27839216700902272051614841950,4885053122388924934862479805,3444182200,3444182.2,3444.1822,3.4441822,2026-02-09 23:46:27,2026-02-09 23:46:30,n_values_equal\n_values_096bit.txt
44117709685028044058943164599,96,3,60,FOUND,221784363117833,198921642016703,9697510,0,15299050891596736274,24726795030662770773708451006,26137978160493351773472834938,11422475900,11422475.9,11422.4759,11.4224759,2026-02-09 23:46:30,2026-02-09 23:46:42,n_values_equal\n_values_096bit.txt
45247699034158243865571492929,96,1,60,FOUND,194975572666907,232068553076947,15474123,0,11766645384585035526,35620401736566839184391614042,36569592939995393422445920956,18487719700,18487719.7,18487.7197,18.4877197,2026-02-09 23:46:42,2026-02-09 23:47:00,n_values_equal\n_values_096bit.txt
45247699034158243865571492929,96,2,60,FOUND,194975572666907,232068553076947,4435138,0,3238191473729161979,3837856064027082090572555314,43715707321545483434361393849,5356716100,5356716.1,5356.7161,5.3567161,2026-02-09 23:47:00,2026-02-09 23:47:06,n_values_equal\n_values_096bit.txt
45247699034158243865571492929,96,3,60,FOUND,232068553076947,194975572666907,1199904,0,9390167054024742453,7108560271525077191123653690,24212749762445655567611116016,1431604500,1431604.5,1431.6045,1.4316045,2026-02-09 23:47:06,2026-02-09 23:47:07,n_values_equal\n_values_096bit.txt
53749258397693166441989412707,96,1,60,FOUND,272140701831319,197505400831253,11196980,0,15356158505565365033,13122930064079911294333085647,5572047404315327424484032028,12500246900,12500246.9,12500.2469,12.5002469,2026-02-09 23:47:07,2026-02-09 23:47:20,n_values_equal\n_values_096bit.txt
53749258397693166441989412707,96,2,60,FOUND,197505400831253,272140701831319,2640744,0,17598993946063549845,20618399341520548490528865134,28004757493163238046069632144,2961681800,2961681.8,2961.6818,2.9616818,2026-02-09 23:47:20,2026-02-09 23:47:23,n_values_equal\n_values_096bit.txt
53749258397693166441989412707,96,3,60,FOUND,197505400831253,272140701831319,1333865,0,13187593409448664528,39054197505732499895225036641,23025937437224204532874300803,1480309900,1480309.9,1480.3099,1.4803099,2026-02-09 23:47:23,2026-02-09 23:47:24,n_values_equal\n_values_096bit.txt
74493514348926318066863565293,96,1,60,FOUND,278014951250657,267947871198349,6036138,0,8997439640236662126,67988048224339501273592281987,3002081276489406944728787422,6828227000,6828227.0,6828.227,6.828227,2026-02-09 23:47:24,2026-02-09 23:47:31,n_values_equal\n_values_096bit.txt
74493514348926318066863565293,96,2,60,FOUND,267947871198349,278014951250657,7220150,0,17015768442288474522,33172365634754530314238295804,71676670119863131977384655196,8236724700,8236724.7,8236.7247,8.2367247,2026-02-09 23:47:31,2026-02-09 23:47:39,n_values_equal\n_values_096bit.txt
74493514348926318066863565293,96,3,60,FOUND,267947871198349,278014951250657,8769316,0,6080094489432807750,53535316527587857115721156231,12613759228978308342526452303,10029157800,10029157.8,10029.1578,10.0291578,2026-02-09 23:47:39,2026-02-09 23:47:49,n_values_equal\n_values_096bit.txt
67136258296352167641665931221,96,1,60,FOUND,247981257796123,270731179013327,13066274,0,10486698101886538158,55954302429009968767196891687,47160464640810305331092507593,15562172700,15562172.7,15562.1727,15.5621727,2026-02-09 23:47:49,2026-02-09 23:48:05,n_values_equal\n_values_096bit.txt
67136258296352167641665931221,96,2,60,FOUND,247981257796123,270731179013327,1129600,0,4350949663465352332,67092605011888055931385401571,8833778299862547185635780941,1339600100,1339600.1,1339.6001,1.3396001,2026-02-09 23:48:05,2026-02-09 23:48:06,n_values_equal\n_values_096bit.txt
67136258296352167641665931221,96,3,60,FOUND,247981257796123,270731179013327,14568671,0,564274666044865194,23501496541225690922461740617,46263938932864714528529665947,17222211900,17222211.9,17222.2119,17.2222119,2026-02-09 23:48:06,2026-02-09 23:48:23,n_values_equal\n_values_096bit.txt
47498568627979582376347213709,96,1,60,FOUND,257597071977071,184390949258179,13666400,0,2899653700090944541,5499753388001161897138193203,32719135140333588091163391036,15746701600,15746701.6,15746.7016,15.7467016,2026-02-09 23:48:23,2026-02-09 23:48:39,n_values_equal\n_values_096bit.txt
47498568627979582376347213709,96,2,60,FOUND,184390949258179,257597071977071,17322048,0,10453976993502242278,24689389261546911675466270662,21309992966651184180672782965,19825965800,19825965.8,19825.9658,19.8259658,2026-02-09 23:48:39,2026-02-09 23:48:59,n_values_equal\n_values_096bit.txt
47498568627979582376347213709,96,3,60,FOUND,184390949258179,257597071977071,3072395,0,17429952137667122624,24504240944724242956212732229,8606414859909275700957455139,3566473600,3566473.6,3566.4736,3.5664736,2026-02-09 23:48:59,2026-02-09 23:49:02,n_values_equal\n_values_096bit.txt
71573263535797606165134425047,96,1,60,FOUND,272396303963683,262754165509309,11863226,0,18104522791772926984,63291887886155957918829866513,34838791446493761376105967252,14154732200,14154732.2,14154.7322,14.1547322,2026-02-09 23:49:02,2026-02-09 23:49:17,n_values_equal\n_values_096bit.txt
71573263535797606165134425047,96,2,60,FOUND,272396303963683,262754165509309,8186099,0,2596700847821675899,53228112919398988813850444688,26422849953030903611530677461,9680211000,9680211.0,9680.211,9.680211,2026-02-09 23:49:17,2026-02-09 23:49:26,n_values_equal\n_values_096bit.txt
71573263535797606165134425047,96,3,60,FOUND,272396303963683,262754165509309,16537116,0,9827569843301133617,40928334463901207890788809626,34234935369549051411452954940,19389706500,19389706.5,19389.7065,19.3897065,2026-02-09 23:49:26,2026-02-09 23:49:46,n_values_equal\n_values_096bit.txt
47672786204207821790884208299,96,1,60,FOUND,170623420217563,279403531727473,10376900,0,9456107021792701615,23441490949695087209810406941,25697629375033990283832027978,12362496400,12362496.4,12362.4964,12.3624964,2026-02-09 23:49:46,2026-02-09 23:49:58,n_values_equal\n_values_096bit.txt
47672786204207821790884208299,96,2,60,FOUND,279403531727473,170623420217563,9073362,0,10557927271714323805,14605457513948414240933412999,10514007052141811363907395765,10828854400,10828854.4,10828.8544,10.8288544,2026-02-09 23:49:58,2026-02-09 23:50:09,n_values_equal\n_values_096bit.txt
47672786204207821790884208299,96,3,60,FOUND,170623420217563,279403531727473,9521184,0,3990491703150663345,43382388454942949734196522806,916020636096385925233212631,11679394900,11679394.9,11679.3949,11.6793949,2026-02-09 23:50:09,2026-02-09 23:50:21,n_values_equal\n_values_096bit.txt
43961918409635145943031664221,96,1,60,FOUND,158338235286713,277645625707717,9554913,0,10162462298335183347,23647438630408175954167453736,7974589587118593945509936532,11334290400,11334290.4,11334.2904,11.3342904,2026-02-09 23:50:21,2026-02-09 23:50:32,n_values_equal\n_values_096bit.txt
43961918409635145943031664221,96,2,60,FOUND,158338235286713,277645625707717,5543746,0,6722575721946876515,38604138589573655273651139977,19403083231560705673445234072,6406209400,6406209.4,6406.2094,6.4062094,2026-02-09 23:50:32,2026-02-09 23:50:38,n_values_equal\n_values_096bit.txt
43961918409635145943031664221,96,3,60,FOUND,277645625707717,158338235286713,10662861,0,4472019127812848005,33349913227114589169621400647,49150019895980734402539492,12383634100,12383634.1,12383.6341,12.3836341,2026-02-09 23:50:38,2026-02-09 23:50:51,n_values_equal\n_values_096bit.txt
48071780758016976747991021459,96,1,60,FOUND,225879781166759,212820202453301,19070820,0,3685221737458097400,33194940411906066586847368465,11447437183231001088441307204,22301181800,22301181.8,22301.1818,22.3011818,2026-02-09 23:50:51,2026-02-09 23:51:13,n_values_equal\n_values_096bit.txt
48071780758016976747991021459,96,2,60,FOUND,225879781166759,212820202453301,9494918,0,11491280141097053077,33385834041662916713108152271,32349741192125169907994092932,11183502400,11183502.4,11183.5024,11.1835024,2026-02-09 23:51:13,2026-02-09 23:51:24,n_values_equal\n_values_096bit.txt
48071780758016976747991021459,96,3,60,FOUND,212820202453301,225879781166759,4581592,0,17128887611148369836,16369899380805848250368044924,28861917812622872701297378012,5231155900,5231155.9,5231.1559,5.2311559,2026-02-09 23:51:24,2026-02-09 23:51:29,n_values_equal\n_values_096bit.txt
41552123050245400946159702141,96,1,60,FOUND,158575620810097,262033488111053,14784002,0,17443895218037733639,16316654235057572087001221170,27488096053368624521671102711,16767796400,16767796.4,16767.7964,16.7677964,2026-02-09 23:51:29,2026-02-09 23:51:46,n_values_equal\n_values_096bit.txt
41552123050245400946159702141,96,2,60,FOUND,262033488111053,158575620810097,22724655,0,7131370074300481402,3291334720986601022526647947,38926298124524046259297705443,25477102100,25477102.1,25477.1021,25.4771021,2026-02-09 23:51:46,2026-02-09 23:52:12,n_values_equal\n_values_096bit.txt
41552123050245400946159702141,96,3,60,FOUND,158575620810097,262033488111053,10069955,0,4671667491256552754,27382244469413919282392992178,40947908256263946206013826988,11236723600,11236723.6,11236.7236,11.2367236,2026-02-09 23:52:12,2026-02-09 23:52:23,n_values_equal\n_values_096bit.txt
44353453032670073447479613659,96,1,60,FOUND,170942356062053,259464383517503,4484598,0,18073424931607572441,25711965161202046146646740686,11056145579013148370813856891,5260195700,5260195.7,5260.1957,5.2601957,2026-02-09 23:52:23,2026-02-09 23:52:28,n_values_equal\n_values_096bit.txt
44353453032670073447479613659,96,2,60,FOUND,170942356062053,259464383517503,24150195,0,18441338539493186234,27211647559813216263070826752,4293605857522127146080773883,28545917100,28545917.1,28545.9171,28.5459171,2026-02-09 23:52:28,2026-02-09 23:52:57,n_values_equal\n_values_096bit.txt
44353453032670073447479613659,96,3,60,FOUND,170942356062053,259464383517503,14681636,0,13365532661733166413,16194889412508349838982105780,8966697593503198185249058146,17388223900,17388223.9,17388.2239,17.3882239,2026-02-09 23:52:57,2026-02-09 23:53:14,n_values_equal\n_values_096bit.txt
927711615830805754424567786209,100,1,60,FOUND,929360322061151,998225977383359,12601499,0,14709746066190616993,600349272346733494102984798458,56370720391197001356793417980,14377383300,14377383.3,14377.3833,14.3773833,2026-02-09 23:53:14,2026-02-09 23:53:28,n_values_equal\n_values_100bit.txt
927711615830805754424567786209,100,2,60,FOUND,929360322061151,998225977383359,13458790,0,2438331209037236762,236922036935011845569531856102,495104435079585248742417593198,15494332800,15494332.8,15494.3328,15.4943328,2026-02-09 23:53:28,2026-02-09 23:53:44,n_values_equal\n_values_100bit.txt
927711615830805754424567786209,100,3,60,FOUND,998225977383359,929360322061151,52284494,0,2245408041725461482,632017875440733237706407997113,556062976719098982599115910252,59395093700,59395093.7,59395.0937,59.3950937,2026-02-09 23:53:44,2026-02-09 23:54:43,n_values_equal\n_values_100bit.txt
1054712678515258087640489273833,100,1,60,FOUND,1052638158307819,1001970781878907,35696464,0,2660292823037710171,591115885150270759826715043214,645595946445347209650978399470,41918171700,41918171.7,41918.1717,41.9181717,2026-02-09 23:54:43,2026-02-09 23:55:25,n_values_equal\n_values_100bit.txt
1054712678515258087640489273833,100,2,60,FOUND,1052638158307819,1001970781878907,11693650,0,15218809647385536620,214565329109776360440502821318,821640777113959310988776617592,13509794700,13509794.7,13509.7947,13.5097947,2026-02-09 23:55:25,2026-02-09 23:55:39,n_values_equal\n_values_100bit.txt
1054712678515258087640489273833,100,3,60,FOUND,1052638158307819,1001970781878907,15582712,0,7248511279876457912,878055549842572246503765194485,880748588031492932927983694216,17979680600,17979680.6,17979.6806,17.9796806,2026-02-09 23:55:39,2026-02-09 23:55:57,n_values_equal\n_values_100bit.txt
977544335539736260248849656119,100,1,60,FOUND,949263750887131,1029792125345749,28197386,0,9785093875526548116,301580663010331265091195372606,220127205506852740185377242926,32586240300,32586240.3,32586.2403,32.5862403,2026-02-09 23:55:57,2026-02-09 23:56:29,n_values_equal\n_values_100bit.txt
977544335539736260248849656119,100,2,60,FOUND,949263750887131,1029792125345749,36298380,0,17727109741973327340,661663661872378998894593047915,964928849476706917516340351542,42126358600,42126358.6,42126.3586,42.1263586,2026-02-09 23:56:29,2026-02-09 23:57:11,n_values_equal\n_values_100bit.txt
977544335539736260248849656119,100,3,60,FOUND,1029792125345749,949263750887131,13810466,0,5212837619330354063,385398717585696296277395697351,150549958845728749941593390915,15944233700,15944233.7,15944.2337,15.9442337,2026-02-09 23:57:11,2026-02-09 23:57:27,n_values_equal\n_values_100bit.txt
776738921691206089049369455417,100,1,60,FOUND,1013358461138431,766499665694407,32406998,0,12528556236113376622,160219599006853429817901784869,443033500668320784619688019544,36045543200,36045543.2,36045.5432,36.0455432,2026-02-09 23:57:27,2026-02-09 23:58:03,n_values_equal\n_values_100bit.txt
776738921691206089049369455417,100,2,60,FOUND,766499665694407,1013358461138431,17539630,0,6435707475323615174,349454263999691275655594976198,738607874620202924457166428066,19514940200,19514940.2,19514.9402,19.5149402,2026-02-09 23:58:03,2026-02-09 23:58:23,n_values_equal\n_values_100bit.txt
776738921691206089049369455417,100,3,60,FOUND,766499665694407,1013358461138431,12142052,0,8465192133677093934,279547507915164364000958204417,199283958273738330780898146109,13501427500,13501427.5,13501.4275,13.5014275,2026-02-09 23:58:23,2026-02-09 23:58:36,n_values_equal\n_values_100bit.txt
678651188448626243230965515209,100,1,60,FOUND,635877514565263,1067267159010343,13067832,0,15530378543145664378,510862403727669983015714115043,477931736101883204898409027607,14781584800,14781584.8,14781.5848,14.7815848,2026-02-09 23:58:36,2026-02-09 23:58:51,n_values_equal\n_values_100bit.txt
678651188448626243230965515209,100,2,60,FOUND,635877514565263,1067267159010343,6515429,0,11016819508301639116,538157712595733705413830582643,530321434307675347259810460478,7412707200,7412707.2,7412.7072,7.4127072,2026-02-09 23:58:51,2026-02-09 23:58:59,n_values_equal\n_values_100bit.txt
678651188448626243230965515209,100,3,60,FOUND,635877514565263,1067267159010343,22336518,0,16635643595152756045,225025333265624378076568757936,158689879251110070672873243264,25531732600,25531732.6,25531.7326,25.5317326,2026-02-09 23:58:59,2026-02-09 23:59:24,n_values_equal\n_values_100bit.txt
820607897931753539731638722261,100,1,60,FOUND,989047636066823,829695019741507,20274331,0,5855923857586845639,686880043537260298180120910618,83690459734418907548015520646,22858500900,22858500.9,22858.5009,22.8585009,2026-02-09 23:59:24,2026-02-09 23:59:47,n_values_equal\n_values_100bit.txt
820607897931753539731638722261,100,2,60,FOUND,989047636066823,829695019741507,20375298,0,16470231759115513368,712322587800218800116815636610,792192387257721962287478574534,22994946200,22994946.2,22994.9462,22.9949462,2026-02-09 23:59:47,2026-02-10 00:00:10,n_values_equal\n_values_100bit.txt
820607897931753539731638722261,100,3,60,FOUND,989047636066823,829695019741507,10073574,0,5269453062501408661,42212251828330794228938932964,15451998129365546129341748533,11421963600,11421963.6,11421.9636,11.4219636,2026-02-10 00:00:10,2026-02-10 00:00:21,n_values_equal\n_values_100bit.txt
804976055875198571211522880591,100,1,60,FOUND,858052419851959,938143215089449,21698634,0,7935312962086678845,60186086045203319733465427366,358670856897193498347692585962,24152296800,24152296.8,24152.2968,24.1522968,2026-02-10 00:00:21,2026-02-10 00:00:46,n_values_equal\n_values_100bit.txt
804976055875198571211522880591,100,2,60,FOUND,938143215089449,858052419851959,19401691,0,210430779547077472,76121355782128240720469933874,59865377356472106474266082766,21440634600,21440634.6,21440.6346,21.4406346,2026-02-10 00:00:46,2026-02-10 00:01:07,n_values_equal\n_values_100bit.txt
804976055875198571211522880591,100,3,60,FOUND,858052419851959,938143215089449,16523210,0,12665041740805920658,437469100921886482829493426767,612703382036579763689497446952,18250376000,18250376.0,18250.376,18.250376,2026-02-10 00:01:07,2026-02-10 00:01:25,n_values_equal\n_values_100bit.txt
888701846923319716208971682959,100,1,60,FOUND,963425962242703,922439172029953,19985267,0,11003090696774312933,134386822374720639029799107025,326802578117973536174103711105,23227686600,23227686.6,23227.6866,23.2276866,2026-02-10 00:01:25,2026-02-10 00:01:49,n_values_equal\n_values_100bit.txt
888701846923319716208971682959,100,2,60,FOUND,922439172029953,963425962242703,21735346,0,3149350011793242959,549677608407303840915290585008,573273212421828090404622862225,25231443900,25231443.9,25231.4439,25.2314439,2026-02-10 00:01:49,2026-02-10 00:02:14,n_values_equal\n_values_100bit.txt
888701846923319716208971682959,100,3,60,FOUND,922439172029953,963425962242703,32129525,0,4462159751734786925,608847707902888472120500742208,410120403086399261559996570639,37378380700,37378380.7,37378.3807,37.3783807,2026-02-10 00:02:14,2026-02-10 00:02:51,n_values_equal\n_values_100bit.txt
836869512594519511568354901913,100,1,60,FOUND,808765291907549,1034749538547437,32356720,0,10233841548917861636,136902352713217094892993281862,582418420652642070391331482052,37785024900,37785024.9,37785.0249,37.7850249,2026-02-10 00:02:51,2026-02-10 00:03:29,n_values_equal\n_values_100bit.txt
836869512594519511568354901913,100,2,60,FOUND,808765291907549,1034749538547437,12855216,0,15917999336364677414,429711149777584547088692499238,603997127655565771337046557514,15002759000,15002759.0,15002.759,15.002759,2026-02-10 00:03:29,2026-02-10 00:03:44,n_values_equal\n_values_100bit.txt
836869512594519511568354901913,100,3,60,FOUND,808765291907549,1034749538547437,12466626,0,11971132527401365263,43444075259022894001699735509,472261962906477259625533018437,14526380200,14526380.2,14526.3802,14.5263802,2026-02-10 00:03:44,2026-02-10 00:03:58,n_values_equal\n_values_100bit.txt
1096223404805184264715499509223,100,1,60,FOUND,977686512142537,1121242229682479,12643911,0,3002990334273412568,200328692307600312622258342130,787877803364752319958282323687,14340110500,14340110.5,14340.1105,14.3401105,2026-02-10 00:03:58,2026-02-10 00:04:13,n_values_equal\n_values_100bit.txt
1096223404805184264715499509223,100,2,60,FOUND,977686512142537,1121242229682479,21655801,0,8706385075573809790,355500678290066454782559896052,582462824359974119744160261426,24662007400,24662007.4,24662.0074,24.6620074,2026-02-10 00:04:13,2026-02-10 00:04:37,n_values_equal\n_values_100bit.txt
1096223404805184264715499509223,100,3,60,FOUND,1121242229682479,977686512142537,7858395,0,916037655752017115,760462766274406532722892810644,770411867086334520909705395062,8907244300,8907244.3,8907.2443,8.9072443,2026-02-10 00:04:37,2026-02-10 00:04:46,n_values_equal\n_values_100bit.txt
960722542635225890922356902817,100,1,60,FOUND,896379985361639,1071780448386103,27288132,0,13774372150579216065,876992116886022366914544020584,649125556228781625294753439195,31922952100,31922952.1,31922.9521,31.9229521,2026-02-10 00:04:46,2026-02-10 00:05:18,n_values_equal\n_values_100bit.txt
960722542635225890922356902817,100,2,60,FOUND,896379985361639,1071780448386103,23569960,0,18079933812950785393,663270891423016226641790723023,367534432948992801509729019351,27627600300,27627600.3,27627.6003,27.6276003,2026-02-10 00:05:18,2026-02-10 00:05:46,n_values_equal\n_values_100bit.txt
960722542635225890922356902817,100,3,60,FOUND,1071780448386103,896379985361639,6198888,0,1366465372019223335,476707277329002479066960705396,877546265969811481931735641622,7289779600,7289779.6,7289.7796,7.2897796,2026-02-10 00:05:46,2026-02-10 00:05:53,n_values_equal\n_values_100bit.txt
819593708729883581195001209729,100,1,60,TIMEOUT,0,0,51518894,0,2366408917555775162,365534140072804520246224366004,608630907781076285111948812695,60000000500,60000000.5,60000.0005,60.0000005,2026-02-10 00:05:53,2026-02-10 00:06:53,n_values_equal\n_values_100bit.txt
819593708729883581195001209729,100,2,60,FOUND,1093734453699623,749353470540823,33574940,0,2874230495040508690,527864723342048025835430433262,666344355265665620838435140089,39016671900,39016671.9,39016.6719,39.0166719,2026-02-10 00:06:53,2026-02-10 00:07:32,n_values_equal\n_values_100bit.txt
819593708729883581195001209729,100,3,60,FOUND,1093734453699623,749353470540823,23653762,0,17340904566283924451,470314024451386520699305334418,468746949040226674714215592898,27469020400,27469020.4,27469.0204,27.4690204,2026-02-10 00:07:32,2026-02-10 00:08:00,n_values_equal\n_values_100bit.txt
864842665935914486619936842041,100,1,60,FOUND,960319415009393,900578133086537,21263556,0,1611950050265610469,249253069911171542449250442133,182312802039765654930036820333,23825723700,23825723.7,23825.7237,23.8257237,2026-02-10 00:08:00,2026-02-10 00:08:24,n_values_equal\n_values_100bit.txt
864842665935914486619936842041,100,2,60,FOUND,960319415009393,900578133086537,23834808,0,671282770619060591,448664438594677546381400991211,783913293924613171503983094644,27154846300,27154846.3,27154.8463,27.1548463,2026-02-10 00:08:24,2026-02-10 00:08:51,n_values_equal\n_values_100bit.txt
864842665935914486619936842041,100,3,60,FOUND,960319415009393,900578133086537,12472146,0,11047217191812121084,594427902464617362619100312981,451758735825960760417653956108,14499201300,14499201.3,14499.2013,14.4992013,2026-02-10 00:08:51,2026-02-10 00:09:05,n_values_equal\n_values_100bit.txt
1062386182051357419347164242223,100,1,60,FOUND,977311683812627,1087049504930549,13401650,0,17253049514526420314,161941539037526407888186125495,1017066198527315798232480460298,15963217200,15963217.2,15963.2172,15.9632172,2026-02-10 00:09:05,2026-02-10 00:09:21,n_values_equal\n_values_100bit.txt
1062386182051357419347164242223,100,2,60,FOUND,977311683812627,1087049504930549,39673978,0,10652956833705524924,999709313742511738114549821265,110561279730403675992773251149,46975350500,46975350.5,46975.3505,46.9753505,2026-02-10 00:09:21,2026-02-10 00:10:08,n_values_equal\n_values_100bit.txt
1062386182051357419347164242223,100,3,60,FOUND,977311683812627,1087049504930549,15815136,0,16362821469513603615,192540670012314967377701463131,925225664821625564056170415759,18749469000,18749469.0,18749.469,18.749469,2026-02-10 00:10:08,2026-02-10 00:10:27,n_values_equal\n_values_100bit.txt
822366266971455613809327067391,100,1,60,FOUND,754228834343521,1090340529989471,25265790,0,2011376437627734990,53252591183797681652365537210,308638799281676492035824681406,30498774300,30498774.3,30498.7743,30.4987743,2026-02-10 00:10:27,2026-02-10 00:10:57,n_values_equal\n_values_100bit.txt
822366266971455613809327067391,100,2,60,FOUND,1090340529989471,754228834343521,17784152,0,5620083944774579220,425411089647575939057096143884,52590331409289892282359847308,21475364600,21475364.6,21475.3646,21.4753646,2026-02-10 00:10:57,2026-02-10 00:11:19,n_values_equal\n_values_100bit.txt
822366266971455613809327067391,100,3,60,FOUND,754228834343521,1090340529989471,26859519,0,16708351599799280556,777637625466967380215583105432,742353566475682350105461218338,32694921000,32694921.0,32694.921,32.694921,2026-02-10 00:11:19,2026-02-10 00:11:52,n_values_equal\n_values_100bit.txt
704480675770267531205838476341,100,1,60,FOUND,1088786821753193,647032698867437,6761660,0,16697253020926896039,380803486711732588024111977993,176757810461147577780006028951,7867214100,7867214.1,7867.2141,7.8672141,2026-02-10 00:11:52,2026-02-10 00:11:59,n_values_equal\n_values_100bit.txt
704480675770267531205838476341,100,2,60,FOUND,647032698867437,1088786821753193,13812524,0,2412436242622362044,276200153491219491060724942981,256937639719157422476672867051,15931753000,15931753.0,15931.753,15.931753,2026-02-10 00:11:59,2026-02-10 00:12:15,n_values_equal\n_values_100bit.txt
704480675770267531205838476341,100,3,60,FOUND,647032698867437,1088786821753193,14049533,0,18126427009658831885,594680164097796226499444715048,543981525873971135048660621751,16012270100,16012270.1,16012.2701,16.0122701,2026-02-10 00:12:15,2026-02-10 00:12:31,n_values_equal\n_values_100bit.txt
681969194244563708734862071187,100,1,60,FOUND,885714103934983,769965377331989,8088096,0,2904624519842321093,443898997572650911865104522465,256754689152892122337068470735,9455855400,9455855.4,9455.8554,9.4558554,2026-02-10 00:12:31,2026-02-10 00:12:41,n_values_equal\n_values_100bit.txt
681969194244563708734862071187,100,2,60,FOUND,769965377331989,885714103934983,29451126,0,600269358690004678,98415690490184578262305208028,552449171671117352910972689944,35239994800,35239994.8,35239.9948,35.2399948,2026-02-10 00:12:41,2026-02-10 00:13:16,n_values_equal\n_values_100bit.txt
681969194244563708734862071187,100,3,60,FOUND,885714103934983,769965377331989,29640129,0,4316653510279828880,502960409276339338715204027847,217091358843319582786724551418,35680382600,35680382.6,35680.3826,35.6803826,2026-02-10 00:13:16,2026-02-10 00:13:52,n_values_equal\n_values_100bit.txt
792328276720448504046598052629,100,1,60,FOUND,1048419780120173,755735719360073,12820051,0,17675107359234921833,546544493898876649298259832959,424518279755678555553491661370,15645240600,15645240.6,15645.2406,15.6452406,2026-02-10 00:13:52,2026-02-10 00:14:07,n_values_equal\n_values_100bit.txt
792328276720448504046598052629,100,2,60,FOUND,1048419780120173,755735719360073,9874059,0,5367270682725774691,426987562854416615711798352698,279056686680846997172192937542,11554813200,11554813.2,11554.8132,11.5548132,2026-02-10 00:14:07,2026-02-10 00:14:19,n_values_equal\n_values_100bit.txt
792328276720448504046598052629,100,3,60,FOUND,1048419780120173,755735719360073,30098936,0,13417060616196981842,490529269636734694300632624607,40520870992316343203166512750,35169414400,35169414.4,35169.4144,35.1694144,2026-02-10 00:14:19,2026-02-10 00:14:54,n_values_equal\n_values_100bit.txt
746638727642186587457842619311,100,1,60,FOUND,848378844462137,880077022801703,9415814,0,9743167305611482651,519705857800684583346624793648,540569926339762765921825106404,10551406600,10551406.6,10551.4066,10.5514066,2026-02-10 00:14:54,2026-02-10 00:15:05,n_values_equal\n_values_100bit.txt
746638727642186587457842619311,100,2,60,FOUND,848378844462137,880077022801703,18734012,0,6626241039582301434,419132573564014984038974438263,366314046653576294200939745862,21514370800,21514370.8,21514.3708,21.5143708,2026-02-10 00:15:05,2026-02-10 00:15:26,n_values_equal\n_values_100bit.txt
746638727642186587457842619311,100,3,60,FOUND,880077022801703,848378844462137,14997861,0,4796104367442775512,602318892709943796873191476416,1097252885796161385529036620,17361999600,17361999.6,17361.9996,17.3619996,2026-02-10 00:15:26,2026-02-10 00:15:44,n_values_equal\n_values_100bit.txt
1210900808159526836610675352853,100,1,60,FOUND,1095704020381181,1105134950347513,21655196,0,7083038337226781688,1111201443061978514296707126665,127625922936371577020020083548,25222231300,25222231.3,25222.2313,25.2222313,2026-02-10 00:15:44,2026-02-10 00:16:09,n_values_equal\n_values_100bit.txt
1210900808159526836610675352853,100,2,60,FOUND,1105134950347513,1095704020381181,21069674,0,11194613128672269667,1063618246064150564431461236867,31186985153611862492035388149,24974857900,24974857.9,24974.8579,24.9748579,2026-02-10 00:16:09,2026-02-10 00:16:34,n_values_equal\n_values_100bit.txt
1210900808159526836610675352853,100,3,60,FOUND,1105134950347513,1095704020381181,41647112,0,12238290738253966553,381974521724722644439822682642,1200135439035796693735387330722,48158967700,48158967.7,48158.9677,48.1589677,2026-02-10 00:16:34,2026-02-10 00:17:22,n_values_equal\n_values_100bit.txt
976955570816407054867699063951,100,1,60,FOUND,1115767218380743,875590853291257,18912102,0,6628335468056243317,303194248241263015948074391778,902730649754038241095259321492,21968682100,21968682.1,21968.6821,21.9686821,2026-02-10 00:17:22,2026-02-10 00:17:44,n_values_equal\n_values_100bit.txt
976955570816407054867699063951,100,2,60,FOUND,1115767218380743,875590853291257,38857236,0,16967693851257386606,15146032246452581934787630790,61191804361569090182211879254,46309212900,46309212.9,46309.2129,46.3092129,2026-02-10 00:17:44,2026-02-10 00:18:30,n_values_equal\n_values_100bit.txt
976955570816407054867699063951,100,3,60,FOUND,1115767218380743,875590853291257,43792389,0,8930582790855695695,59742173606323887465392985203,303096990161021744747357106048,52879113600,52879113.6,52879.1136,52.8791136,2026-02-10 00:18:30,2026-02-10 00:19:23,n_values_equal\n_values_100bit.txt
1046791248648218819165949423989,100,1,60,FOUND,994992408246247,1052059533291587,25512762,0,4980249759171278158,813914490096292694469751121704,561935589463203628183076548742,30374525300,30374525.3,30374.5253,30.3745253,2026-02-10 00:19:23,2026-02-10 00:19:53,n_values_equal\n_values_100bit.txt
1046791248648218819165949423989,100,2,60,FOUND,1052059533291587,994992408246247,13257077,0,16793481530363657570,25712407662915724606237312116,436021006150698785110453238033,15962911700,15962911.7,15962.9117,15.9629117,2026-02-10 00:19:53,2026-02-10 00:20:09,n_values_equal\n_values_100bit.txt
1046791248648218819165949423989,100,3,60,FOUND,994992408246247,1052059533291587,6328098,0,6550804861803099334,310949539139040433916173586012,233394236668932218779882540772,7247596400,7247596.4,7247.5964,7.2475964,2026-02-10 00:20:09,2026-02-10 00:20:17,n_values_equal\n_values_100bit.txt
695113572098927750530292903657,100,1,60,FOUND,679490336101859,1022992580125123,29057492,0,10378379301591693616,578734174694512313420803373948,327978396992157380894725268239,33966974100,33966974.1,33966.9741,33.9669741,2026-02-10 00:20:17,2026-02-10 00:20:51,n_values_equal\n_values_100bit.txt
695113572098927750530292903657,100,2,60,FOUND,679490336101859,1022992580125123,4632297,0,8965473394454183721,646542649397707715526853224069,570015819237399769588125468757,5342127800,5342127.8,5342.1278,5.3421278,2026-02-10 00:20:51,2026-02-10 00:20:56,n_values_equal\n_values_100bit.txt
695113572098927750530292903657,100,3,60,FOUND,679490336101859,1022992580125123,18584270,0,1064006844859232307,574712196139418238184450976869,61467233040389174351314104512,21642222000,21642222.0,21642.222,21.642222,2026-02-10 00:20:56,2026-02-10 00:21:18,n_values_equal\n_values_100bit.txt
811824261195859230205195237157,100,1,60,FOUND,761557040987581,1066005850517897,11164699,0,4226853049927357584,405911791865926186156479644395,287151773292864209539994573523,13355982200,13355982.2,13355.9822,13.3559822,2026-02-10 00:21:18,2026-02-10 00:21:31,n_values_equal\n_values_100bit.txt
811824261195859230205195237157,100,2,60,FOUND,761557040987581,1066005850517897,20411833,0,471608732553475463,348252829812743115499570050486,286798995721648555520296458086,24238615600,24238615.6,24238.6156,24.2386156,2026-02-10 00:21:31,2026-02-10 00:21:55,n_values_equal\n_values_100bit.txt
811824261195859230205195237157,100,3,60,FOUND,761557040987581,1066005850517897,49003251,0,2118163519337348300,339005154945483391989992876741,63539242643770837043922563109,57789921500,57789921.5,57789.9215,57.7899215,2026-02-10 00:21:55,2026-02-10 00:22:53,n_values_equal\n_values_100bit.txt
744452282709180953462816371403,100,1,60,FOUND,797403911240821,933594972654143,8887083,0,11221315644929173250,618797514427868895535629888456,479475496686706083655651441535,10110069100,10110069.1,10110.0691,10.1100691,2026-02-10 00:22:53,2026-02-10 00:23:03,n_values_equal\n_values_100bit.txt
744452282709180953462816371403,100,2,60,FOUND,933594972654143,797403911240821,49117764,0,14675410536984729618,155196496930041809180848523350,62290792216355260325890432951,54962725600,54962725.6,54962.7256,54.9627256,2026-02-10 00:23:03,2026-02-10 00:23:58,n_values_equal\n_values_100bit.txt
744452282709180953462816371403,100,3,60,FOUND,797403911240821,933594972654143,7826697,0,1053077647158788753,743558300019727199189695321624,50344189229108651482493228659,8693699500,8693699.5,8693.6995,8.6936995,2026-02-10 00:23:58,2026-02-10 00:24:07,n_values_equal\n_values_100bit.txt
