N,bits_N,repeat,timeout_s,status,p_found,q_found,iterations,restarts,seed,x0,c,duration_ns,duration_us,duration_ms,duration_s,started_utc,finished_utc,source_file
143,8,1,60,FOUND,13,11,2,0,13678248995248979029,10,84,4300,4.3,0.0043,4.3e-06,2026-02-17 12:05:54,2026-02-17 12:05:54,n_values_equal\n_values_008bit.txt
143,8,2,60,FOUND,13,11,1,0,2081310217727549517,70,84,1800,1.8,0.0018,1.8e-06,2026-02-17 12:05:54,2026-02-17 12:05:54,n_values_equal\n_values_008bit.txt
143,8,3,60,FOUND,11,13,4,1,9363223137383663105,95,74,7500,7.5,0.0075,7.5e-06,2026-02-17 12:05:54,2026-02-17 12:05:54,n_values_equal\n_values_008bit.txt
169,8,1,60,FOUND,13,13,7,1,1772048501722564850,94,86,6500,6.5,0.0065,6.5e-06,2026-02-17 12:05:54,2026-02-17 12:05:54,n_values_equal\n_values_008bit.txt
169,8,2,60,FOUND,13,13,1,0,5719882657021788182,83,61,1000,1.0,0.001,1e-06,2026-02-17 12:05:54,2026-02-17 12:05:54,n_values_equal\n_values_008bit.txt
169,8,3,60,FOUND,13,13,4,0,4655880975352386465,74,87,2100,2.1,0.0021,2.1e-06,2026-02-17 12:05:54,2026-02-17 12:05:54,n_values_equal\n_values_008bit.txt
143,8,1,60,FOUND,13,11,2,0,13678248995248979029,10,84,1300,1.3,0.0013,1.3e-06,2026-02-17 12:05:54,2026-02-17 12:05:54,n_values_equal\n_values_008bit.txt
143,8,2,60,FOUND,13,11,1,0,2081310217727549517,70,84,800,0.8,0.0008,8e-07,2026-02-17 12:05:54,2026-02-17 12:05:54,n_values_equal\n_values_008bit.txt
143,8,3,60,FOUND,11,13,4,1,9363223137383663105,95,74,3000,3.0,0.003,3e-06,2026-02-17 12:05:54,2026-02-17 12:05:54,n_values_equal\n_values_008bit.txt
169,8,1,60,FOUND,13,13,7,1,1772048501722564850,94,86,3800,3.8,0.0038,3.8e-06,2026-02-17 12:05:54,2026-02-17 12:05:54,n_values_equal\n_values_008bit.txt
169,8,2,60,FOUND,13,13,1,0,5719882657021788182,83,61,800,0.8,0.0008,8e-07,2026-02-17 12:05:54,2026-02-17 12:05:54,n_values_equal\n_values_008bit.txt
169,8,3,60,FOUND,13,13,4,0,4655880975352386465,74,87,2000,2.0,0.002,2e-06,2026-02-17 12:05:54,2026-02-17 12:05:54,n_values_equal\n_values_008bit.txt
143,8,1,60,FOUND,13,11,2,0,13678248995248979029,10,84,1200,1.2,0.0012,1.2e-06,2026-02-17 12:05:54,2026-02-17 12:05:54,n_values_equal\n_values_008bit.txt
143,8,2,60,FOUND,13,11,1,0,2081310217727549517,70,84,700,0.7,0.0007,7e-07,2026-02-17 12:05:54,2026-02-17 12:05:54,n_values_equal\n_values_008bit.txt
143,8,3,60,FOUND,11,13,4,1,9363223137383663105,95,74,2600,2.6,0.0026,2.6e-06,2026-02-17 12:05:54,2026-02-17 12:05:54,n_values_equal\n_values_008bit.txt
169,8,1,60,FOUND,13,13,7,1,1772048501722564850,94,86,3700,3.7,0.0037,3.7e-06,2026-02-17 12:05:54,2026-02-17 12:05:54,n_values_equal\n_values_008bit.txt
169,8,2,60,FOUND,13,13,1,0,5719882657021788182,83,61,800,0.8,0.0008,8e-07,2026-02-17 12:05:54,2026-02-17 12:05:54,n_values_equal\n_values_008bit.txt
169,8,3,60,FOUND,13,13,4,0,4655880975352386465,74,87,1800,1.8,0.0018,1.8e-06,2026-02-17 12:05:54,2026-02-17 12:05:54,n_values_equal\n_values_008bit.txt
143,8,1,60,FOUND,13,11,2,0,13678248995248979029,10,84,1100,1.1,0.0011,1.1e-06,2026-02-17 12:05:54,2026-02-17 12:05:54,n_values_equal\n_values_008bit.txt
143,8,2,60,FOUND,13,11,1,0,2081310217727549517,70,84,700,0.7,0.0007,7e-07,2026-02-17 12:05:54,2026-02-17 12:05:54,n_values_equal\n_values_008bit.txt
143,8,3,60,FOUND,11,13,4,1,9363223137383663105,95,74,2700,2.7,0.0027,2.7e-06,2026-02-17 12:05:54,2026-02-17 12:05:54,n_values_equal\n_values_008bit.txt
169,8,1,60,FOUND,13,13,7,1,1772048501722564850,94,86,3900,3.9,0.0039,3.9e-06,2026-02-17 12:05:54,2026-02-17 12:05:54,n_values_equal\n_values_008bit.txt
169,8,2,60,FOUND,13,13,1,0,5719882657021788182,83,61,700,0.7,0.0007,7e-07,2026-02-17 12:05:54,2026-02-17 12:05:54,n_values_equal\n_values_008bit.txt
169,8,3,60,FOUND,13,13,4,0,4655880975352386465,74,87,1800,1.8,0.0018,1.8e-06,2026-02-17 12:05:54,2026-02-17 12:05:54,n_values_equal\n_values_008bit.txt
143,8,1,60,FOUND,13,11,2,0,13678248995248979029,10,84,1300,1.3,0.0013,1.3e-06,2026-02-17 12:05:54,2026-02-17 12:05:54,n_values_equal\n_values_008bit.txt
143,8,2,60,FOUND,13,11,1,0,2081310217727549517,70,84,700,0.7,0.0007,7e-07,2026-02-17 12:05:54,2026-02-17 12:05:54,n_values_equal\n_values_008bit.txt
143,8,3,60,FOUND,11,13,4,1,9363223137383663105,95,74,2700,2.7,0.0027,2.7e-06,2026-02-17 12:05:54,2026-02-17 12:05:54,n_values_equal\n_values_008bit.txt
169,8,1,60,FOUND,13,13,7,1,1772048501722564850,94,86,6500,6.5,0.0065,6.5e-06,2026-02-17 12:05:54,2026-02-17 12:05:54,n_values_equal\n_values_008bit.txt
169,8,2,60,FOUND,13,13,1,0,5719882657021788182,83,61,800,0.8,0.0008,8e-07,2026-02-17 12:05:54,2026-02-17 12:05:54,n_values_equal\n_values_008bit.txt
169,8,3,60,FOUND,13,13,4,0,4655880975352386465,74,87,2500,2.5,0.0025,2.5e-06,2026-02-17 12:05:54,2026-02-17 12:05:54,n_values_equal\n_values_008bit.txt
143,8,1,60,FOUND,13,11,2,0,13678248995248979029,10,84,1400,1.4,0.0014,1.4e-06,2026-02-17 12:05:54,2026-02-17 12:05:54,n_values_equal\n_values_008bit.txt
143,8,2,60,FOUND,13,11,1,0,2081310217727549517,70,84,800,0.8,0.0008,8e-07,2026-02-17 12:05:54,2026-02-17 12:05:54,n_values_equal\n_values_008bit.txt
143,8,3,60,FOUND,11,13,4,1,9363223137383663105,95,74,3400,3.4,0.0034,3.4e-06,2026-02-17 12:05:54,2026-02-17 12:05:54,n_values_equal\n_values_008bit.txt
169,8,1,60,FOUND,13,13,7,1,1772048501722564850,94,86,4500,4.5,0.0045,4.5e-06,2026-02-17 12:05:54,2026-02-17 12:05:54,n_values_equal\n_values_008bit.txt
169,8,2,60,FOUND,13,13,1,0,5719882657021788182,83,61,700,0.7,0.0007,7e-07,2026-02-17 12:05:54,2026-02-17 12:05:54,n_values_equal\n_values_008bit.txt
169,8,3,60,FOUND,13,13,4,0,4655880975352386465,74,87,1900,1.9,0.0019,1.9e-06,2026-02-17 12:05:54,2026-02-17 12:05:54,n_values_equal\n_values_008bit.txt
143,8,1,60,FOUND,13,11,2,0,13678248995248979029,10,84,2400,2.4,0.0024,2.4e-06,2026-02-17 12:05:54,2026-02-17 12:05:54,n_values_equal\n_values_008bit.txt
143,8,2,60,FOUND,13,11,1,0,2081310217727549517,70,84,600,0.6,0.0006,6e-07,2026-02-17 12:05:54,2026-02-17 12:05:54,n_values_equal\n_values_008bit.txt
143,8,3,60,FOUND,11,13,4,1,9363223137383663105,95,74,2600,2.6,0.0026,2.6e-06,2026-02-17 12:05:54,2026-02-17 12:05:54,n_values_equal\n_values_008bit.txt
169,8,1,60,FOUND,13,13,7,1,1772048501722564850,94,86,3800,3.8,0.0038,3.8e-06,2026-02-17 12:05:54,2026-02-17 12:05:54,n_values_equal\n_values_008bit.txt
169,8,2,60,FOUND,13,13,1,0,5719882657021788182,83,61,700,0.7,0.0007,7e-07,2026-02-17 12:05:54,2026-02-17 12:05:54,n_values_equal\n_values_008bit.txt
169,8,3,60,FOUND,13,13,4,0,4655880975352386465,74,87,1900,1.9,0.0019,1.9e-06,2026-02-17 12:05:54,2026-02-17 12:05:54,n_values_equal\n_values_008bit.txt
143,8,1,60,FOUND,13,11,2,0,13678248995248979029,10,84,1000,1.0,0.001,1e-06,2026-02-17 12:05:54,2026-02-17 12:05:54,n_values_equal\n_values_008bit.txt
143,8,2,60,FOUND,13,11,1,0,2081310217727549517,70,84,700,0.7,0.0007,7e-07,2026-02-17 12:05:54,2026-02-17 12:05:54,n_values_equal\n_values_008bit.txt
143,8,3,60,FOUND,11,13,4,1,9363223137383663105,95,74,2700,2.7,0.0027,2.7e-06,2026-02-17 12:05:54,2026-02-17 12:05:54,n_values_equal\n_values_008bit.txt
169,8,1,60,FOUND,13,13,7,1,1772048501722564850,94,86,3600,3.6,0.0036,3.6e-06,2026-02-17 12:05:54,2026-02-17 12:05:54,n_values_equal\n_values_008bit.txt
169,8,2,60,FOUND,13,13,1,0,5719882657021788182,83,61,600,0.6,0.0006,6e-07,2026-02-17 12:05:54,2026-02-17 12:05:54,n_values_equal\n_values_008bit.txt
169,8,3,60,FOUND,13,13,4,0,4655880975352386465,74,87,2000,2.0,0.002,2e-06,2026-02-17 12:05:54,2026-02-17 12:05:54,n_values_equal\n_values_008bit.txt
143,8,1,60,FOUND,13,11,2,0,13678248995248979029,10,84,1300,1.3,0.0013,1.3e-06,2026-02-17 12:05:54,2026-02-17 12:05:54,n_values_equal\n_values_008bit.txt
143,8,2,60,FOUND,13,11,1,0,2081310217727549517,70,84,800,0.8,0.0008,8e-07,2026-02-17 12:05:54,2026-02-17 12:05:54,n_values_equal\n_values_008bit.txt
143,8,3,60,FOUND,11,13,4,1,9363223137383663105,95,74,2700,2.7,0.0027,2.7e-06,2026-02-17 12:05:54,2026-02-17 12:05:54,n_values_equal\n_values_008bit.txt
169,8,1,60,FOUND,13,13,7,1,1772048501722564850,94,86,4000,4.0,0.004,4e-06,2026-02-17 12:05:54,2026-02-17 12:05:54,n_values_equal\n_values_008bit.txt
169,8,2,60,FOUND,13,13,1,0,5719882657021788182,83,61,700,0.7,0.0007,7e-07,2026-02-17 12:05:54,2026-02-17 12:05:54,n_values_equal\n_values_008bit.txt
169,8,3,60,FOUND,13,13,4,0,4655880975352386465,74,87,1800,1.8,0.0018,1.8e-06,2026-02-17 12:05:54,2026-02-17 12:05:54,n_values_equal\n_values_008bit.txt
143,8,1,60,FOUND,13,11,2,0,13678248995248979029,10,84,1100,1.1,0.0011,1.1e-06,2026-02-17 12:05:54,2026-02-17 12:05:54,n_values_equal\n_values_008bit.txt
143,8,2,60,FOUND,13,11,1,0,2081310217727549517,70,84,600,0.6,0.0006,6e-07,2026-02-17 12:05:54,2026-02-17 12:05:54,n_values_equal\n_values_008bit.txt
143,8,3,60,FOUND,11,13,4,1,9363223137383663105,95,74,2500,2.5,0.0025,2.5e-06,2026-02-17 12:05:54,2026-02-17 12:05:54,n_values_equal\n_values_008bit.txt
169,8,1,60,FOUND,13,13,7,1,1772048501722564850,94,86,3600,3.6,0.0036,3.6e-06,2026-02-17 12:05:54,2026-02-17 12:05:54,n_values_equal\n_values_008bit.txt
169,8,2,60,FOUND,13,13,1,0,5719882657021788182,83,61,600,0.6,0.0006,6e-07,2026-02-17 12:05:54,2026-02-17 12:05:54,n_values_equal\n_values_008bit.txt
169,8,3,60,FOUND,13,13,4,0,4655880975352386465,74,87,2200,2.2,0.0022,2.2e-06,2026-02-17 12:05:54,2026-02-17 12:05:54,n_values_equal\n_values_008bit.txt
143,8,1,60,FOUND,13,11,2,0,13678248995248979029,10,84,1300,1.3,0.0013,1.3e-06,2026-02-17 12:05:54,2026-02-17 12:05:54,n_values_equal\n_values_008bit.txt
143,8,2,60,FOUND,13,11,1,0,2081310217727549517,70,84,700,0.7,0.0007,7e-07,2026-02-17 12:05:54,2026-02-17 12:05:54,n_values_equal\n_values_008bit.txt
143,8,3,60,FOUND,11,13,4,1,9363223137383663105,95,74,2700,2.7,0.0027,2.7e-06,2026-02-17 12:05:54,2026-02-17 12:05:54,n_values_equal\n_values_008bit.txt
169,8,1,60,FOUND,13,13,7,1,1772048501722564850,94,86,3700,3.7,0.0037,3.7e-06,2026-02-17 12:05:54,2026-02-17 12:05:54,n_values_equal\n_values_008bit.txt
169,8,2,60,FOUND,13,13,1,0,5719882657021788182,83,61,600,0.6,0.0006,6e-07,2026-02-17 12:05:54,2026-02-17 12:05:54,n_values_equal\n_values_008bit.txt
169,8,3,60,FOUND,13,13,4,0,4655880975352386465,74,87,2000,2.0,0.002,2e-06,2026-02-17 12:05:54,2026-02-17 12:05:54,n_values_equal\n_values_008bit.txt
143,8,1,60,FOUND,13,11,2,0,13678248995248979029,10,84,1100,1.1,0.0011,1.1e-06,2026-02-17 12:05:54,2026-02-17 12:05:54,n_values_equal\n_values_008bit.txt
143,8,2,60,FOUND,13,11,1,0,2081310217727549517,70,84,800,0.8,0.0008,8e-07,2026-02-17 12:05:54,2026-02-17 12:05:54,n_values_equal\n_values_008bit.txt
143,8,3,60,FOUND,11,13,4,1,9363223137383663105,95,74,2600,2.6,0.0026,2.6e-06,2026-02-17 12:05:54,2026-02-17 12:05:54,n_values_equal\n_values_008bit.txt
169,8,1,60,FOUND,13,13,7,1,1772048501722564850,94,86,3600,3.6,0.0036,3.6e-06,2026-02-17 12:05:54,2026-02-17 12:05:54,n_values_equal\n_values_008bit.txt
169,8,2,60,FOUND,13,13,1,0,5719882657021788182,83,61,700,0.7,0.0007,7e-07,2026-02-17 12:05:54,2026-02-17 12:05:54,n_values_equal\n_values_008bit.txt
169,8,3,60,FOUND,13,13,4,0,4655880975352386465,74,87,2100,2.1,0.0021,2.1e-06,2026-02-17 12:05:54,2026-02-17 12:05:54,n_values_equal\n_values_008bit.txt
143,8,1,60,FOUND,13,11,2,0,13678248995248979029,10,84,1000,1.0,0.001,1e-06,2026-02-17 12:05:54,2026-02-17 12:05:54,n_values_equal\n_values_008bit.txt
143,8,2,60,FOUND,13,11,1,0,2081310217727549517,70,84,600,0.6,0.0006,6e-07,2026-02-17 12:05:54,2026-02-17 12:05:54,n_values_equal\n_values_008bit.txt
143,8,3,60,FOUND,11,13,4,1,9363223137383663105,95,74,2400,2.4,0.0024,2.4e-06,2026-02-17 12:05:54,2026-02-17 12:05:54,n_values_equal\n_values_008bit.txt
2173,12,1,60,FOUND,41,53,4,0,4695046534552491817,937,1726,5100,5.1,0.0051,5.1e-06,2026-02-17 12:05:54,2026-02-17 12:05:54,n_values_equal\n_values_012bit.txt
2173,12,2,60,FOUND,53,41,3,0,2881440731830775189,1391,1745,3100,3.1,0.0031,3.1e-06,2026-02-17 12:05:54,2026-02-17 12:05:54,n_values_equal\n_values_012bit.txt
2173,12,3,60,FOUND,41,53,4,0,10671655223325294199,1078,375,4000,4.0,0.004,4e-06,2026-02-17 12:05:54,2026-02-17 12:05:54,n_values_equal\n_values_012bit.txt
2183,12,1,60,FOUND,37,59,3,0,7094976121260394736,1171,51,2600,2.6,0.0026,2.6e-06,2026-02-17 12:05:54,2026-02-17 12:05:54,n_values_equal\n_values_012bit.txt
2183,12,2,60,FOUND,59,37,1,0,1119444365958032744,1288,1975,1700,1.7,0.0017,1.7e-06,2026-02-17 12:05:54,2026-02-17 12:05:54,n_values_equal\n_values_012bit.txt
2183,12,3,60,FOUND,59,37,10,0,4994550009689014723,14,1745,8800,8.8,0.0088,8.8e-06,2026-02-17 12:05:54,2026-02-17 12:05:54,n_values_equal\n_values_012bit.txt
2209,12,1,60,FOUND,47,47,6,0,432809906782146079,1028,133,5000,5.0,0.005,5e-06,2026-02-17 12:05:54,2026-02-17 12:05:54,n_values_equal\n_values_012bit.txt
2209,12,2,60,FOUND,47,47,12,0,13667667435766239850,866,1378,9700,9.7,0.0097,9.7e-06,2026-02-17 12:05:54,2026-02-17 12:05:54,n_values_equal\n_values_012bit.txt
2209,12,3,60,FOUND,47,47,9,0,6406920619581246574,1635,1365,7100,7.1,0.0071,7.1e-06,2026-02-17 12:05:54,2026-02-17 12:05:54,n_values_equal\n_values_012bit.txt
2257,12,1,60,FOUND,61,37,6,0,3988169987202606727,2154,2067,4700,4.7,0.0047,4.7e-06,2026-02-17 12:05:54,2026-02-17 12:05:54,n_values_equal\n_values_012bit.txt
2257,12,2,60,FOUND,37,61,4,0,8703310327430453326,10,1134,3200,3.2,0.0032,3.2e-06,2026-02-17 12:05:54,2026-02-17 12:05:54,n_values_equal\n_values_012bit.txt
2257,12,3,60,FOUND,37,61,9,0,14418359336986672576,1544,2107,7100,7.1,0.0071,7.1e-06,2026-02-17 12:05:54,2026-02-17 12:05:54,n_values_equal\n_values_012bit.txt
2279,12,1,60,FOUND,43,53,6,0,1463715951826599011,1493,794,4700,4.7,0.0047,4.7e-06,2026-02-17 12:05:54,2026-02-17 12:05:54,n_values_equal\n_values_012bit.txt
2279,12,2,60,FOUND,53,43,5,0,14198023662987080687,2220,1367,4000,4.0,0.004,4e-06,2026-02-17 12:05:54,2026-02-17 12:05:54,n_values_equal\n_values_012bit.txt
2279,12,3,60,FOUND,43,53,6,0,3768345666998449311,101,326,4700,4.7,0.0047,4.7e-06,2026-02-17 12:05:54,2026-02-17 12:05:54,n_values_equal\n_values_012bit.txt
2419,12,1,60,FOUND,41,59,6,0,2272561945274775856,1998,472,4700,4.7,0.0047,4.7e-06,2026-02-17 12:05:54,2026-02-17 12:05:54,n_values_equal\n_values_012bit.txt
2419,12,2,60,FOUND,59,41,4,0,8883010511802273023,330,320,3400,3.4,0.0034,3.4e-06,2026-02-17 12:05:54,2026-02-17 12:05:54,n_values_equal\n_values_012bit.txt
2419,12,3,60,FOUND,41,59,4,0,1201188977379411247,272,1324,3100,3.1,0.0031,3.1e-06,2026-02-17 12:05:54,2026-02-17 12:05:54,n_values_equal\n_values_012bit.txt
2491,12,1,60,FOUND,53,47,4,0,16330667563516408774,510,299,3200,3.2,0.0032,3.2e-06,2026-02-17 12:05:54,2026-02-17 12:05:54,n_values_equal\n_values_012bit.txt
2491,12,2,60,FOUND,53,47,7,0,4927536421276380673,971,2256,5200,5.2,0.0052,5.2e-06,2026-02-17 12:05:54,2026-02-17 12:05:54,n_values_equal\n_values_012bit.txt
2491,12,3,60,FOUND,53,47,5,0,12774052106607107978,1655,1660,3900,3.9,0.0039,3.9e-06,2026-02-17 12:05:54,2026-02-17 12:05:54,n_values_equal\n_values_012bit.txt
2501,12,1,60,FOUND,61,41,6,0,10631838144323876637,1233,903,4600,4.6,0.0046,4.6e-06,2026-02-17 12:05:54,2026-02-17 12:05:54,n_values_equal\n_values_012bit.txt
2501,12,2,60,FOUND,41,61,4,0,3538108631617264483,1790,737,3400,3.4,0.0034,3.4e-06,2026-02-17 12:05:54,2026-02-17 12:05:54,n_values_equal\n_values_012bit.txt
2501,12,3,60,FOUND,41,61,8,0,14587380435614766395,426,566,6500,6.5,0.0065,6.5e-06,2026-02-17 12:05:54,2026-02-17 12:05:54,n_values_equal\n_values_012bit.txt
2537,12,1,60,FOUND,59,43,1,0,15917314392215668509,1719,1580,1200,1.2,0.0012,1.2e-06,2026-02-17 12:05:54,2026-02-17 12:05:54,n_values_equal\n_values_012bit.txt
2537,12,2,60,FOUND,43,59,7,1,8962661765177948858,1780,1766,7200,7.2,0.0072,7.2e-06,2026-02-17 12:05:54,2026-02-17 12:05:54,n_values_equal\n_values_012bit.txt
2537,12,3,60,FOUND,43,59,7,0,5321985288518928434,962,2255,5400,5.4,0.0054,5.4e-06,2026-02-17 12:05:54,2026-02-17 12:05:54,n_values_equal\n_values_012bit.txt
2623,12,1,60,FOUND,61,43,4,0,13314192378798775705,170,1563,3200,3.2,0.0032,3.2e-06,2026-02-17 12:05:54,2026-02-17 12:05:54,n_values_equal\n_values_012bit.txt
2623,12,2,60,FOUND,43,61,9,0,6084921092096872450,1472,1581,6600,6.6,0.0066,6.6e-06,2026-02-17 12:05:54,2026-02-17 12:05:54,n_values_equal\n_values_012bit.txt
2623,12,3,60,FOUND,61,43,5,0,8507052395838305104,746,883,3700,3.7,0.0037,3.7e-06,2026-02-17 12:05:54,2026-02-17 12:05:54,n_values_equal\n_values_012bit.txt
2773,12,1,60,FOUND,59,47,6,0,12208309776386439158,881,326,4800,4.8,0.0048,4.8e-06,2026-02-17 12:05:54,2026-02-17 12:05:54,n_values_equal\n_values_012bit.txt
2773,12,2,60,FOUND,59,47,1,0,1079372433224725278,890,1268,1000,1.0,0.001,1e-06,2026-02-17 12:05:54,2026-02-17 12:05:54,n_values_equal\n_values_012bit.txt
2773,12,3,60,FOUND,47,59,6,0,501473655954250803,1002,255,4800,4.8,0.0048,4.8e-06,2026-02-17 12:05:54,2026-02-17 12:05:54,n_values_equal\n_values_012bit.txt
2809,12,1,60,FOUND,53,53,1,0,3949654287405015346,1892,2484,1100,1.1,0.0011,1.1e-06,2026-02-17 12:05:54,2026-02-17 12:05:54,n_values_equal\n_values_012bit.txt
2809,12,2,60,FOUND,53,53,5,0,14841383655223073295,2513,1867,4000,4.0,0.004,4e-06,2026-02-17 12:05:54,2026-02-17 12:05:54,n_values_equal\n_values_012bit.txt
2809,12,3,60,FOUND,53,53,10,0,569096123179881983,81,812,7500,7.5,0.0075,7.5e-06,2026-02-17 12:05:54,2026-02-17 12:05:54,n_values_equal\n_values_012bit.txt
2867,12,1,60,FOUND,47,61,18,1,7533135848720438296,639,393,14800,14.8,0.0148,1.48e-05,2026-02-17 12:05:54,2026-02-17 12:05:54,n_values_equal\n_values_012bit.txt
2867,12,2,60,FOUND,61,47,12,0,9593537840058834551,2571,27,9400,9.4,0.0094,9.4e-06,2026-02-17 12:05:54,2026-02-17 12:05:54,n_values_equal\n_values_012bit.txt
2867,12,3,60,FOUND,61,47,2,0,17953437489671600130,1269,2551,1700,1.7,0.0017,1.7e-06,2026-02-17 12:05:54,2026-02-17 12:05:54,n_values_equal\n_values_012bit.txt
3127,12,1,60,FOUND,53,59,3,0,18352827300004849239,1775,1806,2400,2.4,0.0024,2.4e-06,2026-02-17 12:05:54,2026-02-17 12:05:54,n_values_equal\n_values_012bit.txt
3127,12,2,60,FOUND,59,53,3,0,12172576247581960994,13,794,2700,2.7,0.0027,2.7e-06,2026-02-17 12:05:54,2026-02-17 12:05:54,n_values_equal\n_values_012bit.txt
3127,12,3,60,FOUND,59,53,3,0,12630388501374777487,2193,2248,2600,2.6,0.0026,2.6e-06,2026-02-17 12:05:54,2026-02-17 12:05:54,n_values_equal\n_values_012bit.txt
3233,12,1,60,FOUND,53,61,5,0,10928702639446257855,382,1138,3800,3.8,0.0038,3.8e-06,2026-02-17 12:05:54,2026-02-17 12:05:54,n_values_equal\n_values_012bit.txt
3233,12,2,60,FOUND,61,53,10,1,11720126498577066776,3171,2619,8700,8.7,0.0087,8.7e-06,2026-02-17 12:05:54,2026-02-17 12:05:54,n_values_equal\n_values_012bit.txt
3233,12,3,60,FOUND,61,53,4,0,10748643138999544199,3026,113,3200,3.2,0.0032,3.2e-06,2026-02-17 12:05:54,2026-02-17 12:05:54,n_values_equal\n_values_012bit.txt
3481,12,1,60,FOUND,59,59,2,0,1691403575272047755,2742,1898,2900,2.9,0.0029,2.9e-06,2026-02-17 12:05:54,2026-02-17 12:05:54,n_values_equal\n_values_012bit.txt
3481,12,2,60,FOUND,59,59,7,1,16853242271696596777,1584,3414,6600,6.6,0.0066,6.6e-06,2026-02-17 12:05:54,2026-02-17 12:05:54,n_values_equal\n_values_012bit.txt
3481,12,3,60,FOUND,59,59,8,0,15775547047647382843,412,1074,6100,6.1,0.0061,6.1e-06,2026-02-17 12:05:54,2026-02-17 12:05:54,n_values_equal\n_values_012bit.txt
3599,12,1,60,FOUND,59,61,6,0,10231243037822594731,3109,1351,6000,6.0,0.006,6e-06,2026-02-17 12:05:54,2026-02-17 12:05:54,n_values_equal\n_values_012bit.txt
3599,12,2,60,FOUND,61,59,18,1,2411217798825900365,3003,557,14400,14.4,0.0144,1.44e-05,2026-02-17 12:05:54,2026-02-17 12:05:54,n_values_equal\n_values_012bit.txt
3599,12,3,60,FOUND,61,59,1,0,495941027196172178,2576,2108,1000,1.0,0.001,1e-06,2026-02-17 12:05:54,2026-02-17 12:05:54,n_values_equal\n_values_012bit.txt
3721,12,1,60,FOUND,61,61,8,0,1917480391141636342,2167,1806,6100,6.1,0.0061,6.1e-06,2026-02-17 12:05:54,2026-02-17 12:05:54,n_values_equal\n_values_012bit.txt
3721,12,2,60,FOUND,61,61,8,0,4596018896045842861,3461,2878,6200,6.2,0.0062,6.2e-06,2026-02-17 12:05:54,2026-02-17 12:05:54,n_values_equal\n_values_012bit.txt
3721,12,3,60,FOUND,61,61,15,1,12960851018895183591,611,3055,12300,12.3,0.0123,1.23e-05,2026-02-17 12:05:54,2026-02-17 12:05:54,n_values_equal\n_values_012bit.txt
2173,12,1,60,FOUND,41,53,4,0,4695046534552491817,937,1726,3100,3.1,0.0031,3.1e-06,2026-02-17 12:05:54,2026-02-17 12:05:54,n_values_equal\n_values_012bit.txt
2173,12,2,60,FOUND,53,41,3,0,2881440731830775189,1391,1745,2500,2.5,0.0025,2.5e-06,2026-02-17 12:05:54,2026-02-17 12:05:54,n_values_equal\n_values_012bit.txt
2173,12,3,60,FOUND,41,53,4,0,10671655223325294199,1078,375,3200,3.2,0.0032,3.2e-06,2026-02-17 12:05:54,2026-02-17 12:05:54,n_values_equal\n_values_012bit.txt
2183,12,1,60,FOUND,37,59,3,0,7094976121260394736,1171,51,2600,2.6,0.0026,2.6e-06,2026-02-17 12:05:54,2026-02-17 12:05:54,n_values_equal\n_values_012bit.txt
2183,12,2,60,FOUND,59,37,1,0,1119444365958032744,1288,1975,1000,1.0,0.001,1e-06,2026-02-17 12:05:54,2026-02-17 12:05:54,n_values_equal\n_values_012bit.txt
2183,12,3,60,FOUND,59,37,10,0,4994550009689014723,14,1745,7500,7.5,0.0075,7.5e-06,2026-02-17 12:05:54,2026-02-17 12:05:54,n_values_equal\n_values_012bit.txt
2209,12,1,60,FOUND,47,47,6,0,432809906782146079,1028,133,4700,4.7,0.0047,4.7e-06,2026-02-17 12:05:54,2026-02-17 12:05:54,n_values_equal\n_values_012bit.txt
2209,12,2,60,FOUND,47,47,12,0,13667667435766239850,866,1378,8800,8.8,0.0088,8.8e-06,2026-02-17 12:05:54,2026-02-17 12:05:54,n_values_equal\n_values_012bit.txt
2209,12,3,60,FOUND,47,47,9,0,6406920619581246574,1635,1365,6400,6.4,0.0064,6.4e-06,2026-02-17 12:05:54,2026-02-17 12:05:54,n_values_equal\n_values_012bit.txt
2257,12,1,60,FOUND,61,37,6,0,3988169987202606727,2154,2067,4500,4.5,0.0045,4.5e-06,2026-02-17 12:05:54,2026-02-17 12:05:54,n_values_equal\n_values_012bit.txt
2257,12,2,60,FOUND,37,61,4,0,8703310327430453326,10,1134,3200,3.2,0.0032,3.2e-06,2026-02-17 12:05:54,2026-02-17 12:05:54,n_values_equal\n_values_012bit.txt
2257,12,3,60,FOUND,37,61,9,0,14418359336986672576,1544,2107,7000,7.0,0.007,7e-06,2026-02-17 12:05:54,2026-02-17 12:05:54,n_values_equal\n_values_012bit.txt
2279,12,1,60,FOUND,43,53,6,0,1463715951826599011,1493,794,4600,4.6,0.0046,4.6e-06,2026-02-17 12:05:54,2026-02-17 12:05:54,n_values_equal\n_values_012bit.txt
2279,12,2,60,FOUND,53,43,5,0,14198023662987080687,2220,1367,3700,3.7,0.0037,3.7e-06,2026-02-17 12:05:54,2026-02-17 12:05:54,n_values_equal\n_values_012bit.txt
2279,12,3,60,FOUND,43,53,6,0,3768345666998449311,101,326,4600,4.6,0.0046,4.6e-06,2026-02-17 12:05:54,2026-02-17 12:05:54,n_values_equal\n_values_012bit.txt
2419,12,1,60,FOUND,41,59,6,0,2272561945274775856,1998,472,4500,4.5,0.0045,4.5e-06,2026-02-17 12:05:54,2026-02-17 12:05:54,n_values_equal\n_values_012bit.txt
2419,12,2,60,FOUND,59,41,4,0,8883010511802273023,330,320,4200,4.2,0.0042,4.2e-06,2026-02-17 12:05:54,2026-02-17 12:05:54,n_values_equal\n_values_012bit.txt
2419,12,3,60,FOUND,41,59,4,0,1201188977379411247,272,1324,3100,3.1,0.0031,3.1e-06,2026-02-17 12:05:54,2026-02-17 12:05:54,n_values_equal\n_values_012bit.txt
2491,12,1,60,FOUND,53,47,4,0,16330667563516408774,510,299,3100,3.1,0.0031,3.1e-06,2026-02-17 12:05:54,2026-02-17 12:05:54,n_values_equal\n_values_012bit.txt
2491,12,2,60,FOUND,53,47,7,0,4927536421276380673,971,2256,5300,5.3,0.0053,5.3e-06,2026-02-17 12:05:54,2026-02-17 12:05:54,n_values_equal\n_values_012bit.txt
2491,12,3,60,FOUND,53,47,5,0,12774052106607107978,1655,1660,4100,4.1,0.0041,4.1e-06,2026-02-17 12:05:54,2026-02-17 12:05:54,n_values_equal\n_values_012bit.txt
47941,16,1,60,FOUND,251,191,14,0,9251793356996137393,45143,29566,8600,8.6,0.0086,8.6e-06,2026-02-17 12:05:54,2026-02-17 12:05:54,n_values_equal\n_values_016bit.txt
47941,16,2,60,FOUND,191,251,18,0,17331585214453908077,24944,14,9300,9.3,0.0093,9.3e-06,2026-02-17 12:05:54,2026-02-17 12:05:54,n_values_equal\n_values_016bit.txt
47941,16,3,60,FOUND,251,191,9,0,6710350342364505664,42340,31510,4700,4.7,0.0047,4.7e-06,2026-02-17 12:05:54,2026-02-17 12:05:54,n_values_equal\n_values_016bit.txt
53297,16,1,60,FOUND,223,239,11,0,5603770652604009084,37807,38996,5900,5.9,0.0059,5.9e-06,2026-02-17 12:05:54,2026-02-17 12:05:54,n_values_equal\n_values_016bit.txt
53297,16,2,60,FOUND,223,239,7,0,4759041052550539176,17681,29551,3700,3.7,0.0037,3.7e-06,2026-02-17 12:05:54,2026-02-17 12:05:54,n_values_equal\n_values_016bit.txt
53297,16,3,60,FOUND,239,223,10,0,10541258958359070685,38558,887,5000,5.0,0.005,5e-06,2026-02-17 12:05:54,2026-02-17 12:05:54,n_values_equal\n_values_016bit.txt
49447,16,1,60,FOUND,251,197,15,0,11487737901040527940,37774,16739,7300,7.3,0.0073,7.3e-06,2026-02-17 12:05:54,2026-02-17 12:05:54,n_values_equal\n_values_016bit.txt
49447,16,2,60,FOUND,251,197,20,0,11598502753455174041,42535,37034,9700,9.7,0.0097,9.7e-06,2026-02-17 12:05:54,2026-02-17 12:05:54,n_values_equal\n_values_016bit.txt
49447,16,3,60,FOUND,197,251,8,0,12369438402429500258,44449,17007,3900,3.9,0.0039,3.9e-06,2026-02-17 12:05:54,2026-02-17 12:05:54,n_values_equal\n_values_016bit.txt
42593,16,1,60,FOUND,191,223,7,0,224056663918417484,20895,17993,3700,3.7,0.0037,3.7e-06,2026-02-17 12:05:54,2026-02-17 12:05:54,n_values_equal\n_values_016bit.txt
42593,16,2,60,FOUND,191,223,10,0,18431693302730023057,13942,20773,5000,5.0,0.005,5e-06,2026-02-17 12:05:54,2026-02-17 12:05:54,n_values_equal\n_values_016bit.txt
42593,16,3,60,FOUND,191,223,16,1,13406351128816350729,11397,11552,8900,8.9,0.0089,8.9e-06,2026-02-17 12:05:54,2026-02-17 12:05:54,n_values_equal\n_values_016bit.txt
38957,16,1,60,FOUND,163,239,5,0,6248758718250871276,18405,35311,2800,2.8,0.0028,2.8e-06,2026-02-17 12:05:54,2026-02-17 12:05:54,n_values_equal\n_values_016bit.txt
38957,16,2,60,FOUND,163,239,9,0,9038530809263191513,17141,2752,5800,5.8,0.0058,5.8e-06,2026-02-17 12:05:54,2026-02-17 12:05:54,n_values_equal\n_values_016bit.txt
38957,16,3,60,FOUND,239,163,9,0,1643626447089767029,24797,22377,4800,4.8,0.0048,4.8e-06,2026-02-17 12:05:54,2026-02-17 12:05:54,n_values_equal\n_values_016bit.txt
45901,16,1,60,FOUND,233,197,12,0,6532192460258914162,12090,38916,6500,6.5,0.0065,6.5e-06,2026-02-17 12:05:54,2026-02-17 12:05:54,n_values_equal\n_values_016bit.txt
45901,16,2,60,FOUND,197,233,20,0,17329741869031511907,17004,1565,9600,9.6,0.0096,9.6e-06,2026-02-17 12:05:54,2026-02-17 12:05:54,n_values_equal\n_values_016bit.txt
45901,16,3,60,FOUND,233,197,2,0,484845273884435560,43702,43316,1400,1.4,0.0014,1.4e-06,2026-02-17 12:05:54,2026-02-17 12:05:54,n_values_equal\n_values_016bit.txt
38191,16,1,60,FOUND,211,181,8,0,12782628414305876246,33043,19231,4400,4.4,0.0044,4.4e-06,2026-02-17 12:05:54,2026-02-17 12:05:54,n_values_equal\n_values_016bit.txt
38191,16,2,60,FOUND,211,181,13,0,7938608590803395956,24528,22410,6200,6.2,0.0062,6.2e-06,2026-02-17 12:05:54,2026-02-17 12:05:54,n_values_equal\n_values_016bit.txt
38191,16,3,60,FOUND,181,211,14,0,15393195950886232697,26592,30055,6500,6.5,0.0065,6.5e-06,2026-02-17 12:05:54,2026-02-17 12:05:54,n_values_equal\n_values_016bit.txt
42173,16,1,60,FOUND,181,233,11,0,13871646165893978812,32524,37027,5400,5.4,0.0054,5.4e-06,2026-02-17 12:05:54,2026-02-17 12:05:54,n_values_equal\n_values_016bit.txt
42173,16,2,60,FOUND,181,233,14,0,5101411700771124464,6462,13510,6800,6.8,0.0068,6.8e-06,2026-02-17 12:05:54,2026-02-17 12:05:54,n_values_equal\n_values_016bit.txt
42173,16,3,60,FOUND,181,233,8,0,2839459681075032696,27602,19236,4700,4.7,0.0047,4.7e-06,2026-02-17 12:05:54,2026-02-17 12:05:54,n_values_equal\n_values_016bit.txt
47477,16,1,60,FOUND,197,241,18,0,16532381873885003718,24490,8136,8700,8.7,0.0087,8.7e-06,2026-02-17 12:05:54,2026-02-17 12:05:54,n_values_equal\n_values_016bit.txt
47477,16,2,60,FOUND,241,197,6,0,5034860153556971878,39490,22051,3300,3.3,0.0033,3.3e-06,2026-02-17 12:05:54,2026-02-17 12:05:54,n_values_equal\n_values_016bit.txt
47477,16,3,60,FOUND,197,241,10,0,6475840285667377630,9801,10228,5500,5.5,0.0055,5.5e-06,2026-02-17 12:05:54,2026-02-17 12:05:54,n_values_equal\n_values_016bit.txt
54731,16,1,60,FOUND,239,229,15,0,88584974243317180,8461,54597,7800,7.8,0.0078,7.8e-06,2026-02-17 12:05:54,2026-02-17 12:05:54,n_values_equal\n_values_016bit.txt
54731,16,2,60,FOUND,239,229,25,1,17065860945456632784,1568,18109,14200,14.2,0.0142,1.42e-05,2026-02-17 12:05:54,2026-02-17 12:05:54,n_values_equal\n_values_016bit.txt
54731,16,3,60,FOUND,239,229,16,0,1852856663380132034,5838,37831,7700,7.7,0.0077,7.7e-06,2026-02-17 12:05:54,2026-02-17 12:05:54,n_values_equal\n_values_016bit.txt
39407,16,1,60,FOUND,157,251,4,0,10217981301820497122,7545,15270,2200,2.2,0.0022,2.2e-06,2026-02-17 12:05:54,2026-02-17 12:05:54,n_values_equal\n_values_016bit.txt
39407,16,2,60,FOUND,157,251,12,0,14366269679350638250,29957,14558,5700,5.7,0.0057,5.7e-06,2026-02-17 12:05:54,2026-02-17 12:05:54,n_values_equal\n_values_016bit.txt
39407,16,3,60,FOUND,157,251,14,0,10695527882172575589,33285,33984,6800,6.8,0.0068,6.8e-06,2026-02-17 12:05:54,2026-02-17 12:05:54,n_values_equal\n_values_016bit.txt
57479,16,1,60,FOUND,251,229,10,0,17427278868815688500,52219,12334,5100,5.1,0.0051,5.1e-06,2026-02-17 12:05:54,2026-02-17 12:05:54,n_values_equal\n_values_016bit.txt
57479,16,2,60,FOUND,229,251,8,0,8600973944700618583,27499,40179,4200,4.2,0.0042,4.2e-06,2026-02-17 12:05:54,2026-02-17 12:05:54,n_values_equal\n_values_016bit.txt
57479,16,3,60,FOUND,229,251,11,0,5383779748969254896,18530,44936,5500,5.5,0.0055,5.5e-06,2026-02-17 12:05:54,2026-02-17 12:05:54,n_values_equal\n_values_016bit.txt
58081,16,1,60,FOUND,241,241,12,0,15200457623914600610,33474,45736,6300,6.3,0.0063,6.3e-06,2026-02-17 12:05:54,2026-02-17 12:05:54,n_values_equal\n_values_016bit.txt
58081,16,2,60,FOUND,241,241,37,0,12512236997196155048,27518,54271,17000,17.0,0.017,1.7e-05,2026-02-17 12:05:54,2026-02-17 12:05:54,n_values_equal\n_values_016bit.txt
58081,16,3,60,FOUND,241,241,12,0,4818864136619424906,33706,51296,6200,6.2,0.0062,6.2e-06,2026-02-17 12:05:54,2026-02-17 12:05:54,n_values_equal\n_values_016bit.txt
50851,16,1,60,FOUND,241,211,2,0,15853808326981163428,15795,20845,1300,1.3,0.0013,1.3e-06,2026-02-17 12:05:54,2026-02-17 12:05:54,n_values_equal\n_values_016bit.txt
50851,16,2,60,FOUND,211,241,17,0,8625022473064892177,2411,14502,9200,9.2,0.0092,9.2e-06,2026-02-17 12:05:54,2026-02-17 12:05:54,n_values_equal\n_values_016bit.txt
50851,16,3,60,FOUND,241,211,3,0,6805368808950790871,24223,40835,2000,2.0,0.002,2e-06,2026-02-17 12:05:54,2026-02-17 12:05:54,n_values_equal\n_values_016bit.txt
34393,16,1,60,FOUND,163,211,29,2,9323137205056570670,8496,16363,15000,15.0,0.015,1.5e-05,2026-02-17 12:05:54,2026-02-17 12:05:54,n_values_equal\n_values_016bit.txt
34393,16,2,60,FOUND,163,211,4,0,10687926117546408070,16931,15054,2200,2.2,0.0022,2.2e-06,2026-02-17 12:05:54,2026-02-17 12:05:54,n_values_equal\n_values_016bit.txt
34393,16,3,60,FOUND,211,163,4,0,5234800147232655000,25728,12366,2300,2.3,0.0023,2.3e-06,2026-02-17 12:05:54,2026-02-17 12:05:54,n_values_equal\n_values_016bit.txt
33499,16,1,60,FOUND,139,241,8,0,7428674512477471571,3450,33459,3900,3.9,0.0039,3.9e-06,2026-02-17 12:05:54,2026-02-17 12:05:54,n_values_equal\n_values_016bit.txt
33499,16,2,60,FOUND,139,241,2,0,4514930258489792772,23451,3165,1400,1.4,0.0014,1.4e-06,2026-02-17 12:05:54,2026-02-17 12:05:54,n_values_equal\n_values_016bit.txt
33499,16,3,60,FOUND,241,139,12,0,3057613416874628509,16697,15749,5400,5.4,0.0054,5.4e-06,2026-02-17 12:05:54,2026-02-17 12:05:54,n_values_equal\n_values_016bit.txt
35263,16,1,60,FOUND,179,197,11,0,870152036899724526,20705,7063,5500,5.5,0.0055,5.5e-06,2026-02-17 12:05:54,2026-02-17 12:05:54,n_values_equal\n_values_016bit.txt
35263,16,2,60,FOUND,197,179,13,0,11530389483644627810,857,34238,6300,6.3,0.0063,6.3e-06,2026-02-17 12:05:54,2026-02-17 12:05:54,n_values_equal\n_values_016bit.txt
35263,16,3,60,FOUND,197,179,7,0,17192523912732196219,32586,26917,3200,3.2,0.0032,3.2e-06,2026-02-17 12:05:54,2026-02-17 12:05:54,n_values_equal\n_values_016bit.txt
43811,16,1,60,FOUND,227,193,9,0,6655127631134382198,42587,21433,4400,4.4,0.0044,4.4e-06,2026-02-17 12:05:54,2026-02-17 12:05:54,n_values_equal\n_values_016bit.txt
43811,16,2,60,FOUND,193,227,9,0,12054609112595150911,18892,17329,6400,6.4,0.0064,6.4e-06,2026-02-17 12:05:54,2026-02-17 12:05:54,n_values_equal\n_values_016bit.txt
43811,16,3,60,FOUND,193,227,3,0,7292079188800466954,30305,32542,2400,2.4,0.0024,2.4e-06,2026-02-17 12:05:54,2026-02-17 12:05:54,n_values_equal\n_values_016bit.txt
39203,16,1,60,FOUND,199,197,11,0,18438394610193117376,4186,11682,9300,9.3,0.0093,9.3e-06,2026-02-17 12:05:54,2026-02-17 12:05:54,n_values_equal\n_values_016bit.txt
39203,16,2,60,FOUND,197,199,2,0,12374581764270454607,13543,997,2400,2.4,0.0024,2.4e-06,2026-02-17 12:05:54,2026-02-17 12:05:54,n_values_equal\n_values_016bit.txt
39203,16,3,60,FOUND,199,197,10,0,11689611400405042720,38599,14555,5400,5.4,0.0054,5.4e-06,2026-02-17 12:05:54,2026-02-17 12:05:54,n_values_equal\n_values_016bit.txt
40991,16,1,60,FOUND,229,179,13,0,7139883554089481277,8708,38048,6500,6.5,0.0065,6.5e-06,2026-02-17 12:05:54,2026-02-17 12:05:54,n_values_equal\n_values_016bit.txt
40991,16,2,60,FOUND,179,229,12,0,3261234449107190521,36816,24,6200,6.2,0.0062,6.2e-06,2026-02-17 12:05:54,2026-02-17 12:05:54,n_values_equal\n_values_016bit.txt
40991,16,3,60,FOUND,179,229,33,1,14352694660971301548,3462,10636,16400,16.4,0.0164,1.64e-05,2026-02-17 12:05:54,2026-02-17 12:05:54,n_values_equal\n_values_016bit.txt
55687,16,1,60,FOUND,239,233,15,0,2219551210740335012,12292,51651,7500,7.5,0.0075,7.5e-06,2026-02-17 12:05:54,2026-02-17 12:05:54,n_values_equal\n_values_016bit.txt
55687,16,2,60,FOUND,233,239,9,0,6192478417530684744,25644,17427,4700,4.7,0.0047,4.7e-06,2026-02-17 12:05:54,2026-02-17 12:05:54,n_values_equal\n_values_016bit.txt
55687,16,3,60,FOUND,233,239,11,0,15907804051072931118,53765,4260,5300,5.3,0.0053,5.3e-06,2026-02-17 12:05:54,2026-02-17 12:05:54,n_values_equal\n_values_016bit.txt
36503,16,1,60,FOUND,173,211,6,0,859508903210033531,9832,21151,2800,2.8,0.0028,2.8e-06,2026-02-17 12:05:54,2026-02-17 12:05:54,n_values_equal\n_values_016bit.txt
36503,16,2,60,FOUND,211,173,5,0,15158896666701018993,12429,13563,2500,2.5,0.0025,2.5e-06,2026-02-17 12:05:54,2026-02-17 12:05:54,n_values_equal\n_values_016bit.txt
36503,16,3,60,FOUND,211,173,4,0,11476042447719116118,21968,10063,2000,2.0,0.002,2e-06,2026-02-17 12:05:54,2026-02-17 12:05:54,n_values_equal\n_values_016bit.txt
35639,16,1,60,FOUND,157,227,4,0,162299156159201940,19823,26772,2500,2.5,0.0025,2.5e-06,2026-02-17 12:05:54,2026-02-17 12:05:54,n_values_equal\n_values_016bit.txt
35639,16,2,60,FOUND,157,227,13,0,493151619455320386,33554,20619,6500,6.5,0.0065,6.5e-06,2026-02-17 12:05:54,2026-02-17 12:05:54,n_values_equal\n_values_016bit.txt
35639,16,3,60,FOUND,157,227,12,0,5055941605379536699,24286,3811,5800,5.8,0.0058,5.8e-06,2026-02-17 12:05:54,2026-02-17 12:05:54,n_values_equal\n_values_016bit.txt
35011,16,1,60,FOUND,157,223,9,0,12119158392542577897,1030,19143,4300,4.3,0.0043,4.3e-06,2026-02-17 12:05:54,2026-02-17 12:05:54,n_values_equal\n_values_016bit.txt
35011,16,2,60,FOUND,157,223,18,0,224652443619863590,1479,34375,7700,7.7,0.0077,7.7e-06,2026-02-17 12:05:54,2026-02-17 12:05:54,n_values_equal\n_values_016bit.txt
35011,16,3,60,FOUND,157,223,12,0,6287292301884043139,30819,3524,5800,5.8,0.0058,5.8e-06,2026-02-17 12:05:54,2026-02-17 12:05:54,n_values_equal\n_values_016bit.txt
43139,16,1,60,FOUND,241,179,12,0,9565063670408291123,36929,18801,5800,5.8,0.0058,5.8e-06,2026-02-17 12:05:54,2026-02-17 12:05:54,n_values_equal\n_values_016bit.txt
43139,16,2,60,FOUND,179,241,9,0,11288864316546679439,39663,22811,4700,4.7,0.0047,4.7e-06,2026-02-17 12:05:54,2026-02-17 12:05:54,n_values_equal\n_values_016bit.txt
43139,16,3,60,FOUND,179,241,14,0,9344752375651985801,2630,507,6900,6.9,0.0069,6.9e-06,2026-02-17 12:05:54,2026-02-17 12:05:54,n_values_equal\n_values_016bit.txt
574339,20,1,60,FOUND,743,773,3,0,933358110067797967,144025,67434,4400,4.4,0.0044,4.4e-06,2026-02-17 12:05:54,2026-02-17 12:05:54,n_values_equal\n_values_020bit.txt
574339,20,2,60,FOUND,743,773,16,0,5763995795695534916,198073,92003,12700,12.7,0.0127,1.27e-05,2026-02-17 12:05:54,2026-02-17 12:05:54,n_values_equal\n_values_020bit.txt
574339,20,3,60,FOUND,743,773,10,0,16683917915538023622,197519,548557,7900,7.9,0.0079,7.9e-06,2026-02-17 12:05:54,2026-02-17 12:05:54,n_values_equal\n_values_020bit.txt
525647,20,1,60,FOUND,577,911,27,1,38848381738944753,80230,275552,22300,22.3,0.0223,2.23e-05,2026-02-17 12:05:54,2026-02-17 12:05:54,n_values_equal\n_values_020bit.txt
525647,20,2,60,FOUND,911,577,30,0,4987269699263347409,154674,524688,22000,22.0,0.022,2.2e-05,2026-02-17 12:05:54,2026-02-17 12:05:54,n_values_equal\n_values_020bit.txt
525647,20,3,60,FOUND,577,911,15,0,10082845580293290065,262614,228834,11500,11.5,0.0115,1.15e-05,2026-02-17 12:05:54,2026-02-17 12:05:54,n_values_equal\n_values_020bit.txt
623011,20,1,60,FOUND,823,757,6,0,322970283656251869,197611,179476,4900,4.9,0.0049,4.9e-06,2026-02-17 12:05:54,2026-02-17 12:05:54,n_values_equal\n_values_020bit.txt
623011,20,2,60,FOUND,757,823,18,0,1916808366907326264,214728,446218,13800,13.8,0.0138,1.38e-05,2026-02-17 12:05:54,2026-02-17 12:05:54,n_values_equal\n_values_020bit.txt
623011,20,3,60,FOUND,823,757,24,0,6050746279027674610,350660,16009,18400,18.4,0.0184,1.84e-05,2026-02-17 12:05:54,2026-02-17 12:05:54,n_values_equal\n_values_020bit.txt
971107,20,1,60,FOUND,1019,953,38,0,11630302759504679267,210605,105917,28200,28.2,0.0282,2.82e-05,2026-02-17 12:05:54,2026-02-17 12:05:54,n_values_equal\n_values_020bit.txt
971107,20,2,60,FOUND,953,1019,24,0,9182501697447917821,172019,668679,18600,18.6,0.0186,1.86e-05,2026-02-17 12:05:54,2026-02-17 12:05:54,n_values_equal\n_values_020bit.txt
971107,20,3,60,FOUND,1019,953,22,0,1962121714791661168,312153,965904,17000,17.0,0.017,1.7e-05,2026-02-17 12:05:54,2026-02-17 12:05:54,n_values_equal\n_values_020bit.txt
574121,20,1,60,FOUND,1009,569,48,0,17539826940071300999,350511,435506,35700,35.7,0.0357,3.57e-05,2026-02-17 12:05:54,2026-02-17 12:05:54,n_values_equal\n_values_020bit.txt
574121,20,2,60,FOUND,1009,569,21,0,6816606157565669132,555242,142864,16200,16.2,0.0162,1.62e-05,2026-02-17 12:05:54,2026-02-17 12:05:54,n_values_equal\n_values_020bit.txt
574121,20,3,60,FOUND,1009,569,26,0,16668751681567375951,237522,137712,20900,20.9,0.0209,2.09e-05,2026-02-17 12:05:54,2026-02-17 12:05:54,n_values_equal\n_values_020bit.txt
695273,20,1,60,FOUND,719,967,15,0,12507565877882732825,602060,655064,12100,12.1,0.0121,1.21e-05,2026-02-17 12:05:54,2026-02-17 12:05:54,n_values_equal\n_values_020bit.txt
695273,20,2,60,FOUND,719,967,18,0,6499940203840112326,391442,274084,13800,13.8,0.0138,1.38e-05,2026-02-17 12:05:54,2026-02-17 12:05:54,n_values_equal\n_values_020bit.txt
695273,20,3,60,FOUND,719,967,16,0,9695079893683938070,660297,400343,12200,12.2,0.0122,1.22e-05,2026-02-17 12:05:54,2026-02-17 12:05:54,n_values_equal\n_values_020bit.txt
730369,20,1,60,FOUND,743,983,12,0,11777148058725283577,25830,677391,9700,9.7,0.0097,9.7e-06,2026-02-17 12:05:54,2026-02-17 12:05:54,n_values_equal\n_values_020bit.txt
730369,20,2,60,FOUND,743,983,36,0,9753257667677558835,491815,576626,27300,27.3,0.0273,2.73e-05,2026-02-17 12:05:54,2026-02-17 12:05:54,n_values_equal\n_values_020bit.txt
730369,20,3,60,FOUND,743,983,23,0,4277413932998648175,154138,6664,17400,17.4,0.0174,1.74e-05,2026-02-17 12:05:54,2026-02-17 12:05:54,n_values_equal\n_values_020bit.txt
814733,20,1,60,FOUND,877,929,20,0,1811225691989000208,1061,236562,15200,15.2,0.0152,1.52e-05,2026-02-17 12:05:54,2026-02-17 12:05:54,n_values_equal\n_values_020bit.txt
814733,20,2,60,FOUND,929,877,40,0,1676897877932821237,117340,120176,30400,30.4,0.0304,3.04e-05,2026-02-17 12:05:54,2026-02-17 12:05:54,n_values_equal\n_values_020bit.txt
814733,20,3,60,FOUND,929,877,57,0,1691965232457413891,214118,33496,42500,42.5,0.0425,4.25e-05,2026-02-17 12:05:54,2026-02-17 12:05:54,n_values_equal\n_values_020bit.txt
603329,20,1,60,FOUND,757,797,9,0,17284948071902987207,600661,212126,7100,7.1,0.0071,7.1e-06,2026-02-17 12:05:54,2026-02-17 12:05:54,n_values_equal\n_values_020bit.txt
603329,20,2,60,FOUND,797,757,17,0,11802750753727947485,60155,330302,13400,13.4,0.0134,1.34e-05,2026-02-17 12:05:54,2026-02-17 12:05:54,n_values_equal\n_values_020bit.txt
603329,20,3,60,FOUND,757,797,12,0,9469002888129376724,36445,180268,9200,9.2,0.0092,9.2e-06,2026-02-17 12:05:54,2026-02-17 12:05:54,n_values_equal\n_values_020bit.txt
954803,20,1,60,FOUND,1019,937,6,0,1784081345801096359,210808,340880,4800,4.8,0.0048,4.8e-06,2026-02-17 12:05:54,2026-02-17 12:05:54,n_values_equal\n_values_020bit.txt
954803,20,2,60,FOUND,937,1019,10,0,8685221354757830882,171746,61974,8000,8.0,0.008,8e-06,2026-02-17 12:05:54,2026-02-17 12:05:54,n_values_equal\n_values_020bit.txt
954803,20,3,60,FOUND,937,1019,45,1,14580072807996891571,820405,59014,35500,35.5,0.0355,3.55e-05,2026-02-17 12:05:54,2026-02-17 12:05:54,n_values_equal\n_values_020bit.txt
751589,20,1,60,FOUND,877,857,36,0,9779453089708911920,115006,341933,27400,27.4,0.0274,2.74e-05,2026-02-17 12:05:54,2026-02-17 12:05:54,n_values_equal\n_values_020bit.txt
751589,20,2,60,FOUND,877,857,12,0,4388592933749084148,531885,324360,9700,9.7,0.0097,9.7e-06,2026-02-17 12:05:54,2026-02-17 12:05:54,n_values_equal\n_values_020bit.txt
751589,20,3,60,FOUND,857,877,8,0,9186590134933807915,205088,574827,6400,6.4,0.0064,6.4e-06,2026-02-17 12:05:54,2026-02-17 12:05:54,n_values_equal\n_values_020bit.txt
558013,20,1,60,FOUND,593,941,25,0,7387760776073262888,220063,333338,18600,18.6,0.0186,1.86e-05,2026-02-17 12:05:54,2026-02-17 12:05:54,n_values_equal\n_values_020bit.txt
558013,20,2,60,FOUND,593,941,32,0,4674440043172223442,256381,402232,23300,23.3,0.0233,2.33e-05,2026-02-17 12:05:54,2026-02-17 12:05:54,n_values_equal\n_values_020bit.txt
558013,20,3,60,FOUND,593,941,25,0,16141566470517887663,466344,454623,20000,20.0,0.02,2e-05,2026-02-17 12:05:54,2026-02-17 12:05:54,n_values_equal\n_values_020bit.txt
607613,20,1,60,FOUND,857,709,7,0,1986523659973944810,486779,398588,6000,6.0,0.006,6e-06,2026-02-17 12:05:54,2026-02-17 12:05:54,n_values_equal\n_values_020bit.txt
607613,20,2,60,FOUND,709,857,57,1,12365988149668926148,271157,18056,43800,43.8,0.0438,4.38e-05,2026-02-17 12:05:54,2026-02-17 12:05:54,n_values_equal\n_values_020bit.txt
607613,20,3,60,FOUND,709,857,2,0,1941992253471946732,64306,580890,1800,1.8,0.0018,1.8e-06,2026-02-17 12:05:54,2026-02-17 12:05:54,n_values_equal\n_values_020bit.txt
799067,20,1,60,FOUND,907,881,30,0,985700149511114269,323488,796337,22700,22.7,0.0227,2.27e-05,2026-02-17 12:05:54,2026-02-17 12:05:54,n_values_equal\n_values_020bit.txt
799067,20,2,60,FOUND,907,881,10,0,3727898306166397155,160910,158795,7700,7.7,0.0077,7.7e-06,2026-02-17 12:05:54,2026-02-17 12:05:54,n_values_equal\n_values_020bit.txt
799067,20,3,60,FOUND,907,881,35,0,5784926043537572598,621099,625840,25900,25.9,0.0259,2.59e-05,2026-02-17 12:05:54,2026-02-17 12:05:54,n_values_equal\n_values_020bit.txt
880937,20,1,60,FOUND,967,911,32,0,6408966436796528442,718351,248784,23500,23.5,0.0235,2.35e-05,2026-02-17 12:05:54,2026-02-17 12:05:54,n_values_equal\n_values_020bit.txt
880937,20,2,60,FOUND,911,967,21,0,18046846215038048188,237792,840408,16000,16.0,0.016,1.6e-05,2026-02-17 12:05:54,2026-02-17 12:05:54,n_values_equal\n_values_020bit.txt
880937,20,3,60,FOUND,911,967,30,0,3681958336240465804,122758,627027,22400,22.4,0.0224,2.24e-05,2026-02-17 12:05:54,2026-02-17 12:05:54,n_values_equal\n_values_020bit.txt
783611,20,1,60,FOUND,1019,769,32,0,6418181435157871097,167078,255593,23500,23.5,0.0235,2.35e-05,2026-02-17 12:05:54,2026-02-17 12:05:54,n_values_equal\n_values_020bit.txt
783611,20,2,60,FOUND,1019,769,32,0,16886782563413194861,192923,604849,23100,23.1,0.0231,2.31e-05,2026-02-17 12:05:54,2026-02-17 12:05:54,n_values_equal\n_values_020bit.txt
783611,20,3,60,FOUND,769,1019,18,0,3508297873197097883,141479,104722,13800,13.8,0.0138,1.38e-05,2026-02-17 12:05:54,2026-02-17 12:05:54,n_values_equal\n_values_020bit.txt
752659,20,1,60,FOUND,1013,743,15,0,8993664842702011618,678763,360396,11400,11.4,0.0114,1.14e-05,2026-02-17 12:05:54,2026-02-17 12:05:54,n_values_equal\n_values_020bit.txt
752659,20,2,60,FOUND,1013,743,24,0,14125189791811590288,56467,284937,17800,17.8,0.0178,1.78e-05,2026-02-17 12:05:54,2026-02-17 12:05:54,n_values_equal\n_values_020bit.txt
752659,20,3,60,FOUND,743,1013,35,0,5029289999244735776,73557,23714,25700,25.7,0.0257,2.57e-05,2026-02-17 12:05:54,2026-02-17 12:05:54,n_values_equal\n_values_020bit.txt
641941,20,1,60,FOUND,727,883,36,0,13602800524043396759,284315,211540,27200,27.2,0.0272,2.72e-05,2026-02-17 12:05:54,2026-02-17 12:05:54,n_values_equal\n_values_020bit.txt
641941,20,2,60,FOUND,883,727,14,0,16864163492328862073,473573,592689,10500,10.5,0.0105,1.05e-05,2026-02-17 12:05:54,2026-02-17 12:05:54,n_values_equal\n_values_020bit.txt
641941,20,3,60,FOUND,727,883,36,0,18359581697992346214,367831,61854,24800,24.8,0.0248,2.48e-05,2026-02-17 12:05:54,2026-02-17 12:05:54,n_values_equal\n_values_020bit.txt
927271,20,1,60,FOUND,919,1009,20,0,3320804174692479492,571710,432245,9000,9.0,0.009,9e-06,2026-02-17 12:05:54,2026-02-17 12:05:54,n_values_equal\n_values_020bit.txt
927271,20,2,60,FOUND,1009,919,24,0,11494248841489722179,372903,852788,11100,11.1,0.0111,1.11e-05,2026-02-17 12:05:54,2026-02-17 12:05:54,n_values_equal\n_values_020bit.txt
927271,20,3,60,FOUND,1009,919,20,0,11495524511880937011,87917,732897,9200,9.2,0.0092,9.2e-06,2026-02-17 12:05:54,2026-02-17 12:05:54,n_values_equal\n_values_020bit.txt
814669,20,1,60,FOUND,971,839,24,0,10503943608892459781,747633,478709,10900,10.9,0.0109,1.09e-05,2026-02-17 12:05:54,2026-02-17 12:05:54,n_values_equal\n_values_020bit.txt
814669,20,2,60,FOUND,839,971,10,0,1444737344224639031,107969,780147,5100,5.1,0.0051,5.1e-06,2026-02-17 12:05:54,2026-02-17 12:05:54,n_values_equal\n_values_020bit.txt
814669,20,3,60,FOUND,971,839,15,0,4958233375879859420,239736,233568,6900,6.9,0.0069,6.9e-06,2026-02-17 12:05:54,2026-02-17 12:05:54,n_values_equal\n_values_020bit.txt
936799,20,1,60,FOUND,983,953,27,0,1263098074224814725,819041,78241,12400,12.4,0.0124,1.24e-05,2026-02-17 12:05:54,2026-02-17 12:05:54,n_values_equal\n_values_020bit.txt
936799,20,2,60,FOUND,953,983,8,0,6233053680767504836,165735,209657,4100,4.1,0.0041,4.1e-06,2026-02-17 12:05:54,2026-02-17 12:05:54,n_values_equal\n_values_020bit.txt
936799,20,3,60,FOUND,983,953,30,0,4863332376249239393,100364,206787,14400,14.4,0.0144,1.44e-05,2026-02-17 12:05:54,2026-02-17 12:05:54,n_values_equal\n_values_020bit.txt
544993,20,1,60,FOUND,827,659,24,0,16108157348861663036,254248,230729,11400,11.4,0.0114,1.14e-05,2026-02-17 12:05:54,2026-02-17 12:05:54,n_values_equal\n_values_020bit.txt
544993,20,2,60,FOUND,827,659,5,0,13619868844341327162,152127,268463,2700,2.7,0.0027,2.7e-06,2026-02-17 12:05:54,2026-02-17 12:05:54,n_values_equal\n_values_020bit.txt
544993,20,3,60,FOUND,827,659,12,0,12879788514385452210,364327,249825,6800,6.8,0.0068,6.8e-06,2026-02-17 12:05:54,2026-02-17 12:05:54,n_values_equal\n_values_020bit.txt
751561,20,1,60,FOUND,929,809,25,0,453634089619616109,445146,326621,11600,11.6,0.0116,1.16e-05,2026-02-17 12:05:54,2026-02-17 12:05:54,n_values_equal\n_values_020bit.txt
751561,20,2,60,FOUND,809,929,40,0,6272074770914509832,345463,76081,18400,18.4,0.0184,1.84e-05,2026-02-17 12:05:54,2026-02-17 12:05:54,n_values_equal\n_values_020bit.txt
751561,20,3,60,FOUND,809,929,6,0,6208647695188294099,303758,500385,3200,3.2,0.0032,3.2e-06,2026-02-17 12:05:54,2026-02-17 12:05:54,n_values_equal\n_values_020bit.txt
636751,20,1,60,FOUND,743,857,20,0,12835860280197644335,9848,208034,9300,9.3,0.0093,9.3e-06,2026-02-17 12:05:54,2026-02-17 12:05:54,n_values_equal\n_values_020bit.txt
636751,20,2,60,FOUND,857,743,24,0,12417037394674230978,575423,600753,10900,10.9,0.0109,1.09e-05,2026-02-17 12:05:54,2026-02-17 12:05:54,n_values_equal\n_values_020bit.txt
636751,20,3,60,FOUND,743,857,21,0,4604849989078315553,544015,351290,9800,9.8,0.0098,9.8e-06,2026-02-17 12:05:54,2026-02-17 12:05:54,n_values_equal\n_values_020bit.txt
622579,20,1,60,FOUND,829,751,20,0,11065934866351222723,449263,242599,9400,9.4,0.0094,9.4e-06,2026-02-17 12:05:54,2026-02-17 12:05:54,n_values_equal\n_values_020bit.txt
622579,20,2,60,FOUND,751,829,14,0,380968457652902098,313958,85472,6700,6.7,0.0067,6.7e-06,2026-02-17 12:05:54,2026-02-17 12:05:54,n_values_equal\n_values_020bit.txt
622579,20,3,60,FOUND,751,829,3,0,374743234624273783,230705,205876,1700,1.7,0.0017,1.7e-06,2026-02-17 12:05:54,2026-02-17 12:05:54,n_values_equal\n_values_020bit.txt
9291229,24,1,60,FOUND,3463,2683,35,0,14662947457919426471,8946117,5999185,18600,18.6,0.0186,1.86e-05,2026-02-17 12:05:54,2026-02-17 12:05:54,n_values_equal\n_values_024bit.txt
9291229,24,2,60,FOUND,2683,3463,46,0,9761106298998659536,2483908,4131288,21900,21.9,0.0219,2.19e-05,2026-02-17 12:05:54,2026-02-17 12:05:54,n_values_equal\n_values_024bit.txt
9291229,24,3,60,FOUND,3463,2683,12,0,4419983778240340782,2442778,1654299,6400,6.4,0.0064,6.4e-06,2026-02-17 12:05:54,2026-02-17 12:05:54,n_values_equal\n_values_024bit.txt
13803431,24,1,60,FOUND,3907,3533,31,0,1209884793994077626,6275029,10246740,15000,15.0,0.015,1.5e-05,2026-02-17 12:05:54,2026-02-17 12:05:54,n_values_equal\n_values_024bit.txt
13803431,24,2,60,FOUND,3533,3907,70,0,4196209018656846159,10305548,6006292,32200,32.2,0.0322,3.22e-05,2026-02-17 12:05:54,2026-02-17 12:05:54,n_values_equal\n_values_024bit.txt
13803431,24,3,60,FOUND,3533,3907,56,0,257367492094355725,4327087,9593270,26300,26.3,0.0263,2.63e-05,2026-02-17 12:05:54,2026-02-17 12:05:54,n_values_equal\n_values_024bit.txt
14837939,24,1,60,FOUND,4073,3643,41,0,9353513021574141227,189536,13832497,19300,19.3,0.0193,1.93e-05,2026-02-17 12:05:54,2026-02-17 12:05:54,n_values_equal\n_values_024bit.txt
14837939,24,2,60,FOUND,4073,3643,12,0,14034261595603584404,5801326,3810798,6200,6.2,0.0062,6.2e-06,2026-02-17 12:05:54,2026-02-17 12:05:54,n_values_equal\n_values_024bit.txt
14837939,24,3,60,FOUND,4073,3643,47,0,12314298068121621138,142460,2443817,21900,21.9,0.0219,2.19e-05,2026-02-17 12:05:54,2026-02-17 12:05:54,n_values_equal\n_values_024bit.txt
15374237,24,1,60,FOUND,3919,3923,42,0,10683035349208215245,6378284,5267818,20100,20.1,0.0201,2.01e-05,2026-02-17 12:05:54,2026-02-17 12:05:54,n_values_equal\n_values_024bit.txt
15374237,24,2,60,FOUND,3919,3923,35,0,12029266265792734066,1406465,3364778,16900,16.9,0.0169,1.69e-05,2026-02-17 12:05:54,2026-02-17 12:05:54,n_values_equal\n_values_024bit.txt
15374237,24,3,60,FOUND,3923,3919,43,0,2533134704452527718,2969041,14737427,19700,19.7,0.0197,1.97e-05,2026-02-17 12:05:54,2026-02-17 12:05:54,n_values_equal\n_values_024bit.txt
10538659,24,1,60,FOUND,2617,4027,21,0,16143946227912066685,3807658,909989,10600,10.6,0.0106,1.06e-05,2026-02-17 12:05:54,2026-02-17 12:05:54,n_values_equal\n_values_024bit.txt
10538659,24,2,60,FOUND,4027,2617,27,0,18119860448844601033,9436571,5936010,13200,13.2,0.0132,1.32e-05,2026-02-17 12:05:54,2026-02-17 12:05:54,n_values_equal\n_values_024bit.txt
10538659,24,3,60,FOUND,4027,2617,30,0,13586758527053819508,5967088,5584822,13900,13.9,0.0139,1.39e-05,2026-02-17 12:05:54,2026-02-17 12:05:54,n_values_equal\n_values_024bit.txt
9232739,24,1,60,FOUND,2897,3187,10,0,7269591541630769005,1444043,7531904,6500,6.5,0.0065,6.5e-06,2026-02-17 12:05:54,2026-02-17 12:05:54,n_values_equal\n_values_024bit.txt
9232739,24,2,60,FOUND,3187,2897,8,0,10610761920537379414,4769044,6520111,4100,4.1,0.0041,4.1e-06,2026-02-17 12:05:54,2026-02-17 12:05:54,n_values_equal\n_values_024bit.txt
9232739,24,3,60,FOUND,3187,2897,55,0,4249155085645744293,2481855,3763818,25400,25.4,0.0254,2.54e-05,2026-02-17 12:05:54,2026-02-17 12:05:54,n_values_equal\n_values_024bit.txt
11755811,24,1,60,FOUND,3067,3833,59,0,967988287628204131,1093145,5763497,36100,36.1,0.0361,3.61e-05,2026-02-17 12:05:54,2026-02-17 12:05:54,n_values_equal\n_values_024bit.txt
11755811,24,2,60,FOUND,3833,3067,86,0,7999484863629420455,4906067,1817699,69000,69.0,0.069,6.9e-05,2026-02-17 12:05:54,2026-02-17 12:05:54,n_values_equal\n_values_024bit.txt
11755811,24,3,60,FOUND,3067,3833,9,0,15906770209754052333,4376732,9604343,7500,7.5,0.0075,7.5e-06,2026-02-17 12:05:54,2026-02-17 12:05:54,n_values_equal\n_values_024bit.txt
12778861,24,1,60,FOUND,3617,3533,41,0,12363974689107427459,11335924,8391509,35000,35.0,0.035,3.5e-05,2026-02-17 12:05:54,2026-02-17 12:05:54,n_values_equal\n_values_024bit.txt
12778861,24,2,60,FOUND,3533,3617,48,0,15693397839909021983,4066345,3610598,40200,40.2,0.0402,4.02e-05,2026-02-17 12:05:54,2026-02-17 12:05:54,n_values_equal\n_values_024bit.txt
12778861,24,3,60,FOUND,3617,3533,42,0,7743773565537914459,4111819,1978672,23200,23.2,0.0232,2.32e-05,2026-02-17 12:05:54,2026-02-17 12:05:54,n_values_equal\n_values_024bit.txt
11173727,24,1,60,FOUND,3911,2857,23,0,4495146931322911620,4043464,7247106,11000,11.0,0.011,1.1e-05,2026-02-17 12:05:54,2026-02-17 12:05:54,n_values_equal\n_values_024bit.txt
11173727,24,2,60,FOUND,3911,2857,82,0,14591425900931219533,10314006,9244598,37600,37.6,0.0376,3.76e-05,2026-02-17 12:05:54,2026-02-17 12:05:54,n_values_equal\n_values_024bit.txt
11173727,24,3,60,FOUND,2857,3911,24,0,9508082278963312280,3348641,9975327,11500,11.5,0.0115,1.15e-05,2026-02-17 12:05:54,2026-02-17 12:05:54,n_values_equal\n_values_024bit.txt
13587569,24,1,60,FOUND,3767,3607,40,0,2651842165083017479,8334278,5942041,26600,26.6,0.0266,2.66e-05,2026-02-17 12:05:54,2026-02-17 12:05:54,n_values_equal\n_values_024bit.txt
13587569,24,2,60,FOUND,3767,3607,58,0,14596970107974069861,1564691,13333076,38500,38.5,0.0385,3.85e-05,2026-02-17 12:05:54,2026-02-17 12:05:54,n_values_equal\n_values_024bit.txt
13587569,24,3,60,FOUND,3767,3607,41,0,3623713059453224001,1370243,3259565,29300,29.3,0.0293,2.93e-05,2026-02-17 12:05:54,2026-02-17 12:05:54,n_values_equal\n_values_024bit.txt
12149503,24,1,60,FOUND,3617,3359,118,0,112346699528920327,5604912,9551699,84900,84.9,0.0849,8.49e-05,2026-02-17 12:05:54,2026-02-17 12:05:54,n_values_equal\n_values_024bit.txt
12149503,24,2,60,FOUND,3617,3359,38,0,6218379881794994916,6892851,2041915,32700,32.7,0.0327,3.27e-05,2026-02-17 12:05:54,2026-02-17 12:05:54,n_values_equal\n_values_024bit.txt
12149503,24,3,60,FOUND,3617,3359,23,0,16360860102687300110,10224763,326820,19100,19.1,0.0191,1.91e-05,2026-02-17 12:05:54,2026-02-17 12:05:54,n_values_equal\n_values_024bit.txt
11691599,24,1,60,FOUND,3137,3727,72,0,15167700101715785417,8060623,9731633,49400,49.4,0.0494,4.94e-05,2026-02-17 12:05:54,2026-02-17 12:05:54,n_values_equal\n_values_024bit.txt
11691599,24,2,60,FOUND,3727,3137,72,0,11683415721425864537,135583,5477588,54500,54.5,0.0545,5.45e-05,2026-02-17 12:05:54,2026-02-17 12:05:54,n_values_equal\n_values_024bit.txt
11691599,24,3,60,FOUND,3727,3137,33,0,9640954661900316229,3912268,47577,24800,24.8,0.0248,2.48e-05,2026-02-17 12:05:54,2026-02-17 12:05:54,n_values_equal\n_values_024bit.txt
8431757,24,1,60,FOUND,3217,2621,13,0,832774144848169845,296522,3171359,10100,10.1,0.0101,1.01e-05,2026-02-17 12:05:54,2026-02-17 12:05:54,n_values_equal\n_values_024bit.txt
8431757,24,2,60,FOUND,2621,3217,72,0,16109158188863342276,7316029,2579119,53200,53.2,0.0532,5.32e-05,2026-02-17 12:05:54,2026-02-17 12:05:54,n_values_equal\n_values_024bit.txt
8431757,24,3,60,FOUND,2621,3217,41,0,3689652016561211985,6162187,1335566,30900,30.9,0.0309,3.09e-05,2026-02-17 12:05:54,2026-02-17 12:05:54,n_values_equal\n_values_024bit.txt
9480157,24,1,60,FOUND,2621,3617,56,0,9201811712552879343,7325710,3822143,42500,42.5,0.0425,4.25e-05,2026-02-17 12:05:54,2026-02-17 12:05:54,n_values_equal\n_values_024bit.txt
9480157,24,2,60,FOUND,2621,3617,23,0,11398827018265353755,435155,1399501,12500,12.5,0.0125,1.25e-05,2026-02-17 12:05:54,2026-02-17 12:05:54,n_values_equal\n_values_024bit.txt
9480157,24,3,60,FOUND,2621,3617,111,0,5164314898468045825,6174579,2713884,56800,56.8,0.0568,5.68e-05,2026-02-17 12:05:54,2026-02-17 12:05:54,n_values_equal\n_values_024bit.txt
9784303,24,1,60,FOUND,3119,3137,33,0,12541565568816012143,8173973,4851730,15500,15.5,0.0155,1.55e-05,2026-02-17 12:05:54,2026-02-17 12:05:54,n_values_equal\n_values_024bit.txt
9784303,24,2,60,FOUND,3137,3119,18,0,17565987799817080347,2959248,6591982,8700,8.7,0.0087,8.7e-06,2026-02-17 12:05:54,2026-02-17 12:05:54,n_values_equal\n_values_024bit.txt
9784303,24,3,60,FOUND,3119,3137,29,0,6758762712415638907,5273459,5687185,13500,13.5,0.0135,1.35e-05,2026-02-17 12:05:54,2026-02-17 12:05:54,n_values_equal\n_values_024bit.txt
11197639,24,1,60,FOUND,2837,3947,32,0,16219470861639314981,8836830,1028910,15200,15.2,0.0152,1.52e-05,2026-02-17 12:05:54,2026-02-17 12:05:54,n_values_equal\n_values_024bit.txt
11197639,24,2,60,FOUND,2837,3947,48,0,8749005314022768278,8258381,3258969,22300,22.3,0.0223,2.23e-05,2026-02-17 12:05:54,2026-02-17 12:05:54,n_values_equal\n_values_024bit.txt
11197639,24,3,60,FOUND,2837,3947,45,0,27554492199763538,5612389,5236685,25900,25.9,0.0259,2.59e-05,2026-02-17 12:05:54,2026-02-17 12:05:54,n_values_equal\n_values_024bit.txt
8942399,24,1,60,FOUND,2411,3709,13,0,3336593694066732355,963034,3633026,9400,9.4,0.0094,9.4e-06,2026-02-17 12:05:54,2026-02-17 12:05:54,n_values_equal\n_values_024bit.txt
8942399,24,2,60,FOUND,2411,3709,52,0,4638529180512524177,2386594,2561650,37600,37.6,0.0376,3.76e-05,2026-02-17 12:05:54,2026-02-17 12:05:54,n_values_equal\n_values_024bit.txt
8942399,24,3,60,FOUND,2411,3709,25,0,12825529243232129253,8498217,3751194,19400,19.4,0.0194,1.94e-05,2026-02-17 12:05:54,2026-02-17 12:05:54,n_values_equal\n_values_024bit.txt
8719247,24,1,60,FOUND,3221,2707,58,0,7075790102704011342,4999902,1608135,42400,42.4,0.0424,4.24e-05,2026-02-17 12:05:54,2026-02-17 12:05:54,n_values_equal\n_values_024bit.txt
8719247,24,2,60,FOUND,2707,3221,86,0,7745754669019592174,8702765,370957,55300,55.3,0.0553,5.53e-05,2026-02-17 12:05:54,2026-02-17 12:05:54,n_values_equal\n_values_024bit.txt
8719247,24,3,60,FOUND,2707,3221,30,0,7338041694519102381,8114032,5152040,24800,24.8,0.0248,2.48e-05,2026-02-17 12:05:54,2026-02-17 12:05:54,n_values_equal\n_values_024bit.txt
11632321,24,1,60,FOUND,2903,4007,14,0,15612410698458704546,107878,11128435,7100,7.1,0.0071,7.1e-06,2026-02-17 12:05:54,2026-02-17 12:05:54,n_values_equal\n_values_024bit.txt
11632321,24,2,60,FOUND,4007,2903,34,0,6118116918343392237,6993855,10930324,16100,16.1,0.0161,1.61e-05,2026-02-17 12:05:54,2026-02-17 12:05:54,n_values_equal\n_values_024bit.txt
11632321,24,3,60,FOUND,2903,4007,6,0,6092554146568902227,7854605,4050653,3000,3.0,0.003,3e-06,2026-02-17 12:05:54,2026-02-17 12:05:54,n_values_equal\n_values_024bit.txt
8480957,24,1,60,FOUND,3673,2309,26,0,5513189838576004797,4430550,5808600,12700,12.7,0.0127,1.27e-05,2026-02-17 12:05:54,2026-02-17 12:05:54,n_values_equal\n_values_024bit.txt
8480957,24,2,60,FOUND,3673,2309,45,0,9714856295170079140,6697097,274260,20700,20.7,0.0207,2.07e-05,2026-02-17 12:05:54,2026-02-17 12:05:54,n_values_equal\n_values_024bit.txt
8480957,24,3,60,FOUND,2309,3673,46,0,15329737932089766690,7580038,2130120,21600,21.6,0.0216,2.16e-05,2026-02-17 12:05:54,2026-02-17 12:05:54,n_values_equal\n_values_024bit.txt
9417253,24,1,60,FOUND,3593,2621,35,0,13100272926256566497,4475852,3305505,16900,16.9,0.0169,1.69e-05,2026-02-17 12:05:54,2026-02-17 12:05:54,n_values_equal\n_values_024bit.txt
9417253,24,2,60,FOUND,2621,3593,40,0,4581785704185918905,2948390,8083288,19300,19.3,0.0193,1.93e-05,2026-02-17 12:05:54,2026-02-17 12:05:54,n_values_equal\n_values_024bit.txt
9417253,24,3,60,FOUND,2621,3593,33,0,17659757159913528214,1567737,2432528,16200,16.2,0.0162,1.62e-05,2026-02-17 12:05:54,2026-02-17 12:05:54,n_values_equal\n_values_024bit.txt
10131899,24,1,60,FOUND,4019,2521,47,0,16537680457832676230,7372416,8565362,25500,25.5,0.0255,2.55e-05,2026-02-17 12:05:54,2026-02-17 12:05:54,n_values_equal\n_values_024bit.txt
10131899,24,2,60,FOUND,4019,2521,24,0,6947559155614559068,2125700,180464,13200,13.2,0.0132,1.32e-05,2026-02-17 12:05:54,2026-02-17 12:05:54,n_values_equal\n_values_024bit.txt
10131899,24,3,60,FOUND,2521,4019,64,0,9378726388254653293,8035140,7720589,29400,29.4,0.0294,2.94e-05,2026-02-17 12:05:54,2026-02-17 12:05:54,n_values_equal\n_values_024bit.txt
16449767,24,1,60,FOUND,4093,4019,78,0,8744881612916261411,6013714,8866478,37300,37.3,0.0373,3.73e-05,2026-02-17 12:05:54,2026-02-17 12:05:54,n_values_equal\n_values_024bit.txt
16449767,24,2,60,FOUND,4019,4093,48,0,3000287619416794990,9089725,14333360,22400,22.4,0.0224,2.24e-05,2026-02-17 12:05:54,2026-02-17 12:05:54,n_values_equal\n_values_024bit.txt
16449767,24,3,60,FOUND,4019,4093,49,0,17473463989882214722,16383440,3807722,23700,23.7,0.0237,2.37e-05,2026-02-17 12:05:54,2026-02-17 12:05:54,n_values_equal\n_values_024bit.txt
11556929,24,1,60,FOUND,3823,3023,21,0,3803067817320555659,8151994,1261054,10200,10.2,0.0102,1.02e-05,2026-02-17 12:05:54,2026-02-17 12:05:54,n_values_equal\n_values_024bit.txt
11556929,24,2,60,FOUND,3023,3823,74,0,9208551137862608233,4599396,1657911,33000,33.0,0.033,3.3e-05,2026-02-17 12:05:54,2026-02-17 12:05:54,n_values_equal\n_values_024bit.txt
11556929,24,3,60,FOUND,3823,3023,37,0,13789318363292224471,3836497,4348063,17500,17.5,0.0175,1.75e-05,2026-02-17 12:05:54,2026-02-17 12:05:54,n_values_equal\n_values_024bit.txt
14808811,24,1,60,FOUND,3967,3733,132,0,14807187038118518245,14604530,1221556,59600,59.6,0.0596,5.96e-05,2026-02-17 12:05:54,2026-02-17 12:05:54,n_values_equal\n_values_024bit.txt
14808811,24,2,60,FOUND,3733,3967,104,0,1432906129479362152,368148,14424519,47800,47.8,0.0478,4.78e-05,2026-02-17 12:05:54,2026-02-17 12:05:54,n_values_equal\n_values_024bit.txt
14808811,24,3,60,FOUND,3967,3733,66,0,14740929796843501705,12996228,5400072,31200,31.2,0.0312,3.12e-05,2026-02-17 12:05:54,2026-02-17 12:05:54,n_values_equal\n_values_024bit.txt
217536749,28,1,60,FOUND,13901,15649,30,0,11146291081151945313,39002410,92803075,28200,28.2,0.0282,2.82e-05,2026-02-17 12:05:54,2026-02-17 12:05:54,n_values_equal\n_values_028bit.txt
217536749,28,2,60,FOUND,13901,15649,74,0,51317035677605816,76660963,162350560,63900,63.9,0.0639,6.39e-05,2026-02-17 12:05:54,2026-02-17 12:05:54,n_values_equal\n_values_028bit.txt
217536749,28,3,60,FOUND,13901,15649,28,0,15751385644875262273,146581595,24531403,24600,24.6,0.0246,2.46e-05,2026-02-17 12:05:54,2026-02-17 12:05:54,n_values_equal\n_values_028bit.txt
149953273,28,1,60,FOUND,9181,16333,63,0,5109859681839124459,38720685,59947651,58000,58.0,0.058,5.8e-05,2026-02-17 12:05:54,2026-02-17 12:05:54,n_values_equal\n_values_028bit.txt
149953273,28,2,60,FOUND,16333,9181,90,0,8172427167690683692,68164950,9987496,77200,77.2,0.0772,7.72e-05,2026-02-17 12:05:54,2026-02-17 12:05:54,n_values_equal\n_values_028bit.txt
149953273,28,3,60,FOUND,9181,16333,52,0,7701811020341773557,101312271,35241216,46000,46.0,0.046,4.6e-05,2026-02-17 12:05:54,2026-02-17 12:05:54,n_values_equal\n_values_028bit.txt
192455149,28,1,60,FOUND,15823,12163,167,0,3039293395676181848,16379608,16054335,139600,139.6,0.1396,0.0001396,2026-02-17 12:05:54,2026-02-17 12:05:54,n_values_equal\n_values_028bit.txt
192455149,28,2,60,FOUND,12163,15823,90,0,2890218972388912095,139421473,81534336,79700,79.7,0.0797,7.97e-05,2026-02-17 12:05:54,2026-02-17 12:05:54,n_values_equal\n_values_028bit.txt
192455149,28,3,60,FOUND,15823,12163,88,0,16144920819485300696,27861452,135859318,85300,85.3,0.0853,8.53e-05,2026-02-17 12:05:54,2026-02-17 12:05:54,n_values_equal\n_values_028bit.txt
168497531,28,1,60,FOUND,11273,14947,12,0,12846531065182045395,108144902,74760491,11700,11.7,0.0117,1.17e-05,2026-02-17 12:05:54,2026-02-17 12:05:54,n_values_equal\n_values_028bit.txt
168497531,28,2,60,FOUND,14947,11273,87,0,14047332896953028866,129824411,69272635,76400,76.4,0.0764,7.64e-05,2026-02-17 12:05:54,2026-02-17 12:05:54,n_values_equal\n_values_028bit.txt
168497531,28,3,60,FOUND,11273,14947,134,0,989464999206736171,134233031,144704064,114900,114.9,0.1149,0.0001149,2026-02-17 12:05:54,2026-02-17 12:05:54,n_values_equal\n_values_028bit.txt
214598473,28,1,60,FOUND,13687,15679,44,0,12897748142878178657,142503137,33329645,39900,39.9,0.0399,3.99e-05,2026-02-17 12:05:54,2026-02-17 12:05:54,n_values_equal\n_values_028bit.txt
214598473,28,2,60,FOUND,13687,15679,72,0,2724793165876844939,211232761,33759795,61800,61.8,0.0618,6.18e-05,2026-02-17 12:05:54,2026-02-17 12:05:54,n_values_equal\n_values_028bit.txt
214598473,28,3,60,FOUND,13687,15679,86,0,15661231962381078912,56676881,71924069,75600,75.6,0.0756,7.56e-05,2026-02-17 12:05:54,2026-02-17 12:05:54,n_values_equal\n_values_028bit.txt
214174861,28,1,60,FOUND,15607,13723,83,0,4622021590974586721,177316443,71805656,72000,72.0,0.072,7.2e-05,2026-02-17 12:05:54,2026-02-17 12:05:54,n_values_equal\n_values_028bit.txt
214174861,28,2,60,FOUND,15607,13723,76,0,9416262719523174303,133359702,168273894,63900,63.9,0.0639,6.39e-05,2026-02-17 12:05:54,2026-02-17 12:05:54,n_values_equal\n_values_028bit.txt
214174861,28,3,60,FOUND,15607,13723,52,0,14699197648669347723,18622813,112777311,45800,45.8,0.0458,4.58e-05,2026-02-17 12:05:54,2026-02-17 12:05:54,n_values_equal\n_values_028bit.txt
210385339,28,1,60,FOUND,15803,13313,156,0,3947608442356849748,200792285,113334631,131300,131.3,0.1313,0.0001313,2026-02-17 12:05:54,2026-02-17 12:05:54,n_values_equal\n_values_028bit.txt
210385339,28,2,60,FOUND,15803,13313,105,0,76795837473158238,203215436,75936574,91700,91.7,0.0917,9.17e-05,2026-02-17 12:05:54,2026-02-17 12:05:54,n_values_equal\n_values_028bit.txt
210385339,28,3,60,FOUND,13313,15803,100,0,18388283592152312380,105115183,159071726,86300,86.3,0.0863,8.63e-05,2026-02-17 12:05:54,2026-02-17 12:05:54,n_values_equal\n_values_028bit.txt
136438051,28,1,60,FOUND,10067,13553,63,0,12443115178771309765,22404698,71378733,55900,55.9,0.0559,5.59e-05,2026-02-17 12:05:54,2026-02-17 12:05:54,n_values_equal\n_values_028bit.txt
136438051,28,2,60,FOUND,10067,13553,116,0,7982460811636167893,107157054,31667884,102800,102.8,0.1028,0.0001028,2026-02-17 12:05:54,2026-02-17 12:05:54,n_values_equal\n_values_028bit.txt
136438051,28,3,60,FOUND,10067,13553,145,0,12342806885966058373,129307072,3687038,124800,124.8,0.1248,0.0001248,2026-02-17 12:05:54,2026-02-17 12:05:54,n_values_equal\n_values_028bit.txt
163548379,28,1,60,FOUND,12601,12979,55,0,11927564113083454217,54332294,43523314,48900,48.9,0.0489,4.89e-05,2026-02-17 12:05:54,2026-02-17 12:05:54,n_values_equal\n_values_028bit.txt
163548379,28,2,60,FOUND,12601,12979,30,0,6179498523436989098,17683773,83353119,26000,26.0,0.026,2.6e-05,2026-02-17 12:05:54,2026-02-17 12:05:54,n_values_equal\n_values_028bit.txt
163548379,28,3,60,FOUND,12979,12601,67,0,8469157974082214431,57263916,21171014,64300,64.3,0.0643,6.43e-05,2026-02-17 12:05:54,2026-02-17 12:05:54,n_values_equal\n_values_028bit.txt
172934747,28,1,60,FOUND,15013,11519,56,0,5244743473782497909,67447779,85117908,48300,48.3,0.0483,4.83e-05,2026-02-17 12:05:54,2026-02-17 12:05:54,n_values_equal\n_values_028bit.txt
172934747,28,2,60,FOUND,15013,11519,69,0,1383209385101240588,53504505,42313950,60900,60.9,0.0609,6.09e-05,2026-02-17 12:05:54,2026-02-17 12:05:54,n_values_equal\n_values_028bit.txt
172934747,28,3,60,FOUND,15013,11519,80,0,8472233854013498155,150664522,51057392,66900,66.9,0.0669,6.69e-05,2026-02-17 12:05:54,2026-02-17 12:05:54,n_values_equal\n_values_028bit.txt
135571627,28,1,60,FOUND,10831,12517,103,0,12104896339943270417,93816329,44620494,88800,88.8,0.0888,8.88e-05,2026-02-17 12:05:54,2026-02-17 12:05:54,n_values_equal\n_values_028bit.txt
135571627,28,2,60,FOUND,12517,10831,107,0,4570084965029038220,42574283,61641163,92400,92.4,0.0924,9.24e-05,2026-02-17 12:05:54,2026-02-17 12:05:54,n_values_equal\n_values_028bit.txt
135571627,28,3,60,FOUND,12517,10831,68,0,2776701474010901856,17315185,74198711,59600,59.6,0.0596,5.96e-05,2026-02-17 12:05:54,2026-02-17 12:05:54,n_values_equal\n_values_028bit.txt
191765669,28,1,60,FOUND,14741,13009,58,0,11164292260358170285,82346001,75562992,49500,49.5,0.0495,4.95e-05,2026-02-17 12:05:54,2026-02-17 12:05:54,n_values_equal\n_values_028bit.txt
191765669,28,2,60,FOUND,13009,14741,44,0,6713797305859975669,60803964,96013798,38500,38.5,0.0385,3.85e-05,2026-02-17 12:05:54,2026-02-17 12:05:54,n_values_equal\n_values_028bit.txt
191765669,28,3,60,FOUND,14741,13009,10,0,6422904848593631761,130483111,178948039,9700,9.7,0.0097,9.7e-06,2026-02-17 12:05:54,2026-02-17 12:05:54,n_values_equal\n_values_028bit.txt
195532301,28,1,60,FOUND,12637,15473,155,0,8440180678133071314,28093544,57765553,130000,130.0,0.13,0.00013,2026-02-17 12:05:54,2026-02-17 12:05:54,n_values_equal\n_values_028bit.txt
195532301,28,2,60,FOUND,15473,12637,47,0,7556747329631320771,107771307,73784640,42500,42.5,0.0425,4.25e-05,2026-02-17 12:05:54,2026-02-17 12:05:54,n_values_equal\n_values_028bit.txt
195532301,28,3,60,FOUND,12637,15473,85,0,7969564770892111152,71460256,180378210,73500,73.5,0.0735,7.35e-05,2026-02-17 12:05:54,2026-02-17 12:05:54,n_values_equal\n_values_028bit.txt
203406331,28,1,60,FOUND,16091,12641,117,0,17390389939545477462,68013905,201708800,95900,95.9,0.0959,9.59e-05,2026-02-17 12:05:54,2026-02-17 12:05:54,n_values_equal\n_values_028bit.txt
203406331,28,2,60,FOUND,16091,12641,96,0,9900274123397837779,18745742,94669754,45200,45.2,0.0452,4.52e-05,2026-02-17 12:05:54,2026-02-17 12:05:54,n_values_equal\n_values_028bit.txt
203406331,28,3,60,FOUND,12641,16091,127,0,10619736990229142471,132886268,97310440,58400,58.4,0.0584,5.84e-05,2026-02-17 12:05:54,2026-02-17 12:05:54,n_values_equal\n_values_028bit.txt
135973349,28,1,60,FOUND,12841,10589,85,0,15511065821334600125,11824888,6453520,59000,59.0,0.059,5.9e-05,2026-02-17 12:05:54,2026-02-17 12:05:54,n_values_equal\n_values_028bit.txt
135973349,28,2,60,FOUND,12841,10589,62,0,17395647912255120655,34214890,1670598,42500,42.5,0.0425,4.25e-05,2026-02-17 12:05:54,2026-02-17 12:05:54,n_values_equal\n_values_028bit.txt
135973349,28,3,60,FOUND,12841,10589,36,0,11958049432954557344,13813464,31169639,23400,23.4,0.0234,2.34e-05,2026-02-17 12:05:54,2026-02-17 12:05:54,n_values_equal\n_values_028bit.txt
141717209,28,1,60,FOUND,9661,14669,68,0,9550805601577526790,105938902,6176177,54100,54.1,0.0541,5.41e-05,2026-02-17 12:05:54,2026-02-17 12:05:54,n_values_equal\n_values_028bit.txt
141717209,28,2,60,FOUND,9661,14669,141,0,10429530112872664503,82315842,9187134,101200,101.2,0.1012,0.0001012,2026-02-17 12:05:54,2026-02-17 12:05:54,n_values_equal\n_values_028bit.txt
141717209,28,3,60,FOUND,14669,9661,80,0,10546975242047414353,50934249,3629859,64400,64.4,0.0644,6.44e-05,2026-02-17 12:05:54,2026-02-17 12:05:54,n_values_equal\n_values_028bit.txt
177457229,28,1,60,FOUND,15877,11177,81,0,14891361468666791444,74691125,140233032,53400,53.4,0.0534,5.34e-05,2026-02-17 12:05:54,2026-02-17 12:05:54,n_values_equal\n_values_028bit.txt
177457229,28,2,60,FOUND,15877,11177,30,0,17674377078074709174,41843113,1503014,21600,21.6,0.0216,2.16e-05,2026-02-17 12:05:54,2026-02-17 12:05:54,n_values_equal\n_values_028bit.txt
177457229,28,3,60,FOUND,15877,11177,124,0,1531697577519698687,45363443,105759454,88500,88.5,0.0885,8.85e-05,2026-02-17 12:05:54,2026-02-17 12:05:54,n_values_equal\n_values_028bit.txt
157133083,28,1,60,FOUND,13381,11743,18,0,277778358078226075,14623648,42557864,14600,14.6,0.0146,1.46e-05,2026-02-17 12:05:54,2026-02-17 12:05:54,n_values_equal\n_values_028bit.txt
157133083,28,2,60,FOUND,11743,13381,102,0,4577786578181568330,18921718,133910881,77000,77.0,0.077,7.7e-05,2026-02-17 12:05:54,2026-02-17 12:05:54,n_values_equal\n_values_028bit.txt
157133083,28,3,60,FOUND,11743,13381,104,0,14086009723412895989,62356225,119321986,63600,63.6,0.0636,6.36e-05,2026-02-17 12:05:54,2026-02-17 12:05:54,n_values_equal\n_values_028bit.txt
148778429,28,1,60,FOUND,13441,11069,36,0,2879477192942311772,139429917,78490909,28600,28.6,0.0286,2.86e-05,2026-02-17 12:05:54,2026-02-17 12:05:54,n_values_equal\n_values_028bit.txt
148778429,28,2,60,FOUND,11069,13441,60,0,8789591411128478087,61538974,69368148,50300,50.3,0.0503,5.03e-05,2026-02-17 12:05:54,2026-02-17 12:05:54,n_values_equal\n_values_028bit.txt
148778429,28,3,60,FOUND,11069,13441,61,0,6580948006887378292,115067410,126586795,28900,28.9,0.0289,2.89e-05,2026-02-17 12:05:54,2026-02-17 12:05:54,n_values_equal\n_values_028bit.txt
137552851,28,1,60,FOUND,16319,8429,31,0,4807311243193053606,105334349,10220759,15100,15.1,0.0151,1.51e-05,2026-02-17 12:05:54,2026-02-17 12:05:54,n_values_equal\n_values_028bit.txt
137552851,28,2,60,FOUND,16319,8429,110,0,10204098128656002999,86142477,15552894,51400,51.4,0.0514,5.14e-05,2026-02-17 12:05:54,2026-02-17 12:05:54,n_values_equal\n_values_028bit.txt
137552851,28,3,60,FOUND,8429,16319,62,0,3455370868026544442,36187410,92191385,29300,29.3,0.0293,2.93e-05,2026-02-17 12:05:54,2026-02-17 12:05:54,n_values_equal\n_values_028bit.txt
146154527,28,1,60,FOUND,9931,14717,103,0,6593260587852506277,110952896,2032762,47400,47.4,0.0474,4.74e-05,2026-02-17 12:05:54,2026-02-17 12:05:54,n_values_equal\n_values_028bit.txt
146154527,28,2,60,FOUND,9931,14717,74,0,14769316939606023897,90313373,36286889,34900,34.9,0.0349,3.49e-05,2026-02-17 12:05:54,2026-02-17 12:05:54,n_values_equal\n_values_028bit.txt
146154527,28,3,60,FOUND,14717,9931,49,0,16335000240127611739,59136986,3646009,22600,22.6,0.0226,2.26e-05,2026-02-17 12:05:54,2026-02-17 12:05:54,n_values_equal\n_values_028bit.txt
142753393,28,1,60,FOUND,15289,9337,119,0,2321784253975584892,118192543,17712289,54900,54.9,0.0549,5.49e-05,2026-02-17 12:05:54,2026-02-17 12:05:54,n_values_equal\n_values_028bit.txt
142753393,28,2,60,FOUND,15289,9337,111,0,7521966947064416696,87800353,2988269,50400,50.4,0.0504,5.04e-05,2026-02-17 12:05:54,2026-02-17 12:05:54,n_values_equal\n_values_028bit.txt
142753393,28,3,60,FOUND,15289,9337,26,0,9603937099330444072,49580907,23072814,12600,12.6,0.0126,1.26e-05,2026-02-17 12:05:54,2026-02-17 12:05:54,n_values_equal\n_values_028bit.txt
136264787,28,1,60,FOUND,14813,9199,45,0,2897959176496838452,117649043,54402170,21100,21.1,0.0211,2.11e-05,2026-02-17 12:05:54,2026-02-17 12:05:54,n_values_equal\n_values_028bit.txt
136264787,28,2,60,FOUND,14813,9199,31,0,3798068399898322290,89869841,40850065,15000,15.0,0.015,1.5e-05,2026-02-17 12:05:54,2026-02-17 12:05:54,n_values_equal\n_values_028bit.txt
136264787,28,3,60,FOUND,9199,14813,72,0,9330917133941057527,89281896,24793783,37700,37.7,0.0377,3.77e-05,2026-02-17 12:05:54,2026-02-17 12:05:54,n_values_equal\n_values_028bit.txt
175018637,28,1,60,FOUND,15749,11113,80,0,13375748990169417836,4481591,172106785,38100,38.1,0.0381,3.81e-05,2026-02-17 12:05:54,2026-02-17 12:05:54,n_values_equal\n_values_028bit.txt
175018637,28,2,60,FOUND,11113,15749,102,0,6773511444982408707,18414701,39434929,71500,71.5,0.0715,7.15e-05,2026-02-17 12:05:54,2026-02-17 12:05:54,n_values_equal\n_values_028bit.txt
175018637,28,3,60,FOUND,15749,11113,40,0,5733201777757514120,8812319,33702755,31500,31.5,0.0315,3.15e-05,2026-02-17 12:05:54,2026-02-17 12:05:54,n_values_equal\n_values_028bit.txt
160841171,28,1,60,FOUND,14411,11161,110,0,15916723098850383039,24063595,132638446,84200,84.2,0.0842,8.42e-05,2026-02-17 12:05:54,2026-02-17 12:05:54,n_values_equal\n_values_028bit.txt
160841171,28,2,60,FOUND,14411,11161,66,0,16890002099978105599,40393476,151323830,36600,36.6,0.0366,3.66e-05,2026-02-17 12:05:54,2026-02-17 12:05:54,n_values_equal\n_values_028bit.txt
160841171,28,3,60,FOUND,11161,14411,28,0,4503629327679065070,113598578,58219139,20400,20.4,0.0204,2.04e-05,2026-02-17 12:05:54,2026-02-17 12:05:54,n_values_equal\n_values_028bit.txt
3575505929,32,1,60,FOUND,58741,60869,159,0,17631552195168232401,2173843577,1141569076,115400,115.4,0.1154,0.0001154,2026-02-17 12:05:54,2026-02-17 12:05:54,n_values_equal\n_values_032bit.txt
3575505929,32,2,60,FOUND,60869,58741,325,0,814559249356921833,541733696,984980893,219000,219.0,0.219,0.000219,2026-02-17 12:05:54,2026-02-17 12:05:54,n_values_equal\n_values_032bit.txt
3575505929,32,3,60,FOUND,58741,60869,124,0,11742155694200748559,2310722876,2539033736,86900,86.9,0.0869,8.69e-05,2026-02-17 12:05:54,2026-02-17 12:05:54,n_values_equal\n_values_032bit.txt
3553724561,32,1,60,FOUND,61091,58171,134,0,18088392891100696484,466854084,1859748594,93300,93.3,0.0933,9.33e-05,2026-02-17 12:05:54,2026-02-17 12:05:54,n_values_equal\n_values_032bit.txt
3553724561,32,2,60,FOUND,58171,61091,210,0,17714897227727823451,2449084769,1262948549,146700,146.7,0.1467,0.0001467,2026-02-17 12:05:54,2026-02-17 12:05:54,n_values_equal\n_values_032bit.txt
3553724561,32,3,60,FOUND,58171,61091,212,0,4327693757477349396,2690429995,2901990914,147000,147.0,0.147,0.000147,2026-02-17 12:05:54,2026-02-17 12:05:54,n_values_equal\n_values_032bit.txt
2607597361,32,1,60,FOUND,51257,50873,57,0,14080657544336957482,540092220,538519099,41600,41.6,0.0416,4.16e-05,2026-02-17 12:05:54,2026-02-17 12:05:54,n_values_equal\n_values_032bit.txt
2607597361,32,2,60,FOUND,51257,50873,80,0,17930832914594979951,2471072105,510381202,54700,54.7,0.0547,5.47e-05,2026-02-17 12:05:54,2026-02-17 12:05:54,n_values_equal\n_values_032bit.txt
2607597361,32,3,60,FOUND,50873,51257,151,0,7009383172905876565,2604673062,1032637052,103000,103.0,0.103,0.000103,2026-02-17 12:05:54,2026-02-17 12:05:54,n_values_equal\n_values_032bit.txt
2372164337,32,1,60,FOUND,39113,60649,223,0,16630093355542260510,2296063023,1627645497,149600,149.6,0.1496,0.0001496,2026-02-17 12:05:54,2026-02-17 12:05:54,n_values_equal\n_values_032bit.txt
2372164337,32,2,60,FOUND,39113,60649,110,0,16106480472709777805,2182808816,1052660773,75200,75.2,0.0752,7.52e-05,2026-02-17 12:05:54,2026-02-17 12:05:54,n_values_equal\n_values_032bit.txt
2372164337,32,3,60,FOUND,60649,39113,132,0,11571164137128051992,2256478386,1861943028,90100,90.1,0.0901,9.01e-05,2026-02-17 12:05:54,2026-02-17 12:05:54,n_values_equal\n_values_032bit.txt
3586698211,32,1,60,FOUND,61331,58481,112,0,15497357865645568678,1906163115,3566024029,80200,80.2,0.0802,8.02e-05,2026-02-17 12:05:54,2026-02-17 12:05:54,n_values_equal\n_values_032bit.txt
3586698211,32,2,60,FOUND,61331,58481,9,0,377775594407997944,1198223626,109565595,7200,7.2,0.0072,7.2e-06,2026-02-17 12:05:54,2026-02-17 12:05:54,n_values_equal\n_values_032bit.txt
3586698211,32,3,60,FOUND,58481,61331,75,0,10061739158422605197,2659688966,1548802565,53500,53.5,0.0535,5.35e-05,2026-02-17 12:05:54,2026-02-17 12:05:54,n_values_equal\n_values_032bit.txt
2325318643,32,1,60,FOUND,63793,36451,144,0,17436514245386044259,1221370819,156069365,95800,95.8,0.0958,9.58e-05,2026-02-17 12:05:54,2026-02-17 12:05:54,n_values_equal\n_values_032bit.txt
2325318643,32,2,60,FOUND,63793,36451,350,0,9435418891034297953,1079601736,1232695500,233500,233.5,0.2335,0.0002335,2026-02-17 12:05:54,2026-02-17 12:05:54,n_values_equal\n_values_032bit.txt
2325318643,32,3,60,FOUND,63793,36451,182,0,13175133166804127327,1515543869,972385480,124200,124.2,0.1242,0.0001242,2026-02-17 12:05:54,2026-02-17 12:05:54,n_values_equal\n_values_032bit.txt
2885115061,32,1,60,FOUND,56123,51407,117,0,15291455808020899025,2484601818,701129540,99300,99.3,0.0993,9.93e-05,2026-02-17 12:05:54,2026-02-17 12:05:54,n_values_equal\n_values_032bit.txt
2885115061,32,2,60,FOUND,51407,56123,192,0,16762992064600184472,598285404,620937733,132400,132.4,0.1324,0.0001324,2026-02-17 12:05:54,2026-02-17 12:05:54,n_values_equal\n_values_032bit.txt
2885115061,32,3,60,FOUND,51407,56123,204,0,6416486399235779396,1738520944,1232885562,138200,138.2,0.1382,0.0001382,2026-02-17 12:05:54,2026-02-17 12:05:54,n_values_equal\n_values_032bit.txt
2411522513,32,1,60,FOUND,37003,65171,107,0,2280507392296811866,556940326,510000946,105600,105.6,0.1056,0.0001056,2026-02-17 12:05:54,2026-02-17 12:05:54,n_values_equal\n_values_032bit.txt
2411522513,32,2,60,FOUND,37003,65171,159,0,17454085802203938702,2103365577,122396759,167500,167.5,0.1675,0.0001675,2026-02-17 12:05:54,2026-02-17 12:05:54,n_values_equal\n_values_032bit.txt
2411522513,32,3,60,FOUND,65171,37003,27,0,9533639854392804583,379015803,211056437,31000,31.0,0.031,3.1e-05,2026-02-17 12:05:54,2026-02-17 12:05:54,n_values_equal\n_values_032bit.txt
3509247551,32,1,60,FOUND,57073,61487,294,0,1034542835668831315,2858619681,2812748181,324600,324.6,0.3246,0.0003246,2026-02-17 12:05:54,2026-02-17 12:05:54,n_values_equal\n_values_032bit.txt
3509247551,32,2,60,FOUND,57073,61487,102,0,13894909225564466334,1726647361,1398461389,109500,109.5,0.1095,0.0001095,2026-02-17 12:05:54,2026-02-17 12:05:54,n_values_equal\n_values_032bit.txt
3509247551,32,3,60,FOUND,61487,57073,118,0,17960506403247129915,2561386702,3432500908,115100,115.1,0.1151,0.0001151,2026-02-17 12:05:54,2026-02-17 12:05:54,n_values_equal\n_values_032bit.txt
2299380221,32,1,60,FOUND,52021,44201,140,0,13006664476271267164,1568365699,138813484,96200,96.2,0.0962,9.62e-05,2026-02-17 12:05:54,2026-02-17 12:05:54,n_values_equal\n_values_032bit.txt
2299380221,32,2,60,FOUND,44201,52021,68,0,2764597458966179004,683633977,473476458,46800,46.8,0.0468,4.68e-05,2026-02-17 12:05:54,2026-02-17 12:05:54,n_values_equal\n_values_032bit.txt
2299380221,32,3,60,FOUND,52021,44201,20,0,11711348233649534214,1770897251,1366043105,14400,14.4,0.0144,1.44e-05,2026-02-17 12:05:54,2026-02-17 12:05:54,n_values_equal\n_values_032bit.txt
2214849493,32,1,60,FOUND,53653,41281,168,0,14959439441574688633,1201074625,499298514,112500,112.5,0.1125,0.0001125,2026-02-17 12:05:54,2026-02-17 12:05:54,n_values_equal\n_values_032bit.txt
2214849493,32,2,60,FOUND,41281,53653,76,0,11748437437544486611,525183545,1913467533,52800,52.8,0.0528,5.28e-05,2026-02-17 12:05:54,2026-02-17 12:05:54,n_values_equal\n_values_032bit.txt
2214849493,32,3,60,FOUND,41281,53653,105,0,13562333823874559224,82083350,1539234366,88000,88.0,0.088,8.8e-05,2026-02-17 12:05:54,2026-02-17 12:05:54,n_values_equal\n_values_032bit.txt
2358250487,32,1,60,FOUND,40009,58943,226,0,3167259263077019403,1361243562,1218672805,155700,155.7,0.1557,0.0001557,2026-02-17 12:05:54,2026-02-17 12:05:54,n_values_equal\n_values_032bit.txt
2358250487,32,2,60,FOUND,58943,40009,89,0,5251559134873347278,352250412,1014501750,62500,62.5,0.0625,6.25e-05,2026-02-17 12:05:54,2026-02-17 12:05:54,n_values_equal\n_values_032bit.txt
2358250487,32,3,60,FOUND,40009,58943,175,0,861446184568443055,261155716,759669849,118200,118.2,0.1182,0.0001182,2026-02-17 12:05:54,2026-02-17 12:05:54,n_values_equal\n_values_032bit.txt
3005610617,32,1,60,FOUND,46051,65267,122,0,17743254924216434794,2082562748,1718991493,92600,92.6,0.0926,9.26e-05,2026-02-17 12:05:54,2026-02-17 12:05:54,n_values_equal\n_values_032bit.txt
3005610617,32,2,60,FOUND,65267,46051,262,0,4503777689801676007,935922338,577175669,176400,176.4,0.1764,0.0001764,2026-02-17 12:05:54,2026-02-17 12:05:54,n_values_equal\n_values_032bit.txt
3005610617,32,3,60,FOUND,46051,65267,239,0,16409529387303501226,350930894,2246954534,162300,162.3,0.1623,0.0001623,2026-02-17 12:05:54,2026-02-17 12:05:54,n_values_equal\n_values_032bit.txt
2385801739,32,1,60,FOUND,53437,44647,26,0,7274996484674413449,1411013141,1389620710,19100,19.1,0.0191,1.91e-05,2026-02-17 12:05:54,2026-02-17 12:05:54,n_values_equal\n_values_032bit.txt
2385801739,32,2,60,FOUND,44647,53437,176,0,15449067180524113291,485316922,1551999352,126100,126.1,0.1261,0.0001261,2026-02-17 12:05:54,2026-02-17 12:05:54,n_values_equal\n_values_032bit.txt
2385801739,32,3,60,FOUND,44647,53437,164,0,11051856775896936944,1124780296,1150923736,120300,120.3,0.1203,0.0001203,2026-02-17 12:05:54,2026-02-17 12:05:54,n_values_equal\n_values_032bit.txt
3115218529,32,1,60,FOUND,53719,57991,246,0,4332221795942205086,2243132180,1102949957,169800,169.8,0.1698,0.0001698,2026-02-17 12:05:54,2026-02-17 12:05:54,n_values_equal\n_values_032bit.txt
3115218529,32,2,60,FOUND,57991,53719,151,0,2434176188168672228,1210589633,2903812050,103600,103.6,0.1036,0.0001036,2026-02-17 12:05:54,2026-02-17 12:05:54,n_values_equal\n_values_032bit.txt
3115218529,32,3,60,FOUND,53719,57991,95,0,10840175266515059182,2667457372,2457084691,66900,66.9,0.0669,6.69e-05,2026-02-17 12:05:54,2026-02-17 12:05:54,n_values_equal\n_values_032bit.txt
3042985381,32,1,60,FOUND,55603,54727,142,0,8529943531077836988,2635163384,990593130,136400,136.4,0.1364,0.0001364,2026-02-17 12:05:54,2026-02-17 12:05:54,n_values_equal\n_values_032bit.txt
3042985381,32,2,60,FOUND,54727,55603,30,0,3247403543948775587,1584844670,2211744157,21900,21.9,0.0219,2.19e-05,2026-02-17 12:05:54,2026-02-17 12:05:54,n_values_equal\n_values_032bit.txt
3042985381,32,3,60,FOUND,55603,54727,128,0,13490840526260786523,830414344,117355184,94900,94.9,0.0949,9.49e-05,2026-02-17 12:05:54,2026-02-17 12:05:54,n_values_equal\n_values_032bit.txt
3404144827,32,1,60,FOUND,58679,58013,178,0,15131191703541825268,1935745463,2950095581,124200,124.2,0.1242,0.0001242,2026-02-17 12:05:54,2026-02-17 12:05:54,n_values_equal\n_values_032bit.txt
3404144827,32,2,60,FOUND,58679,58013,222,0,18114942699615724407,2274632318,2939648996,153000,153.0,0.153,0.000153,2026-02-17 12:05:54,2026-02-17 12:05:54,n_values_equal\n_values_032bit.txt
3404144827,32,3,60,FOUND,58013,58679,140,0,5201659731168912858,1034466042,3251333257,98500,98.5,0.0985,9.85e-05,2026-02-17 12:05:54,2026-02-17 12:05:54,n_values_equal\n_values_032bit.txt
2409012691,32,1,60,FOUND,49993,48187,244,0,2657883008929140689,311587293,1751994129,167900,167.9,0.1679,0.0001679,2026-02-17 12:05:54,2026-02-17 12:05:54,n_values_equal\n_values_032bit.txt
2409012691,32,2,60,FOUND,49993,48187,276,0,5903495516316484239,1561860361,131757037,184200,184.2,0.1842,0.0001842,2026-02-17 12:05:54,2026-02-17 12:05:54,n_values_equal\n_values_032bit.txt
2409012691,32,3,60,FOUND,48187,49993,230,0,5536149703945835534,642010140,292031359,158900,158.9,0.1589,0.0001589,2026-02-17 12:05:54,2026-02-17 12:05:54,n_values_equal\n_values_032bit.txt
3459615113,32,1,60,FOUND,64187,53899,284,0,15393838483037780651,1535047470,2930199724,355100,355.1,0.3551,0.0003551,2026-02-17 12:05:54,2026-02-17 12:05:54,n_values_equal\n_values_032bit.txt
3459615113,32,2,60,FOUND,64187,53899,142,0,10582938397171588424,2452511440,263495061,161100,161.1,0.1611,0.0001611,2026-02-17 12:05:54,2026-02-17 12:05:54,n_values_equal\n_values_032bit.txt
3459615113,32,3,60,FOUND,53899,64187,180,0,3873243910105897112,3393223497,1621429936,203200,203.2,0.2032,0.0002032,2026-02-17 12:05:54,2026-02-17 12:05:54,n_values_equal\n_values_032bit.txt
2737930717,32,1,60,FOUND,45427,60271,48,0,14032566612730393275,1843601043,2155600162,55600,55.6,0.0556,5.56e-05,2026-02-17 12:05:54,2026-02-17 12:05:54,n_values_equal\n_values_032bit.txt
2737930717,32,2,60,FOUND,60271,45427,292,0,8061664181935247435,936815928,1577981809,318400,318.4,0.3184,0.0003184,2026-02-17 12:05:54,2026-02-17 12:05:54,n_values_equal\n_values_032bit.txt
2737930717,32,3,60,FOUND,45427,60271,64,0,2768800317065140887,22622502,1999541336,75100,75.1,0.0751,7.51e-05,2026-02-17 12:05:54,2026-02-17 12:05:54,n_values_equal\n_values_032bit.txt
2324705827,32,1,60,FOUND,41809,55603,280,0,12404302280111568859,1500152562,134083773,309900,309.9,0.3099,0.0003099,2026-02-17 12:05:54,2026-02-17 12:05:54,n_values_equal\n_values_032bit.txt
2324705827,32,2,60,FOUND,41809,55603,314,0,3269385173631315086,515374077,1332468033,348100,348.1,0.3481,0.0003481,2026-02-17 12:05:54,2026-02-17 12:05:54,n_values_equal\n_values_032bit.txt
2324705827,32,3,60,FOUND,41809,55603,45,0,12279649989210993831,851111752,2307682014,52000,52.0,0.052,5.2e-05,2026-02-17 12:05:54,2026-02-17 12:05:54,n_values_equal\n_values_032bit.txt
3079306963,32,1,60,FOUND,62627,49169,68,0,8470477364778203802,610016495,157589204,88500,88.5,0.0885,8.85e-05,2026-02-17 12:05:54,2026-02-17 12:05:54,n_values_equal\n_values_032bit.txt
3079306963,32,2,60,FOUND,49169,62627,162,0,14638045136469649396,787776750,1538741835,185300,185.3,0.1853,0.0001853,2026-02-17 12:05:54,2026-02-17 12:05:54,n_values_equal\n_values_032bit.txt
3079306963,32,3,60,FOUND,49169,62627,207,0,845229847435973233,1190929162,202277342,386700,386.7,0.3867,0.0003867,2026-02-17 12:05:54,2026-02-17 12:05:54,n_values_equal\n_values_032bit.txt
2683316953,32,1,60,FOUND,42239,63527,77,0,17863743380785214339,308375936,362692262,93200,93.2,0.0932,9.32e-05,2026-02-17 12:05:54,2026-02-17 12:05:54,n_values_equal\n_values_032bit.txt
2683316953,32,2,60,FOUND,63527,42239,336,0,10320248728833000457,761560199,428073964,386600,386.6,0.3866,0.0003866,2026-02-17 12:05:54,2026-02-17 12:05:54,n_values_equal\n_values_032bit.txt
2683316953,32,3,60,FOUND,42239,63527,175,0,7581922275044806272,1359806766,1457216591,205800,205.8,0.2058,0.0002058,2026-02-17 12:05:54,2026-02-17 12:05:54,n_values_equal\n_values_032bit.txt
2577601501,32,1,60,FOUND,55163,46727,75,0,6863218716524708736,686674683,1539012232,90300,90.3,0.0903,9.03e-05,2026-02-17 12:05:54,2026-02-17 12:05:54,n_values_equal\n_values_032bit.txt
2577601501,32,2,60,FOUND,46727,55163,194,0,2696511406321622736,887519321,2422015924,221000,221.0,0.221,0.000221,2026-02-17 12:05:54,2026-02-17 12:05:54,n_values_equal\n_values_032bit.txt
2577601501,32,3,60,FOUND,55163,46727,132,0,602837152584872828,1713101482,2562799295,156700,156.7,0.1567,0.0001567,2026-02-17 12:05:54,2026-02-17 12:05:54,n_values_equal\n_values_032bit.txt
2600761091,32,1,60,FOUND,44263,58757,171,0,18281279786875757728,673431906,1242299137,198200,198.2,0.1982,0.0001982,2026-02-17 12:05:54,2026-02-17 12:05:54,n_values_equal\n_values_032bit.txt
2600761091,32,2,60,FOUND,44263,58757,160,0,6755624437359418812,1593831776,1096442442,182900,182.9,0.1829,0.0001829,2026-02-17 12:05:54,2026-02-17 12:05:54,n_values_equal\n_values_032bit.txt
2600761091,32,3,60,FOUND,58757,44263,196,0,7928297918081783672,1287505146,1029257836,221100,221.1,0.2211,0.0002211,2026-02-17 12:05:54,2026-02-17 12:05:54,n_values_equal\n_values_032bit.txt
40400660413,36,1,60,FOUND,261983,154211,288,0,6326307583626442374,29852984023,32026734650,358900,358.9,0.3589,0.0003589,2026-02-17 12:05:54,2026-02-17 12:05:54,n_values_equal\n_values_036bit.txt
40400660413,36,2,60,FOUND,154211,261983,411,0,5820050653219714940,2079662974,10506609977,363700,363.7,0.3637,0.0003637,2026-02-17 12:05:54,2026-02-17 12:05:54,n_values_equal\n_values_036bit.txt
40400660413,36,3,60,FOUND,261983,154211,180,0,10016972425527823042,34100177370,15906356916,127000,127.0,0.127,0.000127,2026-02-17 12:05:54,2026-02-17 12:05:54,n_values_equal\n_values_036bit.txt
41341034099,36,1,60,FOUND,191627,215737,366,0,13432102347354619122,11857592395,16754029112,259300,259.3,0.2593,0.0002593,2026-02-17 12:05:54,2026-02-17 12:05:54,n_values_equal\n_values_036bit.txt
41341034099,36,2,60,FOUND,191627,215737,160,0,5027853552368958565,2089381124,28971259742,113700,113.7,0.1137,0.0001137,2026-02-17 12:05:54,2026-02-17 12:05:54,n_values_equal\n_values_036bit.txt
41341034099,36,3,60,FOUND,191627,215737,200,0,10663113659345627642,34271800081,32199272199,141200,141.2,0.1412,0.0001412,2026-02-17 12:05:54,2026-02-17 12:05:54,n_values_equal\n_values_036bit.txt
37524772001,36,1,60,FOUND,157427,238363,656,0,5841334367345126792,7894160901,17463113784,446300,446.3,0.4463,0.0004463,2026-02-17 12:05:54,2026-02-17 12:05:54,n_values_equal\n_values_036bit.txt
37524772001,36,2,60,FOUND,157427,238363,364,0,3846611662288778391,36808174518,30164017371,271000,271.0,0.271,0.000271,2026-02-17 12:05:54,2026-02-17 12:05:54,n_values_equal\n_values_036bit.txt
37524772001,36,3,60,FOUND,157427,238363,124,0,9774070295288037831,8429523574,8854825714,86500,86.5,0.0865,8.65e-05,2026-02-17 12:05:54,2026-02-17 12:05:54,n_values_equal\n_values_036bit.txt
63703740647,36,1,60,FOUND,252409,252383,118,0,12237993483362367873,20961723515,17452151918,82200,82.2,0.0822,8.22e-05,2026-02-17 12:05:54,2026-02-17 12:05:54,n_values_equal\n_values_036bit.txt
63703740647,36,2,60,FOUND,252409,252383,336,0,162714188797273834,32732507929,6758529828,231100,231.1,0.2311,0.0002311,2026-02-17 12:05:54,2026-02-17 12:05:54,n_values_equal\n_values_036bit.txt
63703740647,36,3,60,FOUND,252409,252383,248,0,1765846110752527272,44239198293,3675091871,171700,171.7,0.1717,0.0001717,2026-02-17 12:05:54,2026-02-17 12:05:54,n_values_equal\n_values_036bit.txt
38283100451,36,1,60,FOUND,240437,159223,5,0,18201361738962859732,17484499368,7033699293,4400,4.4,0.0044,4.4e-06,2026-02-17 12:05:54,2026-02-17 12:05:54,n_values_equal\n_values_036bit.txt
38283100451,36,2,60,FOUND,240437,159223,270,0,5048869218663815377,23517771362,4196318611,186500,186.5,0.1865,0.0001865,2026-02-17 12:05:54,2026-02-17 12:05:54,n_values_equal\n_values_036bit.txt
38283100451,36,3,60,FOUND,240437,159223,530,0,15124586327064506029,2287705339,33447947864,369500,369.5,0.3695,0.0003695,2026-02-17 12:05:54,2026-02-17 12:05:54,n_values_equal\n_values_036bit.txt
37073916433,36,1,60,FOUND,166739,222347,80,0,6299366599536773874,25398343272,26745319619,56800,56.8,0.0568,5.68e-05,2026-02-17 12:05:54,2026-02-17 12:05:54,n_values_equal\n_values_036bit.txt
37073916433,36,2,60,FOUND,166739,222347,254,0,8300023317014990460,35706364498,3517660047,170800,170.8,0.1708,0.0001708,2026-02-17 12:05:54,2026-02-17 12:05:54,n_values_equal\n_values_036bit.txt
37073916433,36,3,60,FOUND,222347,166739,282,0,15448338985155192317,19236014754,33669777389,191100,191.1,0.1911,0.0001911,2026-02-17 12:05:54,2026-02-17 12:05:54,n_values_equal\n_values_036bit.txt
48386840497,36,1,60,FOUND,239017,202441,266,0,15825087137052878309,34535469438,23134923945,232500,232.5,0.2325,0.0002325,2026-02-17 12:05:54,2026-02-17 12:05:54,n_values_equal\n_values_036bit.txt
48386840497,36,2,60,FOUND,202441,239017,59,0,9534204431078326165,17105469938,34429424804,45000,45.0,0.045,4.5e-05,2026-02-17 12:05:54,2026-02-17 12:05:54,n_values_equal\n_values_036bit.txt
48386840497,36,3,60,FOUND,239017,202441,470,0,2353209987327267341,36449593121,1785521606,431400,431.4,0.4314,0.0004314,2026-02-17 12:05:54,2026-02-17 12:05:54,n_values_equal\n_values_036bit.txt
36639671273,36,1,60,FOUND,145987,250979,380,0,5468537674615307514,15440540199,5838501826,259700,259.7,0.2597,0.0002597,2026-02-17 12:05:54,2026-02-17 12:05:54,n_values_equal\n_values_036bit.txt
36639671273,36,2,60,FOUND,250979,145987,708,0,9542524704810841612,9220087215,20477545593,490000,490.0,0.49,0.00049,2026-02-17 12:05:54,2026-02-17 12:05:54,n_values_equal\n_values_036bit.txt
36639671273,36,3,60,FOUND,145987,250979,190,0,14009878606548622708,30814653015,17221166929,136300,136.3,0.1363,0.0001363,2026-02-17 12:05:54,2026-02-17 12:05:54,n_values_equal\n_values_036bit.txt
40660933667,36,1,60,FOUND,192853,210839,60,0,3033730643670357729,5387574790,29852479818,43700,43.7,0.0437,4.37e-05,2026-02-17 12:05:54,2026-02-17 12:05:54,n_values_equal\n_values_036bit.txt
40660933667,36,2,60,FOUND,210839,192853,455,0,5954860025883974929,13941807062,35516806997,306900,306.9,0.3069,0.0003069,2026-02-17 12:05:54,2026-02-17 12:05:54,n_values_equal\n_values_036bit.txt
40660933667,36,3,60,FOUND,210839,192853,202,0,14276117311657252810,33019732743,20898532299,145400,145.4,0.1454,0.0001454,2026-02-17 12:05:54,2026-02-17 12:05:54,n_values_equal\n_values_036bit.txt
49953573331,36,1,60,FOUND,192121,260011,96,0,17392967466701964561,17921075726,34491504017,67600,67.6,0.0676,6.76e-05,2026-02-17 12:05:54,2026-02-17 12:05:54,n_values_equal\n_values_036bit.txt
49953573331,36,2,60,FOUND,192121,260011,206,0,10362985388622955166,23846533415,1016849382,142800,142.8,0.1428,0.0001428,2026-02-17 12:05:54,2026-02-17 12:05:54,n_values_equal\n_values_036bit.txt
49953573331,36,3,60,FOUND,192121,260011,390,0,15351858475748468707,47547020772,40234860391,267000,267.0,0.267,0.000267,2026-02-17 12:05:54,2026-02-17 12:05:54,n_values_equal\n_values_036bit.txt
51624550037,36,1,60,FOUND,215279,239803,339,0,4343517584653577747,32486816867,35346458450,233700,233.7,0.2337,0.0002337,2026-02-17 12:05:54,2026-02-17 12:05:54,n_values_equal\n_values_036bit.txt
51624550037,36,2,60,FOUND,239803,215279,253,0,16878506461450197415,51375264016,16444895952,313600,313.6,0.3136,0.0003136,2026-02-17 12:05:54,2026-02-17 12:05:54,n_values_equal\n_values_036bit.txt
51624550037,36,3,60,FOUND,215279,239803,306,0,16639629263880419001,4617185517,49357447519,209100,209.1,0.2091,0.0002091,2026-02-17 12:05:54,2026-02-17 12:05:54,n_values_equal\n_values_036bit.txt
59338831271,36,1,60,FOUND,248071,239201,890,0,9431013764589606101,29523797458,19225932403,655100,655.1,0.6551,0.0006551,2026-02-17 12:05:54,2026-02-17 12:05:54,n_values_equal\n_values_036bit.txt
59338831271,36,2,60,FOUND,248071,239201,396,0,176763032559346771,28825006578,28242533747,274600,274.6,0.2746,0.0002746,2026-02-17 12:05:54,2026-02-17 12:05:54,n_values_equal\n_values_036bit.txt
59338831271,36,3,60,FOUND,248071,239201,342,0,17489521160190255257,11971443899,59117732346,231100,231.1,0.2311,0.0002311,2026-02-17 12:05:54,2026-02-17 12:05:54,n_values_equal\n_values_036bit.txt
38828168023,36,1,60,FOUND,158663,244721,232,0,3601613772096965788,2426383697,8268338629,156700,156.7,0.1567,0.0001567,2026-02-17 12:05:54,2026-02-17 12:05:54,n_values_equal\n_values_036bit.txt
38828168023,36,2,60,FOUND,244721,158663,736,0,17691023933867990923,30810988009,27366706012,510300,510.3,0.5103,0.0005103,2026-02-17 12:05:54,2026-02-17 12:05:54,n_values_equal\n_values_036bit.txt
38828168023,36,3,60,FOUND,158663,244721,208,0,14419960379540053970,34239648515,26127743069,146200,146.2,0.1462,0.0001462,2026-02-17 12:05:54,2026-02-17 12:05:54,n_values_equal\n_values_036bit.txt
44436632153,36,1,60,FOUND,188389,235877,168,0,10545179334719481526,18441946507,2580554087,119500,119.5,0.1195,0.0001195,2026-02-17 12:05:54,2026-02-17 12:05:54,n_values_equal\n_values_036bit.txt
44436632153,36,2,60,FOUND,188389,235877,488,0,18093024552048668467,26705739402,36174691673,338500,338.5,0.3385,0.0003385,2026-02-17 12:05:54,2026-02-17 12:05:54,n_values_equal\n_values_036bit.txt
44436632153,36,3,60,FOUND,188389,235877,328,0,9070581447990908492,21358367714,28259276834,229600,229.6,0.2296,0.0002296,2026-02-17 12:05:54,2026-02-17 12:05:54,n_values_equal\n_values_036bit.txt
47067393227,36,1,60,FOUND,249439,188693,276,0,13078958312466673544,31762208779,18011972578,352400,352.4,0.3524,0.0003524,2026-02-17 12:05:54,2026-02-17 12:05:54,n_values_equal\n_values_036bit.txt
47067393227,36,2,60,FOUND,188693,249439,406,0,977432997617346060,42791084055,1998080498,514100,514.1,0.5141,0.0005141,2026-02-17 12:05:54,2026-02-17 12:05:54,n_values_equal\n_values_036bit.txt
47067393227,36,3,60,FOUND,188693,249439,383,0,2515678526991096997,18512568657,34573305403,509500,509.5,0.5095,0.0005095,2026-02-17 12:05:54,2026-02-17 12:05:54,n_values_equal\n_values_036bit.txt
38836403941,36,1,60,FOUND,178559,217499,235,0,13651287870375942594,6253695773,4786237390,299000,299.0,0.299,0.000299,2026-02-17 12:05:54,2026-02-17 12:05:54,n_values_equal\n_values_036bit.txt
38836403941,36,2,60,FOUND,217499,178559,458,0,5094088078499093881,34741868835,15335020969,416400,416.4,0.4164,0.0004164,2026-02-17 12:05:54,2026-02-17 12:05:54,n_values_equal\n_values_036bit.txt
38836403941,36,3,60,FOUND,178559,217499,188,0,9970375535880326935,7702876763,37406293615,130700,130.7,0.1307,0.0001307,2026-02-17 12:05:54,2026-02-17 12:05:54,n_values_equal\n_values_036bit.txt
58933647137,36,1,60,FOUND,238591,247007,52,0,12874236913048925921,28870374978,49318229906,36700,36.7,0.0367,3.67e-05,2026-02-17 12:05:54,2026-02-17 12:05:54,n_values_equal\n_values_036bit.txt
58933647137,36,2,60,FOUND,247007,238591,560,0,12836104065665229864,43473336175,26817133549,375400,375.4,0.3754,0.0003754,2026-02-17 12:05:54,2026-02-17 12:05:54,n_values_equal\n_values_036bit.txt
58933647137,36,3,60,FOUND,238591,247007,503,0,11548721797357058988,20315984839,50297670289,341900,341.9,0.3419,0.0003419,2026-02-17 12:05:54,2026-02-17 12:05:54,n_values_equal\n_values_036bit.txt
42962591663,36,1,60,FOUND,203353,211271,290,0,12484405799468380276,7423842216,14772365565,199500,199.5,0.1995,0.0001995,2026-02-17 12:05:54,2026-02-17 12:05:54,n_values_equal\n_values_036bit.txt
42962591663,36,2,60,FOUND,211271,203353,168,0,2358723420530201497,32843422474,14521911250,117200,117.2,0.1172,0.0001172,2026-02-17 12:05:54,2026-02-17 12:05:54,n_values_equal\n_values_036bit.txt
42962591663,36,3,60,FOUND,203353,211271,422,0,426047253443996729,36045458190,15214590590,287600,287.6,0.2876,0.0002876,2026-02-17 12:05:54,2026-02-17 12:05:54,n_values_equal\n_values_036bit.txt
63105906341,36,1,60,FOUND,247613,254857,332,0,1188785941854252770,54425975172,3577312396,232000,232.0,0.232,0.000232,2026-02-17 12:05:54,2026-02-17 12:05:54,n_values_equal\n_values_036bit.txt
63105906341,36,2,60,FOUND,247613,254857,45,0,17959500758660874099,1249959172,35465446696,32300,32.3,0.0323,3.23e-05,2026-02-17 12:05:54,2026-02-17 12:05:54,n_values_equal\n_values_036bit.txt
63105906341,36,3,60,FOUND,254857,247613,496,0,3234705250902271547,11610466629,61515010583,331700,331.7,0.3317,0.0003317,2026-02-17 12:05:54,2026-02-17 12:05:54,n_values_equal\n_values_036bit.txt
45533062387,36,1,60,FOUND,176521,257947,622,0,6249023862446770267,36241943033,35579124563,427500,427.5,0.4275,0.0004275,2026-02-17 12:05:54,2026-02-17 12:05:54,n_values_equal\n_values_036bit.txt
45533062387,36,2,60,FOUND,257947,176521,270,0,11275749295648016634,40705343014,45439684475,192900,192.9,0.1929,0.0001929,2026-02-17 12:05:54,2026-02-17 12:05:54,n_values_equal\n_values_036bit.txt
45533062387,36,3,60,FOUND,257947,176521,312,0,18236655450281527966,32334948143,24217268094,218600,218.6,0.2186,0.0002186,2026-02-17 12:05:54,2026-02-17 12:05:54,n_values_equal\n_values_036bit.txt
49168126753,36,1,60,FOUND,251833,195241,749,0,16984978333843838266,26270325912,5631018671,514400,514.4,0.5144,0.0005144,2026-02-17 12:05:54,2026-02-17 12:05:54,n_values_equal\n_values_036bit.txt
49168126753,36,2,60,FOUND,195241,251833,264,0,5579188731803425781,45995857130,11835486934,200400,200.4,0.2004,0.0002004,2026-02-17 12:05:54,2026-02-17 12:05:54,n_values_equal\n_values_036bit.txt
49168126753,36,3,60,FOUND,251833,195241,127,0,1435893536830657875,36551294056,20885188048,89000,89.0,0.089,8.9e-05,2026-02-17 12:05:54,2026-02-17 12:05:54,n_values_equal\n_values_036bit.txt
41548640897,36,1,60,FOUND,195581,212437,192,0,9420749144357182543,21694579402,8925900194,128500,128.5,0.1285,0.0001285,2026-02-17 12:05:54,2026-02-17 12:05:54,n_values_equal\n_values_036bit.txt
41548640897,36,2,60,FOUND,195581,212437,470,0,17174781054477520115,132047232,17755360819,307900,307.9,0.3079,0.0003079,2026-02-17 12:05:54,2026-02-17 12:05:54,n_values_equal\n_values_036bit.txt
41548640897,36,3,60,FOUND,195581,212437,132,0,13219474842279868352,3611797519,4746942828,90300,90.3,0.0903,9.03e-05,2026-02-17 12:05:54,2026-02-17 12:05:54,n_values_equal\n_values_036bit.txt
53801680069,36,1,60,FOUND,229499,234431,346,0,5976622051311618890,53473819070,34927934614,231200,231.2,0.2312,0.0002312,2026-02-17 12:05:54,2026-02-17 12:05:54,n_values_equal\n_values_036bit.txt
53801680069,36,2,60,FOUND,229499,234431,403,0,8952190427748812252,36429981997,44134529222,266800,266.8,0.2668,0.0002668,2026-02-17 12:05:54,2026-02-17 12:05:54,n_values_equal\n_values_036bit.txt
53801680069,36,3,60,FOUND,229499,234431,228,0,14335796876928042411,24472120753,27913873102,153000,153.0,0.153,0.000153,2026-02-17 12:05:54,2026-02-17 12:05:54,n_values_equal\n_values_036bit.txt
61293108193,36,1,60,FOUND,237619,257947,415,0,8096468128472819779,48982675125,22514479190,280600,280.6,0.2806,0.0002806,2026-02-17 12:05:54,2026-02-17 12:05:54,n_values_equal\n_values_036bit.txt
61293108193,36,2,60,FOUND,257947,237619,242,0,15645127169004737177,20536444094,27841508099,170500,170.5,0.1705,0.0001705,2026-02-17 12:05:54,2026-02-17 12:05:54,n_values_equal\n_values_036bit.txt
61293108193,36,3,60,FOUND,237619,257947,450,0,10100924706041561979,33823464190,15395065235,302400,302.4,0.3024,0.0003024,2026-02-17 12:05:54,2026-02-17 12:05:54,n_values_equal\n_values_036bit.txt
55349737853,36,1,60,FOUND,215279,257107,340,0,18121541442109548763,4436858355,31054296091,234700,234.7,0.2347,0.0002347,2026-02-17 12:05:54,2026-02-17 12:05:54,n_values_equal\n_values_036bit.txt
55349737853,36,2,60,FOUND,257107,215279,671,1,6967639486504234601,18493461532,29223194513,462500,462.5,0.4625,0.0004625,2026-02-17 12:05:54,2026-02-17 12:05:54,n_values_equal\n_values_036bit.txt
55349737853,36,3,60,FOUND,215279,257107,105,0,17673180385726507167,2402520372,16968446330,74700,74.7,0.0747,7.47e-05,2026-02-17 12:05:54,2026-02-17 12:05:54,n_values_equal\n_values_036bit.txt
764873090929,40,1,60,FOUND,891287,858167,1155,0,14143907897342785647,743250890017,520631084953,803300,803.3,0.8033,0.0008033,2026-02-17 12:05:54,2026-02-17 12:05:54,n_values_equal\n_values_040bit.txt
764873090929,40,2,60,FOUND,891287,858167,237,0,7344352882075330664,579284363098,740185830275,176900,176.9,0.1769,0.0001769,2026-02-17 12:05:54,2026-02-17 12:05:54,n_values_equal\n_values_040bit.txt
764873090929,40,3,60,FOUND,891287,858167,338,0,4761040920547172122,707493189415,479153781888,252300,252.3,0.2523,0.0002523,2026-02-17 12:05:54,2026-02-17 12:05:54,n_values_equal\n_values_040bit.txt
794307898729,40,1,60,FOUND,974971,814699,467,0,5971723914599463132,713145111696,755042390667,316800,316.8,0.3168,0.0003168,2026-02-17 12:05:54,2026-02-17 12:05:54,n_values_equal\n_values_040bit.txt
794307898729,40,2,60,FOUND,974971,814699,1007,0,15698190842811693746,180915687353,703036078025,694700,694.7,0.6947,0.0006947,2026-02-17 12:05:54,2026-02-17 12:05:54,n_values_equal\n_values_040bit.txt
794307898729,40,3,60,FOUND,814699,974971,624,0,10846519699757340847,429137792418,442630736220,425900,425.9,0.4259,0.0004259,2026-02-17 12:05:54,2026-02-17 12:05:54,n_values_equal\n_values_040bit.txt
783627942341,40,1,60,FOUND,773939,1012519,623,0,9607714389225154652,390647585957,23568115998,444500,444.5,0.4445,0.0004445,2026-02-17 12:05:54,2026-02-17 12:05:54,n_values_equal\n_values_040bit.txt
783627942341,40,2,60,FOUND,773939,1012519,665,0,17396403080536471229,700738552127,755083391792,466700,466.7,0.4667,0.0004667,2026-02-17 12:05:54,2026-02-17 12:05:54,n_values_equal\n_values_040bit.txt
783627942341,40,3,60,FOUND,1012519,773939,666,0,17791812470273493614,113572341311,383466278656,591000,591.0,0.591,0.000591,2026-02-17 12:05:54,2026-02-17 12:05:54,n_values_equal\n_values_040bit.txt
558709025573,40,1,60,FOUND,594037,940529,801,0,13826325407840093108,189826711140,193979671873,1029200,1029.2,1.0292,0.0010292,2026-02-17 12:05:54,2026-02-17 12:05:54,n_values_equal\n_values_040bit.txt
558709025573,40,2,60,FOUND,940529,594037,1067,0,9843639597997253921,531169933985,340750850834,1364100,1364.1,1.3641,0.0013641,2026-02-17 12:05:54,2026-02-17 12:05:54,n_values_equal\n_values_040bit.txt
558709025573,40,3,60,FOUND,940529,594037,1268,0,16154720408472050772,415268406751,15685860797,1609300,1609.3,1.6093,0.0016093,2026-02-17 12:05:54,2026-02-17 12:05:54,n_values_equal\n_values_040bit.txt
726112814123,40,1,60,FOUND,875627,829249,581,0,9060994610598327385,252303383867,237997165385,738800,738.8,0.7388,0.0007388,2026-02-17 12:05:54,2026-02-17 12:05:54,n_values_equal\n_values_040bit.txt
726112814123,40,2,60,FOUND,829249,875627,607,0,6906296668683774734,268145170235,221518554896,757900,757.9,0.7579,0.0007579,2026-02-17 12:05:54,2026-02-17 12:05:54,n_values_equal\n_values_040bit.txt
726112814123,40,3,60,FOUND,875627,829249,268,0,2745305646559204573,670952271954,530409560667,341300,341.3,0.3413,0.0003413,2026-02-17 12:05:54,2026-02-17 12:05:54,n_values_equal\n_values_040bit.txt
660343059109,40,1,60,FOUND,738301,894409,450,0,13425561069468206473,534176282121,611384449890,586600,586.6,0.5866,0.0005866,2026-02-17 12:05:54,2026-02-17 12:05:54,n_values_equal\n_values_040bit.txt
660343059109,40,2,60,FOUND,894409,738301,591,0,2614528771646879804,255149102417,436539121457,499600,499.6,0.4996,0.0004996,2026-02-17 12:05:54,2026-02-17 12:05:54,n_values_equal\n_values_040bit.txt
660343059109,40,3,60,FOUND,738301,894409,424,0,15218796114125327996,351818898302,545057935728,291800,291.8,0.2918,0.0002918,2026-02-17 12:05:54,2026-02-17 12:05:54,n_values_equal\n_values_040bit.txt
1024104360011,40,1,60,FOUND,980249,1044739,864,0,16252839363265667289,862512774635,41324587190,577800,577.8,0.5778,0.0005778,2026-02-17 12:05:54,2026-02-17 12:05:54,n_values_equal\n_values_040bit.txt
1024104360011,40,2,60,FOUND,980249,1044739,853,0,3096980342513382960,909078991069,496757323607,579200,579.2,0.5792,0.0005792,2026-02-17 12:05:54,2026-02-17 12:05:54,n_values_equal\n_values_040bit.txt
1024104360011,40,3,60,FOUND,1044739,980249,504,0,17093060580395878887,792372355654,30130344913,341100,341.1,0.3411,0.0003411,2026-02-17 12:05:54,2026-02-17 12:05:54,n_values_equal\n_values_040bit.txt
968182052309,40,1,60,FOUND,1018709,950401,751,0,5620294975706846414,696610661975,493681363566,512700,512.7,0.5127,0.0005127,2026-02-17 12:05:54,2026-02-17 12:05:54,n_values_equal\n_values_040bit.txt
968182052309,40,2,60,FOUND,1018709,950401,1186,0,9887115256450226452,789357805428,676099827515,809000,809.0,0.809,0.000809,2026-02-17 12:05:54,2026-02-17 12:05:54,n_values_equal\n_values_040bit.txt
968182052309,40,3,60,FOUND,950401,1018709,816,0,10299930217453321162,619900201126,843259094893,940900,940.9,0.9409,0.0009409,2026-02-17 12:05:54,2026-02-17 12:05:54,n_values_equal\n_values_040bit.txt
621897924469,40,1,60,FOUND,604259,1029191,338,0,7795021240962902262,251840010603,172151202786,445300,445.3,0.4453,0.0004453,2026-02-17 12:05:54,2026-02-17 12:05:54,n_values_equal\n_values_040bit.txt
621897924469,40,2,60,FOUND,604259,1029191,370,0,8964018524915882003,542477526712,461712545683,485400,485.4,0.4854,0.0004854,2026-02-17 12:05:54,2026-02-17 12:05:54,n_values_equal\n_values_040bit.txt
621897924469,40,3,60,FOUND,604259,1029191,333,0,5615125506265741190,601425184775,592236307166,430100,430.1,0.4301,0.0004301,2026-02-17 12:05:54,2026-02-17 12:05:54,n_values_equal\n_values_040bit.txt
764627817559,40,1,60,FOUND,933973,818683,637,0,17250321289701343235,862636911,704678283211,801400,801.4,0.8014,0.0008014,2026-02-17 12:05:54,2026-02-17 12:05:54,n_values_equal\n_values_040bit.txt
764627817559,40,2,60,FOUND,818683,933973,322,0,10100507718768770977,363138403688,140228742548,414500,414.5,0.4145,0.0004145,2026-02-17 12:05:54,2026-02-17 12:05:54,n_values_equal\n_values_040bit.txt
764627817559,40,3,60,FOUND,818683,933973,1114,0,1915199735450525081,167050267093,646031257823,1380900,1380.9,1.3809,0.0013809,2026-02-17 12:05:54,2026-02-17 12:05:54,n_values_equal\n_values_040bit.txt
651359211287,40,1,60,FOUND,708023,919969,561,0,16223000268481621912,7612579254,406566970961,714100,714.1,0.7141,0.0007141,2026-02-17 12:05:54,2026-02-17 12:05:54,n_values_equal\n_values_040bit.txt
651359211287,40,2,60,FOUND,708023,919969,1084,0,7412235619369778480,128744649182,342062507738,1383200,1383.2,1.3832,0.0013832,2026-02-17 12:05:54,2026-02-17 12:05:54,n_values_equal\n_values_040bit.txt
651359211287,40,3,60,FOUND,708023,919969,35,0,8791789186894525352,157319964378,136520790633,48200,48.2,0.0482,4.82e-05,2026-02-17 12:05:54,2026-02-17 12:05:54,n_values_equal\n_values_040bit.txt
691504966367,40,1,60,FOUND,933607,740681,696,0,17159133777284548240,462180760561,409739975452,690200,690.2,0.6902,0.0006902,2026-02-17 12:05:54,2026-02-17 12:05:54,n_values_equal\n_values_040bit.txt
691504966367,40,2,60,FOUND,740681,933607,372,0,11689062678172284618,265393161147,582979351741,272300,272.3,0.2723,0.0002723,2026-02-17 12:05:54,2026-02-17 12:05:54,n_values_equal\n_values_040bit.txt
691504966367,40,3,60,FOUND,740681,933607,615,0,694494713904245961,124577562791,34184503548,446600,446.6,0.4466,0.0004466,2026-02-17 12:05:54,2026-02-17 12:05:54,n_values_equal\n_values_040bit.txt
1001584677367,40,1,60,FOUND,975649,1026583,1338,0,3451111622405847732,207244163006,68565102763,950000,950.0,0.95,0.00095,2026-02-17 12:05:54,2026-02-17 12:05:54,n_values_equal\n_values_040bit.txt
1001584677367,40,2,60,FOUND,975649,1026583,683,0,14409267741587300438,552921474774,887192904057,478900,478.9,0.4789,0.0004789,2026-02-17 12:05:54,2026-02-17 12:05:54,n_values_equal\n_values_040bit.txt
1001584677367,40,3,60,FOUND,1026583,975649,644,0,15198374344210568163,71456038559,63396423045,442300,442.3,0.4423,0.0004423,2026-02-17 12:05:54,2026-02-17 12:05:54,n_values_equal\n_values_040bit.txt
740154940919,40,1,60,FOUND,1039469,712051,750,0,5609385551949226530,41109102099,282594236091,514000,514.0,0.514,0.000514,2026-02-17 12:05:54,2026-02-17 12:05:54,n_values_equal\n_values_040bit.txt
740154940919,40,2,60,FOUND,712051,1039469,1209,0,1102317779528382013,644234932516,249984564642,829100,829.1,0.8291,0.0008291,2026-02-17 12:05:54,2026-02-17 12:05:54,n_values_equal\n_values_040bit.txt
740154940919,40,3,60,FOUND,712051,1039469,596,0,8106953628995945256,89275891707,740107300194,409700,409.7,0.4097,0.0004097,2026-02-17 12:05:54,2026-02-17 12:05:54,n_values_equal\n_values_040bit.txt
567740741501,40,1,60,FOUND,921491,616111,948,0,18351243459448452546,357372276263,31544188103,650000,650.0,0.65,0.00065,2026-02-17 12:05:54,2026-02-17 12:05:54,n_values_equal\n_values_040bit.txt
567740741501,40,2,60,FOUND,921491,616111,761,0,11861868534828138939,71930951800,7466117365,528100,528.1,0.5281,0.0005281,2026-02-17 12:05:54,2026-02-17 12:05:54,n_values_equal\n_values_040bit.txt
567740741501,40,3,60,FOUND,921491,616111,972,0,7139519847899666318,409051050777,374587971233,676500,676.5,0.6765,0.0006765,2026-02-17 12:05:54,2026-02-17 12:05:54,n_values_equal\n_values_040bit.txt
821510335337,40,1,60,FOUND,862097,952921,358,0,6125022418103147617,506306759297,568405094886,251900,251.9,0.2519,0.0002519,2026-02-17 12:05:54,2026-02-17 12:05:54,n_values_equal\n_values_040bit.txt
821510335337,40,2,60,FOUND,952921,862097,1084,0,7528052717022504142,235551710951,663069262029,764400,764.4,0.7644,0.0007644,2026-02-17 12:05:54,2026-02-17 12:05:54,n_values_equal\n_values_040bit.txt
821510335337,40,3,60,FOUND,862097,952921,876,0,8322581888166653611,568641670510,229037626408,655900,655.9,0.6559,0.0006559,2026-02-17 12:05:54,2026-02-17 12:05:54,n_values_equal\n_values_040bit.txt
625424552003,40,1,60,FOUND,987061,633623,692,0,10067935912753128773,449027353385,18734739404,520500,520.5,0.5205,0.0005205,2026-02-17 12:05:54,2026-02-17 12:05:54,n_values_equal\n_values_040bit.txt
625424552003,40,2,60,FOUND,633623,987061,794,0,11729305634064338223,102624939748,573004093646,592100,592.1,0.5921,0.0005921,2026-02-17 12:05:54,2026-02-17 12:05:54,n_values_equal\n_values_040bit.txt
625424552003,40,3,60,FOUND,633623,987061,518,0,6538873277056134112,588656480806,291144344006,372300,372.3,0.3723,0.0003723,2026-02-17 12:05:54,2026-02-17 12:05:54,n_values_equal\n_values_040bit.txt
990044546221,40,1,60,FOUND,1009301,980921,544,0,2281124500095234328,224766665896,933902623974,366700,366.7,0.3667,0.0003667,2026-02-17 12:05:54,2026-02-17 12:05:54,n_values_equal\n_values_040bit.txt
990044546221,40,2,60,FOUND,1009301,980921,357,0,7005538151054086409,366257678056,272504303928,242600,242.6,0.2426,0.0002426,2026-02-17 12:05:54,2026-02-17 12:05:54,n_values_equal\n_values_040bit.txt
990044546221,40,3,60,FOUND,980921,1009301,658,0,17203481852994175111,856227052190,571787892916,450200,450.2,0.4502,0.0004502,2026-02-17 12:05:54,2026-02-17 12:05:54,n_values_equal\n_values_040bit.txt
620656318771,40,1,60,FOUND,619543,1001797,1104,0,17087466940086440505,22663809681,279677323204,754000,754.0,0.754,0.000754,2026-02-17 12:05:54,2026-02-17 12:05:54,n_values_equal\n_values_040bit.txt
620656318771,40,2,60,FOUND,1001797,619543,549,0,3861097970420109071,475794883823,529209899513,373600,373.6,0.3736,0.0003736,2026-02-17 12:05:54,2026-02-17 12:05:54,n_values_equal\n_values_040bit.txt
620656318771,40,3,60,FOUND,619543,1001797,842,0,10581120744459160232,403015759535,456184270212,571100,571.1,0.5711,0.0005711,2026-02-17 12:05:54,2026-02-17 12:05:54,n_values_equal\n_values_040bit.txt
777130377851,40,1,60,FOUND,881393,881707,423,0,2800072929835808577,317626141870,695337262991,359000,359.0,0.359,0.000359,2026-02-17 12:05:54,2026-02-17 12:05:54,n_values_equal\n_values_040bit.txt
777130377851,40,2,60,FOUND,881393,881707,176,0,14598834368444343324,634038111995,88088039623,130100,130.1,0.1301,0.0001301,2026-02-17 12:05:54,2026-02-17 12:05:54,n_values_equal\n_values_040bit.txt
777130377851,40,3,60,FOUND,881393,881707,1274,0,6689006539484093049,337689757343,338747588394,875200,875.2,0.8752,0.0008752,2026-02-17 12:05:54,2026-02-17 12:05:54,n_values_equal\n_values_040bit.txt
607676977291,40,1,60,FOUND,1041829,583279,823,0,10378910810103683312,6166649192,508541765973,553700,553.7,0.5537,0.0005537,2026-02-17 12:05:54,2026-02-17 12:05:54,n_values_equal\n_values_040bit.txt
607676977291,40,2,60,FOUND,583279,1041829,606,0,3013828728592701251,240730949844,159869765401,410600,410.6,0.4106,0.0004106,2026-02-17 12:05:54,2026-02-17 12:05:54,n_values_equal\n_values_040bit.txt
607676977291,40,3,60,FOUND,1041829,583279,554,0,11617225971475977340,572524484258,141032776113,378300,378.3,0.3783,0.0003783,2026-02-17 12:05:54,2026-02-17 12:05:54,n_values_equal\n_values_040bit.txt
889005404557,40,1,60,FOUND,870479,1021283,902,0,1384701703045607166,111236243715,606716593334,611600,611.6,0.6116,0.0006116,2026-02-17 12:05:54,2026-02-17 12:05:54,n_values_equal\n_values_040bit.txt
889005404557,40,2,60,FOUND,870479,1021283,466,0,7835008350993364795,185877206290,130828091133,319800,319.8,0.3198,0.0003198,2026-02-17 12:05:54,2026-02-17 12:05:54,n_values_equal\n_values_040bit.txt
889005404557,40,3,60,FOUND,1021283,870479,524,0,12839264601563188125,651923569251,226538133631,357100,357.1,0.3571,0.0003571,2026-02-17 12:05:54,2026-02-17 12:05:54,n_values_equal\n_values_040bit.txt
913222321511,40,1,60,FOUND,990599,921889,264,0,3154410619535325685,443604539900,700085593291,180100,180.1,0.1801,0.0001801,2026-02-17 12:05:54,2026-02-17 12:05:54,n_values_equal\n_values_040bit.txt
913222321511,40,2,60,FOUND,921889,990599,1149,0,17047546545142056760,569427988935,579543302573,786000,786.0,0.786,0.000786,2026-02-17 12:05:54,2026-02-17 12:05:54,n_values_equal\n_values_040bit.txt
913222321511,40,3,60,FOUND,990599,921889,108,0,11960665423188728643,134795048086,145851160044,76100,76.1,0.0761,7.61e-05,2026-02-17 12:05:54,2026-02-17 12:05:54,n_values_equal\n_values_040bit.txt
726235388731,40,1,60,FOUND,731173,993247,412,0,15185083358231584436,202184437724,174590398111,290400,290.4,0.2904,0.0002904,2026-02-17 12:05:54,2026-02-17 12:05:54,n_values_equal\n_values_040bit.txt
726235388731,40,2,60,FOUND,993247,731173,1136,0,1640555000511908524,155362870040,626140123777,808300,808.3,0.8083,0.0008083,2026-02-17 12:05:54,2026-02-17 12:05:54,n_values_equal\n_values_040bit.txt
726235388731,40,3,60,FOUND,731173,993247,878,0,10817383273685776028,662370028764,54184249531,620400,620.4,0.6204,0.0006204,2026-02-17 12:05:54,2026-02-17 12:05:54,n_values_equal\n_values_040bit.txt
604665924943,40,1,60,FOUND,730399,827857,516,0,10604196186873280792,437513612017,307827787601,363800,363.8,0.3638,0.0003638,2026-02-17 12:05:54,2026-02-17 12:05:54,n_values_equal\n_values_040bit.txt
604665924943,40,2,60,FOUND,730399,827857,1240,0,14980126827163707367,245178131199,410073456656,871500,871.5,0.8715,0.0008715,2026-02-17 12:05:54,2026-02-17 12:05:54,n_values_equal\n_values_040bit.txt
604665924943,40,3,60,FOUND,730399,827857,1995,0,2865435790506693784,452388656034,308636085955,1382200,1382.2,1.3822,0.0013822,2026-02-17 12:05:54,2026-02-17 12:05:54,n_values_equal\n_values_040bit.txt
11362150854919,44,1,60,FOUND,4124287,2754937,1131,0,4564234098140665704,2801598499667,9453824289596,1367500,1367.5,1.3675,0.0013675,2026-02-17 12:05:54,2026-02-17 12:05:54,n_values_equal\n_values_044bit.txt
11362150854919,44,2,60,FOUND,4124287,2754937,516,0,14395746231269422176,656685556861,212770153018,618600,618.6,0.6186,0.0006186,2026-02-17 12:05:54,2026-02-17 12:05:54,n_values_equal\n_values_044bit.txt
11362150854919,44,3,60,FOUND,4124287,2754937,928,0,12374340020455625285,9876698701143,9159243294335,1114200,1114.2,1.1142,0.0011142,2026-02-17 12:05:54,2026-02-17 12:05:54,n_values_equal\n_values_044bit.txt
11117261796497,44,1,60,FOUND,2972483,3740059,522,0,11747982670023680554,4658021708018,3435043915980,638000,638.0,0.638,0.000638,2026-02-17 12:05:54,2026-02-17 12:05:54,n_values_equal\n_values_044bit.txt
11117261796497,44,2,60,FOUND,2972483,3740059,758,0,17230626747737924646,726698323717,10545736337104,919900,919.9,0.9199,0.0009199,2026-02-17 12:05:54,2026-02-17 12:05:54,n_values_equal\n_values_044bit.txt
11117261796497,44,3,60,FOUND,2972483,3740059,1468,0,3884668990333159624,10859205047681,3795414843966,1762600,1762.6,1.7626,0.0017626,2026-02-17 12:05:54,2026-02-17 12:05:54,n_values_equal\n_values_044bit.txt
12176369875333,44,1,60,FOUND,3915341,3109913,938,0,13695515504728506047,8328012034292,8060754428741,697300,697.3,0.6973,0.0006973,2026-02-17 12:05:54,2026-02-17 12:05:54,n_values_equal\n_values_044bit.txt
12176369875333,44,2,60,FOUND,3109913,3915341,1107,0,17920549656650313502,11274451094882,5528104897305,790300,790.3,0.7903,0.0007903,2026-02-17 12:05:54,2026-02-17 12:05:54,n_values_equal\n_values_044bit.txt
12176369875333,44,3,60,FOUND,3109913,3915341,1620,0,9432783572601347808,10472027016116,9061162449226,1155600,1155.6,1.1556,0.0011556,2026-02-17 12:05:54,2026-02-17 12:05:54,n_values_equal\n_values_044bit.txt
8819645468191,44,1,60,FOUND,3091897,2852503,1107,0,14030297490121518696,1218736200324,8419210561358,760800,760.8,0.7608,0.0007608,2026-02-17 12:05:54,2026-02-17 12:05:54,n_values_equal\n_values_044bit.txt
8819645468191,44,2,60,FOUND,3091897,2852503,1580,0,458938188176687247,3499333916714,1504757394365,1726100,1726.1,1.7261,0.0017261,2026-02-17 12:05:54,2026-02-17 12:05:54,n_values_equal\n_values_044bit.txt
8819645468191,44,3,60,FOUND,2852503,3091897,1919,0,11857969011490695546,4025503520702,7107773832052,1962200,1962.2,1.9622,0.0019622,2026-02-17 12:05:54,2026-02-17 12:05:54,n_values_equal\n_values_044bit.txt
13357103732593,44,1,60,FOUND,4107329,3252017,487,0,17926677504220596196,12857988984257,2254382298672,345300,345.3,0.3453,0.0003453,2026-02-17 12:05:54,2026-02-17 12:05:54,n_values_equal\n_values_044bit.txt
13357103732593,44,2,60,FOUND,4107329,3252017,1154,0,3054208321872355688,3278513909972,2632992983308,829800,829.8,0.8298,0.0008298,2026-02-17 12:05:54,2026-02-17 12:05:54,n_values_equal\n_values_044bit.txt
13357103732593,44,3,60,FOUND,3252017,4107329,2435,0,12020072143788527203,10420892267514,4689410700989,1687100,1687.1,1.6871,0.0016871,2026-02-17 12:05:54,2026-02-17 12:05:54,n_values_equal\n_values_044bit.txt
11598973452301,44,1,60,FOUND,4098011,2830391,1860,0,16299759174066641613,5470985821072,5911277241019,1548900,1548.9,1.5489,0.0015489,2026-02-17 12:05:54,2026-02-17 12:05:54,n_values_equal\n_values_044bit.txt
11598973452301,44,2,60,FOUND,2830391,4098011,2542,0,14245838550289692999,748125124346,4888527756301,1975100,1975.1,1.9751,0.0019751,2026-02-17 12:05:54,2026-02-17 12:05:54,n_values_equal\n_values_044bit.txt
11598973452301,44,3,60,FOUND,4098011,2830391,1140,0,2204658009626595036,2034363776045,327971511786,805800,805.8,0.8058,0.0008058,2026-02-17 12:05:54,2026-02-17 12:05:54,n_values_equal\n_values_044bit.txt
13367442470687,44,1,60,FOUND,3257413,4103699,2436,0,9845739761359766092,3677622872014,12236950430427,1792400,1792.4,1.7924,0.0017924,2026-02-17 12:05:54,2026-02-17 12:05:54,n_values_equal\n_values_044bit.txt
13367442470687,44,2,60,FOUND,3257413,4103699,2190,0,2928531647139997178,11577063656709,7066462081897,1706300,1706.3,1.7063,0.0017063,2026-02-17 12:05:54,2026-02-17 12:05:54,n_values_equal\n_values_044bit.txt
13367442470687,44,3,60,FOUND,4103699,3257413,2226,0,5657215460919944928,11861299513817,11069754475595,1580800,1580.8,1.5808,0.0015808,2026-02-17 12:05:54,2026-02-17 12:05:54,n_values_equal\n_values_044bit.txt
11605371416381,44,1,60,FOUND,2975911,3899771,552,0,7153903253257308819,3038907002144,7158177645347,396300,396.3,0.3963,0.0003963,2026-02-17 12:05:54,2026-02-17 12:05:54,n_values_equal\n_values_044bit.txt
11605371416381,44,2,60,FOUND,2975911,3899771,1205,0,17431472861978612241,180666438259,1135361383835,851800,851.8,0.8518,0.0008518,2026-02-17 12:05:54,2026-02-17 12:05:54,n_values_equal\n_values_044bit.txt
11605371416381,44,3,60,FOUND,3899771,2975911,1650,0,17144943329346028046,4195433680639,8271762927982,1212100,1212.1,1.2121,0.0012121,2026-02-17 12:05:54,2026-02-17 12:05:54,n_values_equal\n_values_044bit.txt
9400247940103,44,1,60,FOUND,2933629,3204307,432,0,1053994413388593283,2185711051307,2029348854036,304200,304.2,0.3042,0.0003042,2026-02-17 12:05:54,2026-02-17 12:05:54,n_values_equal\n_values_044bit.txt
9400247940103,44,2,60,FOUND,3204307,2933629,792,0,4979655861025740190,8473816154242,1827351708111,566700,566.7,0.5667,0.0005667,2026-02-17 12:05:54,2026-02-17 12:05:54,n_values_equal\n_values_044bit.txt
9400247940103,44,3,60,FOUND,2933629,3204307,1812,0,18433508697540179140,2196532589423,3634306844699,1278700,1278.7,1.2787,0.0012787,2026-02-17 12:05:54,2026-02-17 12:05:54,n_values_equal\n_values_044bit.txt
12580257155857,44,1,60,FOUND,3273397,3843181,224,0,4790641705523528179,1505216210557,7211363709079,156400,156.4,0.1564,0.0001564,2026-02-17 12:05:54,2026-02-17 12:05:54,n_values_equal\n_values_044bit.txt
12580257155857,44,2,60,FOUND,3273397,3843181,960,0,15071285605668508773,180031080162,258435780894,715600,715.6,0.7156,0.0007156,2026-02-17 12:05:54,2026-02-17 12:05:54,n_values_equal\n_values_044bit.txt
12580257155857,44,3,60,FOUND,3843181,3273397,591,0,16681221584438122014,2339747543170,7941725200976,427200,427.2,0.4272,0.0004272,2026-02-17 12:05:54,2026-02-17 12:05:54,n_values_equal\n_values_044bit.txt
14415783241949,44,1,60,FOUND,3650533,3948953,1340,0,12715452132788782171,10123854862381,677870602499,968700,968.7,0.9687,0.0009687,2026-02-17 12:05:54,2026-02-17 12:05:54,n_values_equal\n_values_044bit.txt
14415783241949,44,2,60,FOUND,3650533,3948953,1059,0,4907627798900879909,581795580154,11776565017246,930600,930.6,0.9306,0.0009306,2026-02-17 12:05:54,2026-02-17 12:05:54,n_values_equal\n_values_044bit.txt
14415783241949,44,3,60,FOUND,3650533,3948953,990,0,6284410543245502159,5722567691993,4130266954322,835200,835.2,0.8352,0.0008352,2026-02-17 12:05:54,2026-02-17 12:05:54,n_values_equal\n_values_044bit.txt
15763290840049,44,1,60,FOUND,3952103,3988583,1903,0,9245018094363763744,9155206213625,3781083096530,2263200,2263.2,2.2632,0.0022632,2026-02-17 12:05:54,2026-02-17 12:05:54,n_values_equal\n_values_044bit.txt
15763290840049,44,2,60,FOUND,3952103,3988583,375,0,9156966555731744100,10113118880195,10206360992332,420000,420.0,0.42,0.00042,2026-02-17 12:05:54,2026-02-17 12:05:54,n_values_equal\n_values_044bit.txt
15763290840049,44,3,60,FOUND,3952103,3988583,1918,0,11357995344245202298,12999174462744,6951516712660,1864600,1864.6,1.8646,0.0018646,2026-02-17 12:05:54,2026-02-17 12:05:54,n_values_equal\n_values_044bit.txt
10161433521839,44,1,60,FOUND,2824823,3597193,303,0,7987755755760319338,9309854946276,5631151503179,233800,233.8,0.2338,0.0002338,2026-02-17 12:05:54,2026-02-17 12:05:54,n_values_equal\n_values_044bit.txt
10161433521839,44,2,60,FOUND,3597193,2824823,1932,0,10049081908841905255,3470475307129,3708436660443,2117000,2117.0,2.117,0.002117,2026-02-17 12:05:54,2026-02-17 12:05:54,n_values_equal\n_values_044bit.txt
10161433521839,44,3,60,FOUND,2824823,3597193,1004,0,12767854599976939461,6411833785518,909748225633,1348800,1348.8,1.3488,0.0013488,2026-02-17 12:05:54,2026-02-17 12:05:54,n_values_equal\n_values_044bit.txt
10215117445853,44,1,60,FOUND,3354671,3045043,1616,0,8603133304158847041,941412935040,7256113042506,2004700,2004.7,2.0047,0.0020047,2026-02-17 12:05:54,2026-02-17 12:05:54,n_values_equal\n_values_044bit.txt
10215117445853,44,2,60,FOUND,3045043,3354671,434,0,16990734366144256721,6658854357196,3453500564309,490500,490.5,0.4905,0.0004905,2026-02-17 12:05:54,2026-02-17 12:05:54,n_values_equal\n_values_044bit.txt
10215117445853,44,3,60,FOUND,3354671,3045043,1645,0,3894810848043377053,10189091612148,1430794546150,1966400,1966.4,1.9664,0.0019664,2026-02-17 12:05:54,2026-02-17 12:05:54,n_values_equal\n_values_044bit.txt
9341064803801,44,1,60,FOUND,3824617,2442353,912,0,14770322771260025589,4188334217459,2839077873069,1094400,1094.4,1.0944,0.0010944,2026-02-17 12:05:54,2026-02-17 12:05:54,n_values_equal\n_values_044bit.txt
9341064803801,44,2,60,FOUND,2442353,3824617,1713,0,6930291755412861116,8250168010613,3170150050187,2152400,2152.4,2.1524,0.0021524,2026-02-17 12:05:54,2026-02-17 12:05:54,n_values_equal\n_values_044bit.txt
9341064803801,44,3,60,FOUND,2442353,3824617,1558,0,5284275684040156441,9024797265872,313256793567,1957500,1957.5,1.9575,0.0019575,2026-02-17 12:05:54,2026-02-17 12:05:54,n_values_equal\n_values_044bit.txt
8872431580417,44,1,60,FOUND,3951281,2245457,1084,0,6372749824432978262,2019293043323,6631839689151,1336900,1336.9,1.3369,0.0013369,2026-02-17 12:05:54,2026-02-17 12:05:54,n_values_equal\n_values_044bit.txt
8872431580417,44,2,60,FOUND,2245457,3951281,426,0,5962609670654643597,1065059206801,3117306674969,511900,511.9,0.5119,0.0005119,2026-02-17 12:05:54,2026-02-17 12:05:54,n_values_equal\n_values_044bit.txt
8872431580417,44,3,60,FOUND,2245457,3951281,1170,0,77300686401491061,2527741424077,1341323419052,1355500,1355.5,1.3555,0.0013555,2026-02-17 12:05:54,2026-02-17 12:05:54,n_values_equal\n_values_044bit.txt
16122940996961,44,1,60,FOUND,3960419,4071019,3694,0,2868398899917443553,11783172258194,6902646415019,3081300,3081.3,3.0813,0.0030813,2026-02-17 12:05:54,2026-02-17 12:05:54,n_values_equal\n_values_044bit.txt
16122940996961,44,2,60,FOUND,3960419,4071019,922,0,7666267298991544016,5968504345736,14515979926834,710300,710.3,0.7103,0.0007103,2026-02-17 12:05:54,2026-02-17 12:05:54,n_values_equal\n_values_044bit.txt
16122940996961,44,3,60,FOUND,4071019,3960419,2984,0,6999461324319427254,5214043528906,4379271806187,2233700,2233.7,2.2337,0.0022337,2026-02-17 12:05:54,2026-02-17 12:05:54,n_values_equal\n_values_044bit.txt
14363066111507,44,1,60,FOUND,3771979,3807833,826,0,14957133125569529242,8627685454583,8233671480221,596800,596.8,0.5968,0.0005968,2026-02-17 12:05:54,2026-02-17 12:05:54,n_values_equal\n_values_044bit.txt
14363066111507,44,2,60,FOUND,3807833,3771979,1237,0,16518536813008369726,5614460001066,11631440565375,907500,907.5,0.9075,0.0009075,2026-02-17 12:05:54,2026-02-17 12:05:54,n_values_equal\n_values_044bit.txt
14363066111507,44,3,60,FOUND,3771979,3807833,1616,0,746182620046842258,10949396430880,12958374567238,1400800,1400.8,1.4008,0.0014008,2026-02-17 12:05:54,2026-02-17 12:05:54,n_values_equal\n_values_044bit.txt
14270301667147,44,1,60,FOUND,3598667,3965441,1170,0,2590960859677325758,11769690660304,783852187107,1048400,1048.4,1.0484,0.0010484,2026-02-17 12:05:54,2026-02-17 12:05:54,n_values_equal\n_values_044bit.txt
14270301667147,44,2,60,FOUND,3598667,3965441,1955,0,7683913983886058059,7260982977306,2200423732392,1445300,1445.3,1.4453,0.0014453,2026-02-17 12:05:54,2026-02-17 12:05:54,n_values_equal\n_values_044bit.txt
14270301667147,44,3,60,FOUND,3965441,3598667,1389,0,321963303040547054,9542321512874,919701729390,1036700,1036.7,1.0367,0.0010367,2026-02-17 12:05:54,2026-02-17 12:05:54,n_values_equal\n_values_044bit.txt
9955688607647,44,1,60,FOUND,3845221,2589107,1684,0,9634224437515465262,2280631985662,1065461100463,1261000,1261.0,1.261,0.001261,2026-02-17 12:05:54,2026-02-17 12:05:54,n_values_equal\n_values_044bit.txt
9955688607647,44,2,60,FOUND,2589107,3845221,537,0,601440215119053691,7844074881084,7484887999196,404900,404.9,0.4049,0.0004049,2026-02-17 12:05:54,2026-02-17 12:05:54,n_values_equal\n_values_044bit.txt
9955688607647,44,3,60,FOUND,2589107,3845221,984,0,14568686960291688631,6508574039023,3372978017121,810800,810.8,0.8108,0.0008108,2026-02-17 12:05:54,2026-02-17 12:05:54,n_values_equal\n_values_044bit.txt
11878722340741,44,1,60,FOUND,3325243,3572287,2725,0,3667473868612885052,625821173750,2032439229145,2153400,2153.4,2.1534,0.0021534,2026-02-17 12:05:54,2026-02-17 12:05:54,n_values_equal\n_values_044bit.txt
11878722340741,44,2,60,FOUND,3572287,3325243,1094,0,8420694757478614267,7705872130352,1479039418511,782300,782.3,0.7823,0.0007823,2026-02-17 12:05:54,2026-02-17 12:05:54,n_values_equal\n_values_044bit.txt
11878722340741,44,3,60,FOUND,3325243,3572287,2020,0,516952400608037295,10617399645572,4056892959722,1703100,1703.1,1.7031,0.0017031,2026-02-17 12:05:54,2026-02-17 12:05:54,n_values_equal\n_values_044bit.txt
10172139049141,44,1,60,FOUND,3834227,2652983,1320,0,10541398435073800792,5980188317237,4215420106554,984000,984.0,0.984,0.000984,2026-02-17 12:05:54,2026-02-17 12:05:54,n_values_equal\n_values_044bit.txt
10172139049141,44,2,60,FOUND,3834227,2652983,873,0,5527091604731247461,654854924210,6859955835007,630500,630.5,0.6305,0.0006305,2026-02-17 12:05:54,2026-02-17 12:05:54,n_values_equal\n_values_044bit.txt
10172139049141,44,3,60,FOUND,3834227,2652983,166,0,6076982694826333467,8553884676915,6226705663602,123800,123.8,0.1238,0.0001238,2026-02-17 12:05:54,2026-02-17 12:05:54,n_values_equal\n_values_044bit.txt
10582431747599,44,1,60,FOUND,2535881,4173079,930,0,18347946515049821580,3827177714677,6079662666318,719800,719.8,0.7198,0.0007198,2026-02-17 12:05:54,2026-02-17 12:05:54,n_values_equal\n_values_044bit.txt
10582431747599,44,2,60,FOUND,2535881,4173079,1275,0,9711962717182703377,1707501413493,6795256125996,1507800,1507.8,1.5078,0.0015078,2026-02-17 12:05:54,2026-02-17 12:05:54,n_values_equal\n_values_044bit.txt
10582431747599,44,3,60,FOUND,2535881,4173079,1286,0,9868163733266644278,1098254633466,4422396389150,1677400,1677.4,1.6774,0.0016774,2026-02-17 12:05:54,2026-02-17 12:05:54,n_values_equal\n_values_044bit.txt
10542617146211,44,1,60,FOUND,2661181,3961631,816,0,77358017508312703,9350159900721,9115990748472,760000,760.0,0.76,0.00076,2026-02-17 12:05:54,2026-02-17 12:05:54,n_values_equal\n_values_044bit.txt
10542617146211,44,2,60,FOUND,3961631,2661181,744,0,3395945551212635763,7749685023247,1778622130818,558800,558.8,0.5588,0.0005588,2026-02-17 12:05:54,2026-02-17 12:05:54,n_values_equal\n_values_044bit.txt
10542617146211,44,3,60,FOUND,3961631,2661181,2349,0,11432942710290296498,4421660858440,7642839166846,1954400,1954.4,1.9544,0.0019544,2026-02-17 12:05:54,2026-02-17 12:05:54,n_values_equal\n_values_044bit.txt
11082838983527,44,1,60,FOUND,3900937,2841071,3096,0,10551251488090298731,10808176327211,9075364264712,2242600,2242.6,2.2426,0.0022426,2026-02-17 12:05:54,2026-02-17 12:05:54,n_values_equal\n_values_044bit.txt
11082838983527,44,2,60,FOUND,2841071,3900937,2412,0,15327702691047531874,9188984794956,10490122530088,1737700,1737.7,1.7377,0.0017377,2026-02-17 12:05:54,2026-02-17 12:05:54,n_values_equal\n_values_044bit.txt
11082838983527,44,3,60,FOUND,2841071,3900937,381,0,8214764032276457587,10264425655976,5644381277278,275200,275.2,0.2752,0.0002752,2026-02-17 12:05:54,2026-02-17 12:05:54,n_values_equal\n_values_044bit.txt
239042201465633,48,1,60,FOUND,15856691,15075163,1826,0,82808216386844565,172271148320198,28754998764959,1395800,1395.8,1.3958,0.0013958,2026-02-17 12:05:54,2026-02-17 12:05:54,n_values_equal\n_values_048bit.txt
239042201465633,48,2,60,FOUND,15856691,15075163,2379,0,4071295967593032693,52165550692337,73511233332002,2078700,2078.7,2.0787,0.0020787,2026-02-17 12:05:54,2026-02-17 12:05:54,n_values_equal\n_values_048bit.txt
239042201465633,48,3,60,FOUND,15856691,15075163,5850,0,1709980682165521175,137311226742987,157437148512297,6282500,6282.5,6.2825,0.0062825,2026-02-17 12:05:54,2026-02-17 12:05:54,n_values_equal\n_values_048bit.txt
217816418258143,48,1,60,FOUND,16200271,13445233,2722,0,3175382378516329812,139387699401481,71516528662547,2512700,2512.7,2.5127,0.0025127,2026-02-17 12:05:54,2026-02-17 12:05:54,n_values_equal\n_values_048bit.txt
217816418258143,48,2,60,FOUND,16200271,13445233,2184,0,13663918308102771388,23190784982060,6904261014400,2324700,2324.7,2.3247,0.0023247,2026-02-17 12:05:54,2026-02-17 12:05:54,n_values_equal\n_values_048bit.txt
217816418258143,48,3,60,FOUND,16200271,13445233,1320,0,18349306686802557039,41156265581762,204145607121886,1010500,1010.5,1.0105,0.0010105,2026-02-17 12:05:54,2026-02-17 12:05:54,n_values_equal\n_values_048bit.txt
210913072937123,48,1,60,FOUND,15310717,13775519,3185,0,13929862509715811770,177434727243437,126283275354824,3072900,3072.9,3.0729,0.0030729,2026-02-17 12:05:54,2026-02-17 12:05:54,n_values_equal\n_values_048bit.txt
210913072937123,48,2,60,FOUND,13775519,15310717,3388,0,6390458423178899881,51394425250972,145259427620459,2750000,2750.0,2.75,0.00275,2026-02-17 12:05:54,2026-02-17 12:05:54,n_values_equal\n_values_048bit.txt
210913072937123,48,3,60,FOUND,15310717,13775519,5214,0,15805575367386894694,84374986636450,108531767869812,4257500,4257.5,4.2575,0.0042575,2026-02-17 12:05:54,2026-02-17 12:05:54,n_values_equal\n_values_048bit.txt
231989372810269,48,1,60,FOUND,15055291,15409159,3297,0,10764103362116744760,198996995121552,171115430848256,2680900,2680.9,2.6809,0.0026809,2026-02-17 12:05:54,2026-02-17 12:05:54,n_values_equal\n_values_048bit.txt
231989372810269,48,2,60,FOUND,15055291,15409159,4241,0,8464781088538394908,107531410696998,218472068125774,3182300,3182.3,3.1823,0.0031823,2026-02-17 12:05:54,2026-02-17 12:05:54,n_values_equal\n_values_048bit.txt
231989372810269,48,3,60,FOUND,15055291,15409159,3371,0,15832824502276810218,104239755801921,115540996098741,2750300,2750.3,2.7503,0.0027503,2026-02-17 12:05:54,2026-02-17 12:05:54,n_values_equal\n_values_048bit.txt
144463723279151,48,1,60,FOUND,16449491,8782261,2848,0,2728296305004781279,42519216568282,17433900920137,2455400,2455.4,2.4554,0.0024554,2026-02-17 12:05:54,2026-02-17 12:05:54,n_values_equal\n_values_048bit.txt
144463723279151,48,2,60,FOUND,16449491,8782261,3877,0,17181809032938090589,91090875103290,51320597454546,3472100,3472.1,3.4721,0.0034721,2026-02-17 12:05:54,2026-02-17 12:05:54,n_values_equal\n_values_048bit.txt
144463723279151,48,3,60,FOUND,8782261,16449491,942,0,8942529260933297125,27546439790349,400132549872,773100,773.1,0.7731,0.0007731,2026-02-17 12:05:54,2026-02-17 12:05:54,n_values_equal\n_values_048bit.txt
152432218184023,48,1,60,FOUND,11299963,13489621,1945,0,2846950259978129218,53047785659732,3127691298473,1505700,1505.7,1.5057,0.0015057,2026-02-17 12:05:54,2026-02-17 12:05:54,n_values_equal\n_values_048bit.txt
152432218184023,48,2,60,FOUND,13489621,11299963,3275,0,1904540980210751671,109161235731970,39528943023295,2498500,2498.5,2.4985,0.0024985,2026-02-17 12:05:54,2026-02-17 12:05:54,n_values_equal\n_values_048bit.txt
152432218184023,48,3,60,FOUND,13489621,11299963,2944,0,11332930057543061998,2338157349437,94684259115203,2223200,2223.2,2.2232,0.0022232,2026-02-17 12:05:54,2026-02-17 12:05:54,n_values_equal\n_values_048bit.txt
230491008798437,48,1,60,FOUND,15501727,14868731,4548,0,8029801869131843843,63436131907284,104463428269221,3683000,3683.0,3.683,0.003683,2026-02-17 12:05:54,2026-02-17 12:05:54,n_values_equal\n_values_048bit.txt
230491008798437,48,2,60,FOUND,15501727,14868731,3257,0,16810335975464666928,15270676160753,8232872421743,2380500,2380.5,2.3805,0.0023805,2026-02-17 12:05:54,2026-02-17 12:05:54,n_values_equal\n_values_048bit.txt
230491008798437,48,3,60,FOUND,15501727,14868731,2513,0,1952281476209452122,114859383547608,8321240055620,1913900,1913.9,1.9139,0.0019139,2026-02-17 12:05:54,2026-02-17 12:05:54,n_values_equal\n_values_048bit.txt
261780241275653,48,1,60,FOUND,15674509,16701017,252,0,7081554973926367303,88365207878685,39275491534936,383200,383.2,0.3832,0.0003832,2026-02-17 12:05:54,2026-02-17 12:05:54,n_values_equal\n_values_048bit.txt
261780241275653,48,2,60,FOUND,15674509,16701017,2226,0,7276593635181265454,248742065063343,141414150271366,1816200,1816.2,1.8162,0.0018162,2026-02-17 12:05:54,2026-02-17 12:05:54,n_values_equal\n_values_048bit.txt
261780241275653,48,3,60,FOUND,15674509,16701017,4187,0,1687544125851769580,69609525273803,114723995991107,3218300,3218.3,3.2183,0.0032183,2026-02-17 12:05:54,2026-02-17 12:05:54,n_values_equal\n_values_048bit.txt
156024893896327,48,1,60,FOUND,11118197,14033291,2604,0,11706093766973919355,52095292117046,132229164670147,2002400,2002.4,2.0024,0.0020024,2026-02-17 12:05:54,2026-02-17 12:05:54,n_values_equal\n_values_048bit.txt
156024893896327,48,2,60,FOUND,11118197,14033291,6320,0,10274464362291893456,107737885413230,79612997277695,4958800,4958.8,4.9588,0.0049588,2026-02-17 12:05:54,2026-02-17 12:05:54,n_values_equal\n_values_048bit.txt
156024893896327,48,3,60,FOUND,11118197,14033291,2938,0,3940070709944074305,83526460250029,26806822604841,2247900,2247.9,2.2479,0.0022479,2026-02-17 12:05:54,2026-02-17 12:05:54,n_values_equal\n_values_048bit.txt
167131351045207,48,1,60,FOUND,13691921,12206567,1268,0,106152696790682830,61618300189272,9296557072823,1000700,1000.7,1.0007,0.0010007,2026-02-17 12:05:54,2026-02-17 12:05:54,n_values_equal\n_values_048bit.txt
167131351045207,48,2,60,FOUND,13691921,12206567,2874,0,14060893935221199839,160289232445346,120952991809386,3745400,3745.4,3.7454,0.0037454,2026-02-17 12:05:54,2026-02-17 12:05:54,n_values_equal\n_values_048bit.txt
167131351045207,48,3,60,FOUND,12206567,13691921,1969,0,12375408842613341826,163850044245362,73142459727121,2532900,2532.9,2.5329,0.0025329,2026-02-17 12:05:54,2026-02-17 12:05:54,n_values_equal\n_values_048bit.txt
244587144342719,48,1,60,FOUND,14888963,16427413,3167,0,8234540688965066044,48084804030012,9167856777473,3861100,3861.1,3.8611,0.0038611,2026-02-17 12:05:54,2026-02-17 12:05:54,n_values_equal\n_values_048bit.txt
244587144342719,48,2,60,FOUND,16427413,14888963,2890,0,12726024599227544568,102992762696997,192066055081815,2249600,2249.6,2.2496,0.0022496,2026-02-17 12:05:54,2026-02-17 12:05:54,n_values_equal\n_values_048bit.txt
244587144342719,48,3,60,FOUND,16427413,14888963,227,0,2318628682181860488,24825104995489,36344863504570,179400,179.4,0.1794,0.0001794,2026-02-17 12:05:54,2026-02-17 12:05:54,n_values_equal\n_values_048bit.txt
196286277389767,48,1,60,FOUND,14526761,13512047,2004,0,9755935112314444971,172780986991880,156742648327001,1541100,1541.1,1.5411,0.0015411,2026-02-17 12:05:54,2026-02-17 12:05:54,n_values_equal\n_values_048bit.txt
196286277389767,48,2,60,FOUND,14526761,13512047,3729,0,17878300887517344354,55588095787735,127153339732482,3174500,3174.5,3.1745,0.0031745,2026-02-17 12:05:54,2026-02-17 12:05:54,n_values_equal\n_values_048bit.txt
196286277389767,48,3,60,FOUND,14526761,13512047,420,0,16985954346134060327,6349639943668,111752280750046,326000,326.0,0.326,0.000326,2026-02-17 12:05:54,2026-02-17 12:05:54,n_values_equal\n_values_048bit.txt
190528782422549,48,1,60,FOUND,16065557,11859457,5928,0,18064331781030637976,182190594616667,54248621565583,4521200,4521.2,4.5212,0.0045212,2026-02-17 12:05:54,2026-02-17 12:05:54,n_values_equal\n_values_048bit.txt
190528782422549,48,2,60,FOUND,11859457,16065557,2084,0,10569385672939391621,22001202012362,173859960329363,1553300,1553.3,1.5533,0.0015533,2026-02-17 12:05:54,2026-02-17 12:05:54,n_values_equal\n_values_048bit.txt
190528782422549,48,3,60,FOUND,11859457,16065557,2010,0,11063751352388960357,178152562542112,115909422895456,1651700,1651.7,1.6517,0.0016517,2026-02-17 12:05:54,2026-02-17 12:05:54,n_values_equal\n_values_048bit.txt
184484345963189,48,1,60,FOUND,13611803,13553263,3270,0,1436592704953546816,21558417009114,75114874952227,2409900,2409.9,2.4099,0.0024099,2026-02-17 12:05:54,2026-02-17 12:05:54,n_values_equal\n_values_048bit.txt
184484345963189,48,2,60,FOUND,13611803,13553263,4855,0,7433110328521829707,181701617531221,136581633037483,3591600,3591.6,3.5916,0.0035916,2026-02-17 12:05:54,2026-02-17 12:05:54,n_values_equal\n_values_048bit.txt
184484345963189,48,3,60,FOUND,13553263,13611803,1880,0,17388941998246336955,103733964278585,23740508682709,1400600,1400.6,1.4006,0.0014006,2026-02-17 12:05:54,2026-02-17 12:05:54,n_values_equal\n_values_048bit.txt
215395919991997,48,1,60,FOUND,15536669,13863713,3444,0,10819041008468743743,203082667750380,170184669511027,2553200,2553.2,2.5532,0.0025532,2026-02-17 12:05:54,2026-02-17 12:05:54,n_values_equal\n_values_048bit.txt
215395919991997,48,2,60,FOUND,13863713,15536669,1174,0,3437883902454488123,41227030457350,87907896950938,883900,883.9,0.8839,0.0008839,2026-02-17 12:05:54,2026-02-17 12:05:54,n_values_equal\n_values_048bit.txt
215395919991997,48,3,60,FOUND,13863713,15536669,1329,0,15932103821911505435,120625624648642,72675046975179,988000,988.0,0.988,0.000988,2026-02-17 12:05:54,2026-02-17 12:05:54,n_values_equal\n_values_048bit.txt
143412703799249,48,1,60,FOUND,11625109,12336461,1328,0,15546378110461904347,116617403650957,41896234038501,998000,998.0,0.998,0.000998,2026-02-17 12:05:54,2026-02-17 12:05:54,n_values_equal\n_values_048bit.txt
143412703799249,48,2,60,FOUND,12336461,11625109,1860,0,6898183174274973861,82563428409054,74701305755722,1548500,1548.5,1.5485,0.0015485,2026-02-17 12:05:54,2026-02-17 12:05:54,n_values_equal\n_values_048bit.txt
143412703799249,48,3,60,FOUND,11625109,12336461,1144,0,15334160843288890417,125635335881260,48088022174057,847400,847.4,0.8474,0.0008474,2026-02-17 12:05:54,2026-02-17 12:05:54,n_values_equal\n_values_048bit.txt
184242050867417,48,1,60,FOUND,15672677,11755621,312,0,16654535419054994071,112131043980258,25251407644082,239000,239.0,0.239,0.000239,2026-02-17 12:05:54,2026-02-17 12:05:54,n_values_equal\n_values_048bit.txt
184242050867417,48,2,60,FOUND,11755621,15672677,4127,0,16919293493246279686,181765158876837,37901043488587,3206700,3206.7,3.2067,0.0032067,2026-02-17 12:05:54,2026-02-17 12:05:54,n_values_equal\n_values_048bit.txt
184242050867417,48,3,60,FOUND,11755621,15672677,990,0,11017211211787983078,22521390789884,162793962658544,769400,769.4,0.7694,0.0007694,2026-02-17 12:05:54,2026-02-17 12:05:54,n_values_equal\n_values_048bit.txt
210531815336413,48,1,60,FOUND,13932697,15110629,5811,0,5503783357553240510,132909330371829,169199912535827,4542800,4542.8,4.5428,0.0045428,2026-02-17 12:05:54,2026-02-17 12:05:54,n_values_equal\n_values_048bit.txt
210531815336413,48,2,60,FOUND,15110629,13932697,5062,0,16736260636337098633,4914252421625,161955158182884,6296400,6296.4,6.2964,0.0062964,2026-02-17 12:05:54,2026-02-17 12:05:54,n_values_equal\n_values_048bit.txt
210531815336413,48,3,60,FOUND,13932697,15110629,2801,0,16510618883249653518,104458613770923,85546312788009,2104600,2104.6,2.1046,0.0021046,2026-02-17 12:05:54,2026-02-17 12:05:54,n_values_equal\n_values_048bit.txt
163322702043673,48,1,60,FOUND,10949639,14915807,1370,0,10688947163537086017,10780903163480,119862218719132,1070300,1070.3,1.0703,0.0010703,2026-02-17 12:05:54,2026-02-17 12:05:54,n_values_equal\n_values_048bit.txt
163322702043673,48,2,60,FOUND,14915807,10949639,2656,0,8191107797553077466,105170432865390,6214701489719,2020800,2020.8,2.0208,0.0020208,2026-02-17 12:05:54,2026-02-17 12:05:54,n_values_equal\n_values_048bit.txt
163322702043673,48,3,60,FOUND,10949639,14915807,2215,0,7482054377923661451,63836676789989,84557913340983,1674300,1674.3,1.6743,0.0016743,2026-02-17 12:05:54,2026-02-17 12:05:54,n_values_equal\n_values_048bit.txt
215137564882297,48,1,60,FOUND,16062883,13393459,5436,0,12314863958203696038,142476975248096,54571700983181,4918500,4918.5,4.9185,0.0049185,2026-02-17 12:05:54,2026-02-17 12:05:54,n_values_equal\n_values_048bit.txt
215137564882297,48,2,60,FOUND,13393459,16062883,946,0,4934965316920904535,18234751892199,121835750212370,1162000,1162.0,1.162,0.001162,2026-02-17 12:05:54,2026-02-17 12:05:54,n_values_equal\n_values_048bit.txt
215137564882297,48,3,60,FOUND,13393459,16062883,5178,0,11111971642865891569,185638958965839,118524439438116,4628100,4628.1,4.6281,0.0046281,2026-02-17 12:05:54,2026-02-17 12:05:54,n_values_equal\n_values_048bit.txt
159505810116197,48,1,60,FOUND,11255917,14170841,1668,0,13653563299157786214,28120095141171,139951224909447,1281600,1281.6,1.2816,0.0012816,2026-02-17 12:05:54,2026-02-17 12:05:54,n_values_equal\n_values_048bit.txt
159505810116197,48,2,60,FOUND,11255917,14170841,1271,0,2697317724769471577,39037239214125,31411405113708,963900,963.9,0.9639,0.0009639,2026-02-17 12:05:54,2026-02-17 12:05:54,n_values_equal\n_values_048bit.txt
159505810116197,48,3,60,FOUND,11255917,14170841,1752,0,1413607489734018291,62751148524074,108296582332514,1341900,1341.9,1.3419,0.0013419,2026-02-17 12:05:54,2026-02-17 12:05:54,n_values_equal\n_values_048bit.txt
173065014993307,48,1,60,FOUND,10703977,16168291,2421,0,13247883368704569443,18989549677735,132463368470698,1820000,1820.0,1.82,0.00182,2026-02-17 12:05:54,2026-02-17 12:05:54,n_values_equal\n_values_048bit.txt
173065014993307,48,2,60,FOUND,10703977,16168291,1072,0,4044163690675727778,144973189822060,14864598064022,820500,820.5,0.8205,0.0008205,2026-02-17 12:05:54,2026-02-17 12:05:54,n_values_equal\n_values_048bit.txt
173065014993307,48,3,60,FOUND,16168291,10703977,2876,0,12045739678076608623,79729744710097,3092483116068,2305900,2305.9,2.3059,0.0023059,2026-02-17 12:05:54,2026-02-17 12:05:54,n_values_equal\n_values_048bit.txt
201062955756827,48,1,60,FOUND,13264379,15158113,278,0,16103691826783357106,137183980875113,174351786466816,339800,339.8,0.3398,0.0003398,2026-02-17 12:05:54,2026-02-17 12:05:54,n_values_equal\n_values_048bit.txt
201062955756827,48,2,60,FOUND,15158113,13264379,2267,0,7390710070096373322,172637178537771,88212560023738,1646000,1646.0,1.646,0.001646,2026-02-17 12:05:54,2026-02-17 12:05:54,n_values_equal\n_values_048bit.txt
201062955756827,48,3,60,FOUND,13264379,15158113,904,0,7383511926510756095,168763683487150,50744028657193,692800,692.8,0.6928,0.0006928,2026-02-17 12:05:54,2026-02-17 12:05:54,n_values_equal\n_values_048bit.txt
255077572532953,48,1,60,FOUND,16408891,15545083,2100,0,7415284183554626897,13828810804870,192253432304158,1695600,1695.6,1.6956,0.0016956,2026-02-17 12:05:54,2026-02-17 12:05:54,n_values_equal\n_values_048bit.txt
255077572532953,48,2,60,FOUND,15545083,16408891,5022,0,10248357334048156575,247855754390409,40022541015500,3800200,3800.2,3.8002,0.0038002,2026-02-17 12:05:54,2026-02-17 12:05:54,n_values_equal\n_values_048bit.txt
255077572532953,48,3,60,FOUND,16408891,15545083,651,0,17527378864328740823,154279995847618,118290987737284,496700,496.7,0.4967,0.0004967,2026-02-17 12:05:54,2026-02-17 12:05:54,n_values_equal\n_values_048bit.txt
184668274467967,48,1,60,FOUND,13142743,14050969,4923,0,15576545230221757690,90443182707974,131554858701662,3774400,3774.4,3.7744,0.0037744,2026-02-17 12:05:54,2026-02-17 12:05:54,n_values_equal\n_values_048bit.txt
184668274467967,48,2,60,FOUND,13142743,14050969,2622,0,5112927132393745298,106641575563319,94107786366642,1944100,1944.1,1.9441,0.0019441,2026-02-17 12:05:54,2026-02-17 12:05:54,n_values_equal\n_values_048bit.txt
184668274467967,48,3,60,FOUND,14050969,13142743,4340,0,3067150689978586115,31068330312098,58612393205884,3718600,3718.6,3.7186,0.0037186,2026-02-17 12:05:54,2026-02-17 12:05:54,n_values_equal\n_values_048bit.txt
3483648322291141,52,1,60,FOUND,55071073,63257317,7489,0,7880806825161751009,1741419194591935,702082635172569,7491300,7491.3,7.4913,0.0074913,2026-02-17 12:05:54,2026-02-17 12:05:54,n_values_equal\n_values_052bit.txt
3483648322291141,52,2,60,FOUND,63257317,55071073,1429,0,782832565412276209,1116678980801920,1243928738780115,1643300,1643.3,1.6433,0.0016433,2026-02-17 12:05:54,2026-02-17 12:05:54,n_values_equal\n_values_052bit.txt
3483648322291141,52,3,60,FOUND,55071073,63257317,3296,0,5253578775688410890,2544837021085893,1636941641555270,3946400,3946.4,3.9464,0.0039464,2026-02-17 12:05:54,2026-02-17 12:05:54,n_values_equal\n_values_052bit.txt
3405814831548583,52,1,60,FOUND,66535939,51187597,6560,0,11672531532997894239,642415006216942,243343059988180,6362600,6362.6,6.3626,0.0063626,2026-02-17 12:05:54,2026-02-17 12:05:54,n_values_equal\n_values_052bit.txt
3405814831548583,52,2,60,FOUND,66535939,51187597,4242,0,14092892614643818673,658078427040171,254966675966335,3079000,3079.0,3.079,0.003079,2026-02-17 12:05:54,2026-02-17 12:05:54,n_values_equal\n_values_052bit.txt
3405814831548583,52,3,60,FOUND,51187597,66535939,4691,0,288774880407030598,3199908960122988,2784665900081875,3471200,3471.2,3.4712,0.0034712,2026-02-17 12:05:54,2026-02-17 12:05:54,n_values_equal\n_values_052bit.txt
2720894186765453,52,1,60,FOUND,57099149,47652097,6080,0,8878406909721859472,168502833850743,639355768339079,4736400,4736.4,4.7364,0.0047364,2026-02-17 12:05:54,2026-02-17 12:05:54,n_values_equal\n_values_052bit.txt
2720894186765453,52,2,60,FOUND,47652097,57099149,2689,0,10950830435221591741,1697033241282553,1022897078713879,2049600,2049.6,2.0496,0.0020496,2026-02-17 12:05:54,2026-02-17 12:05:54,n_values_equal\n_values_052bit.txt
2720894186765453,52,3,60,FOUND,57099149,47652097,5727,0,16297836316927148491,1859306441527219,457766567477773,4376600,4376.6,4.3766,0.0043766,2026-02-17 12:05:54,2026-02-17 12:05:54,n_values_equal\n_values_052bit.txt
3053988422755289,52,1,60,FOUND,49060877,62248957,9842,0,17089351909209713934,1532824801493158,1643879071655281,7303000,7303.0,7.303,0.007303,2026-02-17 12:05:54,2026-02-17 12:05:54,n_values_equal\n_values_052bit.txt
3053988422755289,52,2,60,FOUND,49060877,62248957,4281,0,14588963651191801344,156061826660612,3001463566588290,3183300,3183.3,3.1833,0.0031833,2026-02-17 12:05:54,2026-02-17 12:05:54,n_values_equal\n_values_052bit.txt
3053988422755289,52,3,60,FOUND,49060877,62248957,1293,0,7579999072299976234,1847577986758460,1492648833514329,984700,984.7,0.9847,0.0009847,2026-02-17 12:05:54,2026-02-17 12:05:54,n_values_equal\n_values_052bit.txt
3963601494436217,52,1,60,FOUND,60098419,65951843,5220,0,3178437731682458087,67627852987453,2848570440260213,3920900,3920.9,3.9209,0.0039209,2026-02-17 12:05:54,2026-02-17 12:05:54,n_values_equal\n_values_052bit.txt
3963601494436217,52,2,60,FOUND,60098419,65951843,4806,0,1508230709589863612,3407932062761803,490772659575529,3667100,3667.1,3.6671,0.0036671,2026-02-17 12:05:54,2026-02-17 12:05:54,n_values_equal\n_values_052bit.txt
3963601494436217,52,3,60,FOUND,60098419,65951843,7156,0,4152967792259116751,716482123666429,2555913999072123,5423800,5423.8,5.4238,0.0054238,2026-02-17 12:05:54,2026-02-17 12:05:54,n_values_equal\n_values_052bit.txt
3071985007803539,52,1,60,FOUND,47843371,64209209,3120,0,9346429200291339768,750080497214407,2403054758077095,2483200,2483.2,2.4832,0.0024832,2026-02-17 12:05:54,2026-02-17 12:05:54,n_values_equal\n_values_052bit.txt
3071985007803539,52,2,60,FOUND,64209209,47843371,12124,0,6435827415495663128,2529711798739526,2545559859163935,9301400,9301.4,9.3014,0.0093014,2026-02-17 12:05:54,2026-02-17 12:05:54,n_values_equal\n_values_052bit.txt
3071985007803539,52,3,60,FOUND,47843371,64209209,3276,0,3543310412746269989,982144018491466,2676104817284620,4123400,4123.4,4.1234,0.0041234,2026-02-17 12:05:54,2026-02-17 12:05:54,n_values_equal\n_values_052bit.txt
2882696092633151,52,1,60,FOUND,51440567,56039353,486,0,17341915101408699079,189564629788331,1446330611484696,569800,569.8,0.5698,0.0005698,2026-02-17 12:05:54,2026-02-17 12:05:54,n_values_equal\n_values_052bit.txt
2882696092633151,52,2,60,FOUND,56039353,51440567,5970,0,11582908618927749619,1340951417097342,1375219670749695,5421800,5421.8,5.4218,0.0054218,2026-02-17 12:05:54,2026-02-17 12:05:54,n_values_equal\n_values_052bit.txt
2882696092633151,52,3,60,FOUND,56039353,51440567,3159,0,1683667830755638954,1433613986355842,1912984295037221,2302600,2302.6,2.3026,0.0023026,2026-02-17 12:05:54,2026-02-17 12:05:54,n_values_equal\n_values_052bit.txt
2915513407476233,52,1,60,FOUND,49244893,59204381,1954,0,587610915127354729,2717634083899583,1323774920580668,1430200,1430.2,1.4302,0.0014302,2026-02-17 12:05:54,2026-02-17 12:05:54,n_values_equal\n_values_052bit.txt
2915513407476233,52,2,60,FOUND,59204381,49244893,8944,0,10693754640766699601,1596493434134888,2882099919674423,7905500,7905.5,7.9055,0.0079055,2026-02-17 12:05:54,2026-02-17 12:05:54,n_values_equal\n_values_052bit.txt
2915513407476233,52,3,60,FOUND,59204381,49244893,2400,0,4967173807932068046,1915076500792070,970130234320292,1898500,1898.5,1.8985,0.0018985,2026-02-17 12:05:54,2026-02-17 12:05:54,n_values_equal\n_values_052bit.txt
2519912315304529,52,1,60,FOUND,52943413,47596333,3233,0,4384739466712390710,250306171206485,1640992988937239,2453300,2453.3,2.4533,0.0024533,2026-02-17 12:05:54,2026-02-17 12:05:54,n_values_equal\n_values_052bit.txt
2519912315304529,52,2,60,FOUND,47596333,52943413,1900,0,4167748195908858489,1044382524487915,1780256771274685,1371700,1371.7,1.3717,0.0013717,2026-02-17 12:05:54,2026-02-17 12:05:54,n_values_equal\n_values_052bit.txt
2519912315304529,52,3,60,FOUND,47596333,52943413,3345,0,15490531919236632838,2491732904239454,1282783950658037,2485600,2485.6,2.4856,0.0024856,2026-02-17 12:05:54,2026-02-17 12:05:54,n_values_equal\n_values_052bit.txt
3048850487438291,52,1,60,FOUND,53880971,56584921,3795,0,5611454256645382633,83005732450824,2587249059096421,2676100,2676.1,2.6761,0.0026761,2026-02-17 12:05:54,2026-02-17 12:05:54,n_values_equal\n_values_052bit.txt
3048850487438291,52,2,60,FOUND,53880971,56584921,3107,0,9350305718555717059,2185772024753932,2573043020566241,2254300,2254.3,2.2543,0.0022543,2026-02-17 12:05:54,2026-02-17 12:05:54,n_values_equal\n_values_052bit.txt
3048850487438291,52,3,60,FOUND,53880971,56584921,3913,0,16661747176762996113,782286817662495,1846725710286010,4519000,4519.0,4.519,0.004519,2026-02-17 12:05:54,2026-02-17 12:05:54,n_values_equal\n_values_052bit.txt
2702452279177901,52,1,60,FOUND,61472987,43961623,8168,0,10965337515697978278,2683881863614412,2468214180241076,6517500,6517.5,6.5175,0.0065175,2026-02-17 12:05:54,2026-02-17 12:05:54,n_values_equal\n_values_052bit.txt
2702452279177901,52,2,60,FOUND,43961623,61472987,6433,0,17725746914367314505,205270216734381,338979382234552,4734200,4734.2,4.7342,0.0047342,2026-02-17 12:05:54,2026-02-17 12:05:54,n_values_equal\n_values_052bit.txt
2702452279177901,52,3,60,FOUND,43961623,61472987,6526,0,15465611015535153910,1829292047557481,2474043931605576,5594900,5594.9,5.5949,0.0055949,2026-02-17 12:05:54,2026-02-17 12:05:54,n_values_equal\n_values_052bit.txt
3299753494960453,52,1,60,FOUND,54064957,61033129,3745,0,13511660192702727086,387615830751122,337370893502865,2731100,2731.1,2.7311,0.0027311,2026-02-17 12:05:54,2026-02-17 12:05:54,n_values_equal\n_values_052bit.txt
3299753494960453,52,2,60,FOUND,54064957,61033129,3883,0,5321276319902616062,2075973267050625,2419851044353042,2957300,2957.3,2.9573,0.0029573,2026-02-17 12:05:54,2026-02-17 12:05:54,n_values_equal\n_values_052bit.txt
3299753494960453,52,3,60,FOUND,54064957,61033129,7354,0,18402474373407977499,213130989738000,327226086637421,5402600,5402.6,5.4026,0.0054026,2026-02-17 12:05:54,2026-02-17 12:05:54,n_values_equal\n_values_052bit.txt
3209766114149083,52,1,60,FOUND,54061811,59372153,4988,0,4307168372735376627,1291385574771051,42271560312297,3715400,3715.4,3.7154,0.0037154,2026-02-17 12:05:54,2026-02-17 12:05:54,n_values_equal\n_values_052bit.txt
3209766114149083,52,2,60,FOUND,59372153,54061811,5391,0,4610143583756764255,124088206824186,1013223566888825,3865400,3865.4,3.8654,0.0038654,2026-02-17 12:05:54,2026-02-17 12:05:54,n_values_equal\n_values_052bit.txt
3209766114149083,52,3,60,FOUND,54061811,59372153,10392,0,7890511762124526193,700923878604681,1720396864756222,9766900,9766.9,9.7669,0.0097669,2026-02-17 12:05:54,2026-02-17 12:05:54,n_values_equal\n_values_052bit.txt
2835429334801279,52,1,60,FOUND,43820393,64705703,2965,0,11888353892621540938,1576079463149681,1146303518991057,2246600,2246.6,2.2466,0.0022466,2026-02-17 12:05:54,2026-02-17 12:05:54,n_values_equal\n_values_052bit.txt
2835429334801279,52,2,60,FOUND,64705703,43820393,3597,0,14845893699091279748,1680299581984449,1196210436084929,2542400,2542.4,2.5424,0.0025424,2026-02-17 12:05:54,2026-02-17 12:05:54,n_values_equal\n_values_052bit.txt
2835429334801279,52,3,60,FOUND,43820393,64705703,1698,0,9595733060718906157,2828541219070814,1157308700619722,1197100,1197.1,1.1971,0.0011971,2026-02-17 12:05:54,2026-02-17 12:05:54,n_values_equal\n_values_052bit.txt
2886353681546089,52,1,60,FOUND,65229259,44249371,2936,0,12401715031037522923,673802617299888,177268020573701,2231500,2231.5,2.2315,0.0022315,2026-02-17 12:05:54,2026-02-17 12:05:54,n_values_equal\n_values_052bit.txt
2886353681546089,52,2,60,FOUND,65229259,44249371,5892,0,11923073814067903781,486183874068200,833868382849667,4234800,4234.8,4.2348,0.0042348,2026-02-17 12:05:54,2026-02-17 12:05:54,n_values_equal\n_values_052bit.txt
2886353681546089,52,3,60,FOUND,65229259,44249371,6865,0,17225457131337202312,1076729084664879,1145470127835346,5205600,5205.6,5.2056,0.0052056,2026-02-17 12:05:54,2026-02-17 12:05:54,n_values_equal\n_values_052bit.txt
2672743288192771,52,1,60,FOUND,46327901,57691871,2292,0,10371787200252175177,86832156165541,2440814432954276,1667600,1667.6,1.6676,0.0016676,2026-02-17 12:05:54,2026-02-17 12:05:54,n_values_equal\n_values_052bit.txt
2672743288192771,52,2,60,FOUND,46327901,57691871,11541,0,4194681215800886618,1045971997720853,826071906579078,8323000,8323.0,8.323,0.008323,2026-02-17 12:05:54,2026-02-17 12:05:54,n_values_equal\n_values_052bit.txt
2672743288192771,52,3,60,FOUND,57691871,46327901,10092,0,9849339699106425121,1063616432310834,1072443589674993,7513600,7513.6,7.5136,0.0075136,2026-02-17 12:05:54,2026-02-17 12:05:54,n_values_equal\n_values_052bit.txt
3604229486662067,52,1,60,FOUND,56212103,64118389,10932,0,9650235253384785156,64778061117720,1169522539537016,8251600,8251.6,8.2516,0.0082516,2026-02-17 12:05:54,2026-02-17 12:05:54,n_values_equal\n_values_052bit.txt
3604229486662067,52,2,60,FOUND,56212103,64118389,2050,0,2888764081017006397,2103356775810990,1766029297798505,1502900,1502.9,1.5029,0.0015029,2026-02-17 12:05:54,2026-02-17 12:05:54,n_values_equal\n_values_052bit.txt
3604229486662067,52,3,60,FOUND,56212103,64118389,2652,0,10099273986683848124,2054783860931259,1127260521477594,1948100,1948.1,1.9481,0.0019481,2026-02-17 12:05:54,2026-02-17 12:05:54,n_values_equal\n_values_052bit.txt
3259747916085917,52,1,60,FOUND,65734079,49589923,1932,0,13539804104541614952,278718758956686,2264109704222895,1429300,1429.3,1.4293,0.0014293,2026-02-17 12:05:54,2026-02-17 12:05:54,n_values_equal\n_values_052bit.txt
3259747916085917,52,2,60,FOUND,49589923,65734079,7834,0,6879873078860673178,1925002451592834,1402277950405803,5984700,5984.7,5.9847,0.0059847,2026-02-17 12:05:54,2026-02-17 12:05:54,n_values_equal\n_values_052bit.txt
3259747916085917,52,3,60,FOUND,49589923,65734079,4591,0,17492301002543842004,3119854679106321,2904058999471017,3345100,3345.1,3.3451,0.0033451,2026-02-17 12:05:54,2026-02-17 12:05:54,n_values_equal\n_values_052bit.txt
2922810340393129,52,1,60,FOUND,56644271,51599399,3360,0,9507465983076839566,2155898768155588,2010369878269233,2430000,2430.0,2.43,0.00243,2026-02-17 12:05:54,2026-02-17 12:05:54,n_values_equal\n_values_052bit.txt
2922810340393129,52,2,60,FOUND,51599399,56644271,6204,0,1987724744229755651,511777777359873,264477407284904,4409400,4409.4,4.4094,0.0044094,2026-02-17 12:05:54,2026-02-17 12:05:54,n_values_equal\n_values_052bit.txt
2922810340393129,52,3,60,FOUND,56644271,51599399,15210,0,11272531409732488244,1300467309099473,553146810383292,13117900,13117.9,13.1179,0.0131179,2026-02-17 12:05:54,2026-02-17 12:05:54,n_values_equal\n_values_052bit.txt
2562042275497561,52,1,60,FOUND,40485539,63282899,4322,0,512679627473302790,1833859134675407,1908617264909796,3145700,3145.7,3.1457,0.0031457,2026-02-17 12:05:54,2026-02-17 12:05:54,n_values_equal\n_values_052bit.txt
2562042275497561,52,2,60,FOUND,40485539,63282899,6003,0,9236493936991870925,1822575741566819,865281342189366,5867400,5867.4,5.8674,0.0058674,2026-02-17 12:05:54,2026-02-17 12:05:54,n_values_equal\n_values_052bit.txt
2562042275497561,52,3,60,FOUND,40485539,63282899,2217,0,5970508790968579754,692631480030864,2328990420101636,1711500,1711.5,1.7115,0.0017115,2026-02-17 12:05:54,2026-02-17 12:05:54,n_values_equal\n_values_052bit.txt
2654500605502643,52,1,60,FOUND,42157289,62966587,2864,0,18411491520033614648,2582838178887111,1055365590495749,2125700,2125.7,2.1257,0.0021257,2026-02-17 12:05:54,2026-02-17 12:05:54,n_values_equal\n_values_052bit.txt
2654500605502643,52,2,60,FOUND,42157289,62966587,3588,0,16771191258609044906,2152261591537029,267091055894779,2734100,2734.1,2.7341,0.0027341,2026-02-17 12:05:54,2026-02-17 12:05:54,n_values_equal\n_values_052bit.txt
2654500605502643,52,3,60,FOUND,62966587,42157289,8246,0,1771693718097822355,2558086177706115,1492192486844578,5963200,5963.2,5.9632,0.0059632,2026-02-17 12:05:54,2026-02-17 12:05:54,n_values_equal\n_values_052bit.txt
2559846747935227,52,1,60,FOUND,44386411,57671857,374,0,1530188679526749819,2321837319453388,1132050051648432,592200,592.2,0.5922,0.0005922,2026-02-17 12:05:54,2026-02-17 12:05:54,n_values_equal\n_values_052bit.txt
2559846747935227,52,2,60,FOUND,44386411,57671857,4105,0,17025310538550710323,2473978732486194,1547562671348268,2940200,2940.2,2.9402,0.0029402,2026-02-17 12:05:54,2026-02-17 12:05:54,n_values_equal\n_values_052bit.txt
2559846747935227,52,3,60,FOUND,57671857,44386411,11335,0,16454831334607107611,294742407752442,2212018891029837,8134100,8134.1,8.1341,0.0081341,2026-02-17 12:05:54,2026-02-17 12:05:54,n_values_equal\n_values_052bit.txt
3088225413969373,52,1,60,FOUND,56644813,54519121,3336,0,3055178658725129198,1160631968399179,2914788268747521,2347400,2347.4,2.3474,0.0023474,2026-02-17 12:05:54,2026-02-17 12:05:54,n_values_equal\n_values_052bit.txt
3088225413969373,52,2,60,FOUND,54519121,56644813,1668,0,5472321095483524027,1901573898980331,1645211277180293,1198200,1198.2,1.1982,0.0011982,2026-02-17 12:05:54,2026-02-17 12:05:54,n_values_equal\n_values_052bit.txt
3088225413969373,52,3,60,FOUND,56644813,54519121,6099,0,11069314704920333458,226634604636215,2568401326029893,4690700,4690.7,4.6907,0.0046907,2026-02-17 12:05:54,2026-02-17 12:05:54,n_values_equal\n_values_052bit.txt
3965581003623529,52,1,60,FOUND,63688237,62265517,6014,0,7015667684327562060,3568442196575990,3088145782469074,4260500,4260.5,4.2605,0.0042605,2026-02-17 12:05:54,2026-02-17 12:05:54,n_values_equal\n_values_052bit.txt
3965581003623529,52,2,60,FOUND,62265517,63688237,4562,0,16650062187877627575,3642518730881330,2634598690012999,3245300,3245.3,3.2453,0.0032453,2026-02-17 12:05:54,2026-02-17 12:05:54,n_values_equal\n_values_052bit.txt
3965581003623529,52,3,60,FOUND,63688237,62265517,1893,0,9114356706434664747,1689416625822677,1145262226044002,1403100,1403.1,1.4031,0.0014031,2026-02-17 12:05:54,2026-02-17 12:05:54,n_values_equal\n_values_052bit.txt
3596448308627477,52,1,60,FOUND,53912609,66708853,12016,0,1502450023343589853,2424705587306932,2188070328440528,10003200,10003.2,10.0032,0.0100032,2026-02-17 12:05:54,2026-02-17 12:05:54,n_values_equal\n_values_052bit.txt
3596448308627477,52,2,60,FOUND,66708853,53912609,6034,0,17388760500212649280,2241507351922422,1198691033688478,4630800,4630.8,4.6308,0.0046308,2026-02-17 12:05:54,2026-02-17 12:05:54,n_values_equal\n_values_052bit.txt
3596448308627477,52,3,60,FOUND,53912609,66708853,7085,0,12490950882244363218,2587940850964440,1135692300179324,5762100,5762.1,5.7621,0.0057621,2026-02-17 12:05:54,2026-02-17 12:05:54,n_values_equal\n_values_052bit.txt
57439439713562509,56,1,60,FOUND,244740887,234694907,15433,0,10897932505419266605,41944135679537345,31394692298282014,11715800,11715.8,11.7158,0.0117158,2026-02-17 12:05:54,2026-02-17 12:05:54,n_values_equal\n_values_056bit.txt
57439439713562509,56,2,60,FOUND,234694907,244740887,6527,0,1558511945773431312,8842855446170200,33319501139561120,5024000,5024.0,5.024,0.005024,2026-02-17 12:05:54,2026-02-17 12:05:54,n_values_equal\n_values_056bit.txt
57439439713562509,56,3,60,FOUND,234694907,244740887,6396,0,10551175757022937890,7802861172081469,26825061395077510,4781800,4781.8,4.7818,0.0047818,2026-02-17 12:05:54,2026-02-17 12:05:54,n_values_equal\n_values_056bit.txt
49230274896394777,56,1,60,FOUND,184739761,266484457,5844,0,11704332234159050790,24694380070746611,1637620425992955,4591000,4591.0,4.591,0.004591,2026-02-17 12:05:54,2026-02-17 12:05:54,n_values_equal\n_values_056bit.txt
49230274896394777,56,2,60,FOUND,184739761,266484457,3150,0,13578146447262400051,45017438361665497,47652913370450130,3896700,3896.7,3.8967,0.0038967,2026-02-17 12:05:54,2026-02-17 12:05:54,n_values_equal\n_values_056bit.txt
49230274896394777,56,3,60,FOUND,266484457,184739761,7857,0,13331199247827653312,13296979989452719,40539551496083338,6967000,6967.0,6.967,0.006967,2026-02-17 12:05:54,2026-02-17 12:05:54,n_values_equal\n_values_056bit.txt
38214786894646727,56,1,60,FOUND,156420107,244308661,20202,0,1544182125538642740,27097168193503274,31056796348778421,16258300,16258.3,16.2583,0.0162583,2026-02-17 12:05:54,2026-02-17 12:05:54,n_values_equal\n_values_056bit.txt
38214786894646727,56,2,60,FOUND,156420107,244308661,10680,0,12976727876289134176,26043275316392165,14602709702005250,8192900,8192.9,8.1929,0.0081929,2026-02-17 12:05:54,2026-02-17 12:05:54,n_values_equal\n_values_056bit.txt
38214786894646727,56,3,60,FOUND,244308661,156420107,9819,0,11752841520986184639,27971806215316936,10681922269952580,11454600,11454.6,11.4546,0.0114546,2026-02-17 12:05:54,2026-02-17 12:05:54,n_values_equal\n_values_056bit.txt
41975704182785827,56,1,60,FOUND,204597269,205162583,13202,0,16080947875670894487,804600928888023,7317108527140244,11464700,11464.7,11.4647,0.0114647,2026-02-17 12:05:54,2026-02-17 12:05:54,n_values_equal\n_values_056bit.txt
41975704182785827,56,2,60,FOUND,204597269,205162583,7758,0,9605604305736630386,19468141998955791,37998638980327976,6587100,6587.1,6.5871,0.0065871,2026-02-17 12:05:54,2026-02-17 12:05:54,n_values_equal\n_values_056bit.txt
41975704182785827,56,3,60,FOUND,205162583,204597269,2097,0,10826680290822482320,22951474436396191,6624319378614239,1640600,1640.6,1.6406,0.0016406,2026-02-17 12:05:54,2026-02-17 12:05:54,n_values_equal\n_values_056bit.txt
46977033121683389,56,1,60,FOUND,185220289,253627901,10313,0,12763364770826465139,32829010870849573,9705136884894825,9103400,9103.4,9.1034,0.0091034,2026-02-17 12:05:54,2026-02-17 12:05:54,n_values_equal\n_values_056bit.txt
46977033121683389,56,2,60,FOUND,185220289,253627901,7278,0,17333474470580014777,46390072986130822,20466949128426698,5972700,5972.7,5.9727,0.0059727,2026-02-17 12:05:54,2026-02-17 12:05:54,n_values_equal\n_values_056bit.txt
46977033121683389,56,3,60,FOUND,253627901,185220289,6064,0,582781558898688951,29191562818040664,46727640125376232,4781700,4781.7,4.7817,0.0047817,2026-02-17 12:05:54,2026-02-17 12:05:54,n_values_equal\n_values_056bit.txt
54403313381973923,56,1,60,FOUND,263412563,206532721,9160,0,14784984794049707738,16495811289145042,8966101945624222,6999100,6999.1,6.9991,0.0069991,2026-02-17 12:05:54,2026-02-17 12:05:54,n_values_equal\n_values_056bit.txt
54403313381973923,56,2,60,FOUND,206532721,263412563,15305,0,4168849905088771032,37523067759961883,15018612788585384,13044300,13044.3,13.0443,0.0130443,2026-02-17 12:05:54,2026-02-17 12:05:54,n_values_equal\n_values_056bit.txt
54403313381973923,56,3,60,FOUND,263412563,206532721,11939,0,17860291100934142453,19017368168832279,1436320064173302,9130500,9130.5,9.1305,0.0091305,2026-02-17 12:05:54,2026-02-17 12:05:54,n_values_equal\n_values_056bit.txt
47583963469357999,56,1,60,FOUND,179125519,265645921,11871,0,1132247219386241059,43899997917678585,31548786731664176,11399300,11399.3,11.3993,0.0113993,2026-02-17 12:05:54,2026-02-17 12:05:54,n_values_equal\n_values_056bit.txt
47583963469357999,56,2,60,FOUND,265645921,179125519,15670,0,3731411204167905270,43283863872641950,1891426578142916,12186800,12186.8,12.1868,0.0121868,2026-02-17 12:05:54,2026-02-17 12:05:54,n_values_equal\n_values_056bit.txt
47583963469357999,56,3,60,FOUND,265645921,179125519,6206,0,2690699046402748506,6350618346967178,2525241854421993,5632800,5632.8,5.6328,0.0056328,2026-02-17 12:05:54,2026-02-17 12:05:54,n_values_equal\n_values_056bit.txt
41019322418693161,56,1,60,FOUND,216432949,189524389,9866,0,1945965793204775155,12199730825036022,30147123522393345,7251900,7251.9,7.2519,0.0072519,2026-02-17 12:05:54,2026-02-17 12:05:54,n_values_equal\n_values_056bit.txt
41019322418693161,56,2,60,FOUND,216432949,189524389,23296,0,2879161585744130852,32425222422840124,8259475460984239,17835600,17835.6,17.8356,0.0178356,2026-02-17 12:05:54,2026-02-17 12:05:54,n_values_equal\n_values_056bit.txt
41019322418693161,56,3,60,FOUND,216432949,189524389,7122,0,15339210011735640311,27206664409202840,24631599486793873,5448000,5448.0,5.448,0.005448,2026-02-17 12:05:54,2026-02-17 12:05:54,n_values_equal\n_values_056bit.txt
37524498274402063,56,1,60,FOUND,183608263,204372601,7224,0,463243248950823905,26927481751007761,16090429309814050,5629200,5629.2,5.6292,0.0056292,2026-02-17 12:05:54,2026-02-17 12:05:54,n_values_equal\n_values_056bit.txt
37524498274402063,56,2,60,FOUND,204372601,183608263,9738,0,14662477336827090654,26684068684567516,28091988064416148,7639400,7639.4,7.6394,0.0076394,2026-02-17 12:05:54,2026-02-17 12:05:54,n_values_equal\n_values_056bit.txt
37524498274402063,56,3,60,FOUND,183608263,204372601,14023,0,3415044112249374958,37319630625756272,19574215340717340,10823200,10823.2,10.8232,0.0108232,2026-02-17 12:05:54,2026-02-17 12:05:54,n_values_equal\n_values_056bit.txt
45879063388876507,56,1,60,FOUND,196249367,233779421,6090,0,3081402484519407451,12645684421827387,17683778480541892,6695000,6695.0,6.695,0.006695,2026-02-17 12:05:54,2026-02-17 12:05:54,n_values_equal\n_values_056bit.txt
45879063388876507,56,2,60,FOUND,196249367,233779421,4205,0,6026389953172462541,11816961221760812,12269933234782518,5067500,5067.5,5.0675,0.0050675,2026-02-17 12:05:54,2026-02-17 12:05:54,n_values_equal\n_values_056bit.txt
45879063388876507,56,3,60,FOUND,196249367,233779421,3232,0,16713652309823303590,39411326079615285,6413423258305216,4462500,4462.5,4.4625,0.0044625,2026-02-17 12:05:54,2026-02-17 12:05:54,n_values_equal\n_values_056bit.txt
46201315558683619,56,1,60,FOUND,207459953,222699923,15292,0,15181494142422269340,9617255998930425,21624183742760576,13305400,13305.4,13.3054,0.0133054,2026-02-17 12:05:54,2026-02-17 12:05:54,n_values_equal\n_values_056bit.txt
46201315558683619,56,2,60,FOUND,222699923,207459953,6576,0,5337506307053729027,33231486745394064,44411737115475893,5104700,5104.7,5.1047,0.0051047,2026-02-17 12:05:54,2026-02-17 12:05:54,n_values_equal\n_values_056bit.txt
46201315558683619,56,3,60,FOUND,207459953,222699923,8374,0,6984563991205905629,21830324023559983,718220202127015,6346000,6346.0,6.346,0.006346,2026-02-17 12:05:54,2026-02-17 12:05:54,n_values_equal\n_values_056bit.txt
49552327033121911,56,1,60,FOUND,184866817,268043383,9449,0,13050533624547510661,18213148575241048,35954958985312323,7098000,7098.0,7.098,0.007098,2026-02-17 12:05:54,2026-02-17 12:05:54,n_values_equal\n_values_056bit.txt
49552327033121911,56,2,60,FOUND,184866817,268043383,12069,0,7960825008312236043,11314113840655860,35157903905909771,9457600,9457.6,9.4576,0.0094576,2026-02-17 12:05:54,2026-02-17 12:05:55,n_values_equal\n_values_056bit.txt
49552327033121911,56,3,60,FOUND,268043383,184866817,423,0,10955849832074459954,33883707180274143,15604389107995176,323800,323.8,0.3238,0.0003238,2026-02-17 12:05:55,2026-02-17 12:05:55,n_values_equal\n_values_056bit.txt
38708986727436913,56,1,60,FOUND,192149743,201452191,7568,0,14773092316925535223,32887234517497384,21233702785311088,5733200,5733.2,5.7332,0.0057332,2026-02-17 12:05:55,2026-02-17 12:05:55,n_values_equal\n_values_056bit.txt
38708986727436913,56,2,60,FOUND,201452191,192149743,4656,0,10558980377084850343,37930785173151338,3782321003270530,5328600,5328.6,5.3286,0.0053286,2026-02-17 12:05:55,2026-02-17 12:05:55,n_values_equal\n_values_056bit.txt
38708986727436913,56,3,60,FOUND,192149743,201452191,18067,0,9103462324617365141,25475365089425138,11998405879449805,14291700,14291.7,14.2917,0.0142917,2026-02-17 12:05:55,2026-02-17 12:05:55,n_values_equal\n_values_056bit.txt
48959194116560251,56,1,60,FOUND,265431587,184451273,5503,0,7725549744475227486,2378749095082417,2629624007776211,4248000,4248.0,4.248,0.004248,2026-02-17 12:05:55,2026-02-17 12:05:55,n_values_equal\n_values_056bit.txt
48959194116560251,56,2,60,FOUND,265431587,184451273,11186,0,14837594355957638159,43612966046457191,36746372215625076,9301500,9301.5,9.3015,0.0093015,2026-02-17 12:05:55,2026-02-17 12:05:55,n_values_equal\n_values_056bit.txt
48959194116560251,56,3,60,FOUND,265431587,184451273,2249,0,14135113837343359405,40300897685246244,47377201149121530,1675200,1675.2,1.6752,0.0016752,2026-02-17 12:05:55,2026-02-17 12:05:55,n_values_equal\n_values_056bit.txt
47938833667062229,56,1,60,FOUND,237924277,201487777,13876,0,18084362208830767078,34023092705604328,44761245845974509,11081400,11081.4,11.0814,0.0110814,2026-02-17 12:05:55,2026-02-17 12:05:55,n_values_equal\n_values_056bit.txt
47938833667062229,56,2,60,FOUND,237924277,201487777,4926,0,10685827604781527301,37341234511259378,35162245392009785,4528300,4528.3,4.5283,0.0045283,2026-02-17 12:05:55,2026-02-17 12:05:55,n_values_equal\n_values_056bit.txt
47938833667062229,56,3,60,FOUND,237924277,201487777,10363,0,12542485771577101302,34914881563948007,11691975050405314,10641400,10641.4,10.6414,0.0106414,2026-02-17 12:05:55,2026-02-17 12:05:55,n_values_equal\n_values_056bit.txt
36464842645412981,56,1,60,FOUND,211008059,172812559,12405,0,1005359366147314288,2658442483769030,2843793587211966,11851500,11851.5,11.8515,0.0118515,2026-02-17 12:05:55,2026-02-17 12:05:55,n_values_equal\n_values_056bit.txt
36464842645412981,56,2,60,FOUND,172812559,211008059,4999,0,1622248790363345910,14716498627195476,18672907508799956,5487400,5487.4,5.4874,0.0054874,2026-02-17 12:05:55,2026-02-17 12:05:55,n_values_equal\n_values_056bit.txt
36464842645412981,56,3,60,FOUND,172812559,211008059,7584,0,15895291090517561447,10745063569758900,28810934010149546,5851300,5851.3,5.8513,0.0058513,2026-02-17 12:05:55,2026-02-17 12:05:55,n_values_equal\n_values_056bit.txt
68578982882575199,56,1,60,FOUND,266252803,257570933,14346,0,7751982609768318189,22011533002446279,61082113555460618,13038100,13038.1,13.0381,0.0130381,2026-02-17 12:05:55,2026-02-17 12:05:55,n_values_equal\n_values_056bit.txt
68578982882575199,56,2,60,FOUND,257570933,266252803,13119,0,4791331839890280549,66216953163659618,35920553532381404,10744800,10744.8,10.7448,0.0107448,2026-02-17 12:05:55,2026-02-17 12:05:55,n_values_equal\n_values_056bit.txt
68578982882575199,56,3,60,FOUND,257570933,266252803,10939,0,11199188583714719033,49214822579246486,39070866475725385,8540300,8540.3,8.5403,0.0085403,2026-02-17 12:05:55,2026-02-17 12:05:55,n_values_equal\n_values_056bit.txt
50620258436206523,56,1,60,FOUND,224034557,225948439,3654,0,2083291009763655547,9319565538369275,2415364430526271,3057900,3057.9,3.0579,0.0030579,2026-02-17 12:05:55,2026-02-17 12:05:55,n_values_equal\n_values_056bit.txt
50620258436206523,56,2,60,FOUND,225948439,224034557,14580,0,16989985968169253046,38154439958601452,6086392730721028,13479900,13479.9,13.4799,0.0134799,2026-02-17 12:05:55,2026-02-17 12:05:55,n_values_equal\n_values_056bit.txt
50620258436206523,56,3,60,FOUND,224034557,225948439,12404,0,11599964325584266926,28416135863780940,242711836969709,10143400,10143.4,10.1434,0.0101434,2026-02-17 12:05:55,2026-02-17 12:05:55,n_values_equal\n_values_056bit.txt
37520752530313237,56,1,60,FOUND,158321717,236990561,4662,0,3025166971642000184,806869146771187,14860672285558926,3651200,3651.2,3.6512,0.0036512,2026-02-17 12:05:55,2026-02-17 12:05:55,n_values_equal\n_values_056bit.txt
37520752530313237,56,2,60,FOUND,158321717,236990561,10842,0,13295678100872616773,18468643959244393,32384970570828384,8790700,8790.7,8.7907,0.0087907,2026-02-17 12:05:55,2026-02-17 12:05:55,n_values_equal\n_values_056bit.txt
37520752530313237,56,3,60,FOUND,236990561,158321717,7802,0,8403681651858593443,36374829784079109,35669328956731721,6080400,6080.4,6.0804,0.0060804,2026-02-17 12:05:55,2026-02-17 12:05:55,n_values_equal\n_values_056bit.txt
48739987734636131,56,1,60,FOUND,189578971,257095961,12095,0,11022247948297444083,29076591573830348,19816492887379862,10496600,10496.6,10.4966,0.0104966,2026-02-17 12:05:55,2026-02-17 12:05:55,n_values_equal\n_values_056bit.txt
48739987734636131,56,2,60,FOUND,257095961,189578971,2757,0,8859885732293306084,16461299891194069,17013860047761337,2184500,2184.5,2.1845,0.0021845,2026-02-17 12:05:55,2026-02-17 12:05:55,n_values_equal\n_values_056bit.txt
48739987734636131,56,3,60,FOUND,257095961,189578971,13842,0,14771990816816869446,16115715576303835,12383381751977529,11319400,11319.4,11.3194,0.0113194,2026-02-17 12:05:55,2026-02-17 12:05:55,n_values_equal\n_values_056bit.txt
54131632150211227,56,1,60,FOUND,205358003,263596409,3034,0,14795831197286238570,8832377102000164,17922888063971604,3541800,3541.8,3.5418,0.0035418,2026-02-17 12:05:55,2026-02-17 12:05:55,n_values_equal\n_values_056bit.txt
54131632150211227,56,2,60,FOUND,263596409,205358003,6882,0,12053645393945031825,38704352770752964,32104262918849619,5551900,5551.9,5.5519,0.0055519,2026-02-17 12:05:55,2026-02-17 12:05:55,n_values_equal\n_values_056bit.txt
54131632150211227,56,3,60,FOUND,205358003,263596409,5384,0,2248591283839109129,43208762225087327,18520206364788876,4127500,4127.5,4.1275,0.0041275,2026-02-17 12:05:55,2026-02-17 12:05:55,n_values_equal\n_values_056bit.txt
43155500105104729,56,1,60,FOUND,165039913,261485233,12247,0,4219275155488001823,20402759076345339,23020745288426762,10468000,10468.0,10.468,0.010468,2026-02-17 12:05:55,2026-02-17 12:05:55,n_values_equal\n_values_056bit.txt
43155500105104729,56,2,60,FOUND,165039913,261485233,14520,0,15563855505693606273,42983627172683733,6381871671421420,13227400,13227.4,13.2274,0.0132274,2026-02-17 12:05:55,2026-02-17 12:05:55,n_values_equal\n_values_056bit.txt
43155500105104729,56,3,60,FOUND,165039913,261485233,4641,0,4110677218310688190,6841737497390678,6585053415980141,4555600,4555.6,4.5556,0.0045556,2026-02-17 12:05:55,2026-02-17 12:05:55,n_values_equal\n_values_056bit.txt
36172095964075333,56,1,60,FOUND,246965489,146466197,8032,0,1196868250779014425,2765475230469860,10564471923226345,8294900,8294.9,8.2949,0.0082949,2026-02-17 12:05:55,2026-02-17 12:05:55,n_values_equal\n_values_056bit.txt
36172095964075333,56,2,60,FOUND,146466197,246965489,9441,0,3968002275187958793,18996093500497619,21060662928608176,11300900,11300.9,11.3009,0.0113009,2026-02-17 12:05:55,2026-02-17 12:05:55,n_values_equal\n_values_056bit.txt
36172095964075333,56,3,60,FOUND,146466197,246965489,11566,0,16070278248049853803,20530680255984792,15909351290975183,9189300,9189.3,9.1893,0.0091893,2026-02-17 12:05:55,2026-02-17 12:05:55,n_values_equal\n_values_056bit.txt
37111083812050453,56,1,60,FOUND,166056923,223484111,7424,0,8007978212578611682,1495055380646794,21652708234647797,5845100,5845.1,5.8451,0.0058451,2026-02-17 12:05:55,2026-02-17 12:05:55,n_values_equal\n_values_056bit.txt
37111083812050453,56,2,60,FOUND,166056923,223484111,18088,0,11846213701444109016,15848676001578066,10214468190452749,14114000,14114.0,14.114,0.014114,2026-02-17 12:05:55,2026-02-17 12:05:55,n_values_equal\n_values_056bit.txt
37111083812050453,56,3,60,FOUND,223484111,166056923,288,0,12935537849360723402,32464215590027153,16767613182732343,228900,228.9,0.2289,0.0002289,2026-02-17 12:05:55,2026-02-17 12:05:55,n_values_equal\n_values_056bit.txt
49717905213378343,56,1,60,FOUND,238903103,208109081,2934,0,14382819589368487619,39575437371998733,4561877377640679,2366700,2366.7,2.3667,0.0023667,2026-02-17 12:05:55,2026-02-17 12:05:55,n_values_equal\n_values_056bit.txt
49717905213378343,56,2,60,FOUND,208109081,238903103,10496,0,2628114290906020894,42518331080065035,5412621909358837,8346600,8346.6,8.3466,0.0083466,2026-02-17 12:05:55,2026-02-17 12:05:55,n_values_equal\n_values_056bit.txt
49717905213378343,56,3,60,FOUND,238903103,208109081,12738,0,4508666030595585135,48761076790592130,16382111985419776,9750700,9750.7,9.7507,0.0097507,2026-02-17 12:05:55,2026-02-17 12:05:55,n_values_equal\n_values_056bit.txt
597829995932403877,60,1,60,FOUND,858258853,696561409,11778,0,508283085143771487,490744984502841139,188556374905410150,11176300,11176.3,11.1763,0.0111763,2026-02-17 12:05:55,2026-02-17 12:05:55,n_values_equal\n_values_060bit.txt
597829995932403877,60,2,60,FOUND,858258853,696561409,15674,0,8600448141389561475,22759241313815820,148305412161520617,13366300,13366.3,13.3663,0.0133663,2026-02-17 12:05:55,2026-02-17 12:05:55,n_values_equal\n_values_060bit.txt
597829995932403877,60,3,60,FOUND,858258853,696561409,20990,0,13697333251161336980,356794695708757291,586828090919668050,17436400,17436.4,17.4364,0.0174364,2026-02-17 12:05:55,2026-02-17 12:05:55,n_values_equal\n_values_060bit.txt
949394768691512489,60,1,60,FOUND,1059803027,895821907,33461,0,3897016152019052853,64633799203151013,442341625069573460,26194300,26194.3,26.1943,0.0261943,2026-02-17 12:05:55,2026-02-17 12:05:55,n_values_equal\n_values_060bit.txt
949394768691512489,60,2,60,FOUND,895821907,1059803027,15930,0,14119913016540950420,290488219236669944,186706634878239657,16578300,16578.3,16.5783,0.0165783,2026-02-17 12:05:55,2026-02-17 12:05:55,n_values_equal\n_values_060bit.txt
949394768691512489,60,3,60,FOUND,895821907,1059803027,19175,0,12469606002620831027,873187799428196025,948113667942724368,15698300,15698.3,15.6983,0.0156983,2026-02-17 12:05:55,2026-02-17 12:05:55,n_values_equal\n_values_060bit.txt
685208407240354163,60,1,60,FOUND,670574111,1021823533,6704,0,7160852281760662976,662073383295573026,626996470058720542,5694100,5694.1,5.6941,0.0056941,2026-02-17 12:05:55,2026-02-17 12:05:55,n_values_equal\n_values_060bit.txt
685208407240354163,60,2,60,FOUND,670574111,1021823533,27753,0,10067563019091241479,275022270370849430,612648349447435095,23643400,23643.4,23.6434,0.0236434,2026-02-17 12:05:55,2026-02-17 12:05:55,n_values_equal\n_values_060bit.txt
685208407240354163,60,3,60,FOUND,670574111,1021823533,16758,0,4664683936774031789,616174189273830794,69853632378906430,14307000,14307.0,14.307,0.014307,2026-02-17 12:05:55,2026-02-17 12:05:55,n_values_equal\n_values_060bit.txt
665048628310614833,60,1,60,FOUND,664352389,1001047997,31948,0,14129399208171011557,171134669800880015,328509340218524409,27260200,27260.2,27.2602,0.0272602,2026-02-17 12:05:55,2026-02-17 12:05:55,n_values_equal\n_values_060bit.txt
665048628310614833,60,2,60,FOUND,664352389,1001047997,22992,0,3474350832854549005,526199240660103982,15507610089387633,18826500,18826.5,18.8265,0.0188265,2026-02-17 12:05:55,2026-02-17 12:05:55,n_values_equal\n_values_060bit.txt
665048628310614833,60,3,60,FOUND,664352389,1001047997,5736,0,18327609208948251752,590341523805508025,302242690666806675,4331900,4331.9,4.3319,0.0043319,2026-02-17 12:05:55,2026-02-17 12:05:55,n_values_equal\n_values_060bit.txt
919848272385496067,60,1,60,FOUND,959602003,958572689,4362,0,15972291272582947359,300599786902354134,302526065507217431,3813300,3813.3,3.8133,0.0038133,2026-02-17 12:05:55,2026-02-17 12:05:55,n_values_equal\n_values_060bit.txt
919848272385496067,60,2,60,FOUND,959602003,958572689,27231,0,15129455524026850043,631819756560584899,467527049122988605,23099000,23099.0,23.099,0.023099,2026-02-17 12:05:55,2026-02-17 12:05:55,n_values_equal\n_values_060bit.txt
919848272385496067,60,3,60,FOUND,958572689,959602003,25474,0,1397307124339179529,134556816403845962,516585658480623658,22868400,22868.4,22.8684,0.0228684,2026-02-17 12:05:55,2026-02-17 12:05:55,n_values_equal\n_values_060bit.txt
723975105448038583,60,1,60,FOUND,703448269,1029180307,32496,0,230799589576266361,682526405455046331,420601075040348755,29076700,29076.7,29.0767,0.0290767,2026-02-17 12:05:55,2026-02-17 12:05:55,n_values_equal\n_values_060bit.txt
723975105448038583,60,2,60,FOUND,1029180307,703448269,25921,0,3148926667920383414,340977292601265146,272461846282096147,21309800,21309.8,21.3098,0.0213098,2026-02-17 12:05:55,2026-02-17 12:05:55,n_values_equal\n_values_060bit.txt
723975105448038583,60,3,60,FOUND,703448269,1029180307,34912,0,905402697931538235,574059820493276374,310609373495740947,30968200,30968.2,30.9682,0.0309682,2026-02-17 12:05:55,2026-02-17 12:05:55,n_values_equal\n_values_060bit.txt
605968021138697137,60,1,60,FOUND,817613659,741142243,16596,0,15666483273571497321,255326522842151862,389406534051012808,17044200,17044.2,17.0442,0.0170442,2026-02-17 12:05:55,2026-02-17 12:05:55,n_values_equal\n_values_060bit.txt
605968021138697137,60,2,60,FOUND,741142243,817613659,26159,0,8181461579311967415,12129409530118259,343001907138205805,21206700,21206.7,21.2067,0.0212067,2026-02-17 12:05:55,2026-02-17 12:05:55,n_values_equal\n_values_060bit.txt
605968021138697137,60,3,60,FOUND,817613659,741142243,13177,0,2446573703142992000,127594020450106942,250040348202539681,11078100,11078.1,11.0781,0.0110781,2026-02-17 12:05:55,2026-02-17 12:05:55,n_values_equal\n_values_060bit.txt
706650698153418191,60,1,60,FOUND,752173559,939478249,767,0,4044930149243752400,279546178350778008,494660232988216728,623600,623.6,0.6236,0.0006236,2026-02-17 12:05:55,2026-02-17 12:05:55,n_values_equal\n_values_060bit.txt
706650698153418191,60,2,60,FOUND,939478249,752173559,40818,0,17892425745203516095,389243565179359258,430812996913791346,36877000,36877.0,36.877,0.036877,2026-02-17 12:05:55,2026-02-17 12:05:55,n_values_equal\n_values_060bit.txt
706650698153418191,60,3,60,FOUND,939478249,752173559,18418,0,4222853614322887366,54033243058297653,425925721362631089,14691700,14691.7,14.6917,0.0146917,2026-02-17 12:05:55,2026-02-17 12:05:55,n_values_equal\n_values_060bit.txt
901645483896532471,60,1,60,FOUND,960947371,938288101,43663,0,12285352910984636569,675132058507802431,876316702887620951,39568400,39568.4,39.5684,0.0395684,2026-02-17 12:05:55,2026-02-17 12:05:55,n_values_equal\n_values_060bit.txt
901645483896532471,60,2,60,FOUND,960947371,938288101,15288,0,2787837566167899188,615186058385340325,254815728879370231,13493700,13493.7,13.4937,0.0134937,2026-02-17 12:05:55,2026-02-17 12:05:55,n_values_equal\n_values_060bit.txt
901645483896532471,60,3,60,FOUND,960947371,938288101,34900,0,1238324095630343380,280391184595995699,759211439953923462,28595200,28595.2,28.5952,0.0285952,2026-02-17 12:05:55,2026-02-17 12:05:55,n_values_equal\n_values_060bit.txt
668573750234236661,60,1,60,FOUND,753067079,887801059,34766,0,12227195760347472578,6220891008160260,92747534947834044,35495600,35495.6,35.4956,0.0354956,2026-02-17 12:05:55,2026-02-17 12:05:55,n_values_equal\n_values_060bit.txt
668573750234236661,60,2,60,FOUND,753067079,887801059,11757,0,10425183140025592350,655701558744359189,277145289397795691,10109000,10109.0,10.109,0.010109,2026-02-17 12:05:55,2026-02-17 12:05:55,n_values_equal\n_values_060bit.txt
668573750234236661,60,3,60,FOUND,753067079,887801059,2820,0,6550017263962384743,503588883533606522,146541787983454948,2212900,2212.9,2.2129,0.0022129,2026-02-17 12:05:55,2026-02-17 12:05:55,n_values_equal\n_values_060bit.txt
862300100536456643,60,1,60,FOUND,807670309,1067638727,30985,0,15414549373608626010,760358536327335526,300736051105486513,33841900,33841.9,33.8419,0.0338419,2026-02-17 12:05:55,2026-02-17 12:05:55,n_values_equal\n_values_060bit.txt
862300100536456643,60,2,60,FOUND,807670309,1067638727,17702,0,15708792114449551315,166707338442255531,361436115400639799,15622000,15622.0,15.622,0.015622,2026-02-17 12:05:55,2026-02-17 12:05:55,n_values_equal\n_values_060bit.txt
862300100536456643,60,3,60,FOUND,1067638727,807670309,41537,0,13285856305938355695,9412663629005035,600312119876929336,33234900,33234.9,33.2349,0.0332349,2026-02-17 12:05:55,2026-02-17 12:05:55,n_values_equal\n_values_060bit.txt
668719786462046623,60,1,60,FOUND,631325077,1059232099,20456,0,10817952802688795479,481084316441510947,86507740893646786,16977100,16977.1,16.9771,0.0169771,2026-02-17 12:05:55,2026-02-17 12:05:55,n_values_equal\n_values_060bit.txt
668719786462046623,60,2,60,FOUND,1059232099,631325077,43692,0,311181235281612863,394089926318034992,238282344471775288,41219300,41219.3,41.2193,0.0412193,2026-02-17 12:05:55,2026-02-17 12:05:56,n_values_equal\n_values_060bit.txt
668719786462046623,60,3,60,FOUND,1059232099,631325077,23564,0,8506041572778569861,175827275351663876,211103080661929113,18818500,18818.5,18.8185,0.0188185,2026-02-17 12:05:56,2026-02-17 12:05:56,n_values_equal\n_values_060bit.txt
773518031025690763,60,1,60,FOUND,1017078679,760529197,23728,0,1710137650746377480,646772500058336740,190800024388722437,19267600,19267.6,19.2676,0.0192676,2026-02-17 12:05:56,2026-02-17 12:05:56,n_values_equal\n_values_060bit.txt
773518031025690763,60,2,60,FOUND,1017078679,760529197,24052,0,18402990744484779196,144148255209093089,545127197651921772,18740000,18740.0,18.74,0.01874,2026-02-17 12:05:56,2026-02-17 12:05:56,n_values_equal\n_values_060bit.txt
773518031025690763,60,3,60,FOUND,1017078679,760529197,12102,0,16797498115849513018,20272186381501935,178427363051886153,9046000,9046.0,9.046,0.009046,2026-02-17 12:05:56,2026-02-17 12:05:56,n_values_equal\n_values_060bit.txt
621571569326909629,60,1,60,FOUND,822811159,755424331,14793,0,2843959905257659187,580554350093552104,408873332167846590,11256500,11256.5,11.2565,0.0112565,2026-02-17 12:05:56,2026-02-17 12:05:56,n_values_equal\n_values_060bit.txt
621571569326909629,60,2,60,FOUND,755424331,822811159,26202,0,8411521759183830636,611679416665735180,11073502431069594,20061100,20061.1,20.0611,0.0200611,2026-02-17 12:05:56,2026-02-17 12:05:56,n_values_equal\n_values_060bit.txt
621571569326909629,60,3,60,FOUND,755424331,822811159,10914,0,17069352922529466208,169481702210286379,179381514607464386,8730200,8730.2,8.7302,0.0087302,2026-02-17 12:05:56,2026-02-17 12:05:56,n_values_equal\n_values_060bit.txt
807332310814517669,60,1,60,FOUND,769097711,1049713579,23205,0,12243778173643582018,725769600341905277,127457870966673389,17559400,17559.4,17.5594,0.0175594,2026-02-17 12:05:56,2026-02-17 12:05:56,n_values_equal\n_values_060bit.txt
807332310814517669,60,2,60,FOUND,769097711,1049713579,23840,0,13872593584335774353,21532787812175730,246581629740747947,24659700,24659.7,24.6597,0.0246597,2026-02-17 12:05:56,2026-02-17 12:05:56,n_values_equal\n_values_060bit.txt
807332310814517669,60,3,60,FOUND,769097711,1049713579,15000,0,9736236831040203429,66123447618227629,180899060173549787,12016000,12016.0,12.016,0.012016,2026-02-17 12:05:56,2026-02-17 12:05:56,n_values_equal\n_values_060bit.txt
594995348011648043,60,1,60,FOUND,876088691,679149673,4827,0,5338597321157409304,129591527114740666,185779393677187921,3753500,3753.5,3.7535,0.0037535,2026-02-17 12:05:56,2026-02-17 12:05:56,n_values_equal\n_values_060bit.txt
594995348011648043,60,2,60,FOUND,876088691,679149673,12956,0,16897850149526973847,176367736771335510,448688984215190092,10117700,10117.7,10.1177,0.0101177,2026-02-17 12:05:56,2026-02-17 12:05:56,n_values_equal\n_values_060bit.txt
594995348011648043,60,3,60,FOUND,876088691,679149673,17555,0,13205793450504380844,547897115908934285,100262566565101959,13968800,13968.8,13.9688,0.0139688,2026-02-17 12:05:56,2026-02-17 12:05:56,n_values_equal\n_values_060bit.txt
706777480802737291,60,1,60,FOUND,917696413,770164807,18715,0,3404265777939534749,244853948906921148,23416077036371035,14415800,14415.8,14.4158,0.0144158,2026-02-17 12:05:56,2026-02-17 12:05:56,n_values_equal\n_values_060bit.txt
706777480802737291,60,2,60,FOUND,770164807,917696413,13662,0,17196694005850145199,640123578544069592,442293609470799004,10606000,10606.0,10.606,0.010606,2026-02-17 12:05:56,2026-02-17 12:05:56,n_values_equal\n_values_060bit.txt
706777480802737291,60,3,60,FOUND,917696413,770164807,19400,0,6194003888445059408,243502213417070176,40719239732124567,19208800,19208.8,19.2088,0.0192088,2026-02-17 12:05:56,2026-02-17 12:05:56,n_values_equal\n_values_060bit.txt
808640700402881597,60,1,60,FOUND,985285591,820717067,32925,0,16989037328182699686,293516395304338960,659027786664466387,26655000,26655.0,26.655,0.026655,2026-02-17 12:05:56,2026-02-17 12:05:56,n_values_equal\n_values_060bit.txt
808640700402881597,60,2,60,FOUND,985285591,820717067,21039,0,15870089541729367848,397066279372445835,279039224891828992,19531600,19531.6,19.5316,0.0195316,2026-02-17 12:05:56,2026-02-17 12:05:56,n_values_equal\n_values_060bit.txt
808640700402881597,60,3,60,FOUND,985285591,820717067,23492,0,2349312103252046787,534012980988772409,486082446275002787,19006800,19006.8,19.0068,0.0190068,2026-02-17 12:05:56,2026-02-17 12:05:56,n_values_equal\n_values_060bit.txt
804688010151516109,60,1,60,FOUND,918702289,875896381,17252,0,17567236732071031894,449578083199211139,357872664433519733,13071700,13071.7,13.0717,0.0130717,2026-02-17 12:05:56,2026-02-17 12:05:56,n_values_equal\n_values_060bit.txt
804688010151516109,60,2,60,FOUND,918702289,875896381,29612,0,6240533786673743562,713830982325578022,647392951204982044,22467300,22467.3,22.4673,0.0224673,2026-02-17 12:05:56,2026-02-17 12:05:56,n_values_equal\n_values_060bit.txt
804688010151516109,60,3,60,FOUND,875896381,918702289,13637,0,8116925618695741433,506461751767480626,65885703950637779,10612100,10612.1,10.6121,0.0106121,2026-02-17 12:05:56,2026-02-17 12:05:56,n_values_equal\n_values_060bit.txt
610584113928456643,60,1,60,FOUND,900106913,678346211,54578,0,13639491822728016038,239080546293864932,344255485857255962,47038800,47038.8,47.0388,0.0470388,2026-02-17 12:05:56,2026-02-17 12:05:56,n_values_equal\n_values_060bit.txt
610584113928456643,60,2,60,FOUND,678346211,900106913,9196,0,3859213828183871451,146255507743791125,489115572699530649,7450500,7450.5,7.4505,0.0074505,2026-02-17 12:05:56,2026-02-17 12:05:56,n_values_equal\n_values_060bit.txt
610584113928456643,60,3,60,FOUND,678346211,900106913,29069,0,10450353638943839266,206379864585353895,251788367572277547,21746200,21746.2,21.7462,0.0217462,2026-02-17 12:05:56,2026-02-17 12:05:56,n_values_equal\n_values_060bit.txt
876962315105618029,60,1,60,FOUND,861109003,1018410343,49511,0,4184482794445617521,195467883525788790,453336184870426543,42383800,42383.8,42.3838,0.0423838,2026-02-17 12:05:56,2026-02-17 12:05:56,n_values_equal\n_values_060bit.txt
876962315105618029,60,2,60,FOUND,1018410343,861109003,16577,0,7186821927872760149,100490583076129069,506953671702944199,12940600,12940.6,12.9406,0.0129406,2026-02-17 12:05:56,2026-02-17 12:05:56,n_values_equal\n_values_060bit.txt
876962315105618029,60,3,60,FOUND,1018410343,861109003,9439,0,13365407731664815011,762444535520722120,308181051334551739,7274400,7274.4,7.2744,0.0072744,2026-02-17 12:05:56,2026-02-17 12:05:56,n_values_equal\n_values_060bit.txt
822661973171946403,60,1,60,FOUND,895444999,918718597,27335,0,136624400882914435,695190871950245508,236694134686622187,26219700,26219.7,26.2197,0.0262197,2026-02-17 12:05:56,2026-02-17 12:05:56,n_values_equal\n_values_060bit.txt
822661973171946403,60,2,60,FOUND,918718597,895444999,3480,0,11141349630971071908,409542776182527338,35519101040669412,4567700,4567.7,4.5677,0.0045677,2026-02-17 12:05:56,2026-02-17 12:05:56,n_values_equal\n_values_060bit.txt
822661973171946403,60,3,60,FOUND,895444999,918718597,35459,0,11524824033646453466,19902520776273648,379406395484632693,31111100,31111.1,31.1111,0.0311111,2026-02-17 12:05:56,2026-02-17 12:05:56,n_values_equal\n_values_060bit.txt
850766172310985537,60,1,60,FOUND,1056209647,805489871,16104,0,1752137954294690665,171479022274942315,312183416387311102,14367700,14367.7,14.3677,0.0143677,2026-02-17 12:05:56,2026-02-17 12:05:56,n_values_equal\n_values_060bit.txt
850766172310985537,60,2,60,FOUND,805489871,1056209647,15575,0,12613068759454223724,636884884398390202,351265509438284825,12566800,12566.8,12.5668,0.0125668,2026-02-17 12:05:56,2026-02-17 12:05:56,n_values_equal\n_values_060bit.txt
850766172310985537,60,3,60,FOUND,1056209647,805489871,30534,0,14376472568776927002,111183993282977033,298140163442921870,24984700,24984.7,24.9847,0.0249847,2026-02-17 12:05:56,2026-02-17 12:05:56,n_values_equal\n_values_060bit.txt
698006605432418609,60,1,60,FOUND,796344193,876513713,4323,0,16162674586389802248,279524663462421320,686539958620580319,3690100,3690.1,3.6901,0.0036901,2026-02-17 12:05:56,2026-02-17 12:05:56,n_values_equal\n_values_060bit.txt
698006605432418609,60,2,60,FOUND,796344193,876513713,13566,0,1582758800230828002,389465186982830118,55744668024579764,10523700,10523.7,10.5237,0.0105237,2026-02-17 12:05:56,2026-02-17 12:05:56,n_values_equal\n_values_060bit.txt
698006605432418609,60,3,60,FOUND,876513713,796344193,55940,0,6636067072392118429,361855656911648255,656312174127144917,49248700,49248.7,49.2487,0.0492487,2026-02-17 12:05:56,2026-02-17 12:05:56,n_values_equal\n_values_060bit.txt
715317455811050539,60,1,60,FOUND,844157731,847374169,11841,0,15707364827332674809,153208433361364760,398616067742823384,9429500,9429.5,9.4295,0.0094295,2026-02-17 12:05:56,2026-02-17 12:05:56,n_values_equal\n_values_060bit.txt
715317455811050539,60,2,60,FOUND,847374169,844157731,14825,0,14093464716960874689,510750054851720044,24222505961159703,12353100,12353.1,12.3531,0.0123531,2026-02-17 12:05:56,2026-02-17 12:05:56,n_values_equal\n_values_060bit.txt
715317455811050539,60,3,60,FOUND,847374169,844157731,14992,0,437062667635837109,254809130529772378,471511996979580849,14289000,14289.0,14.289,0.014289,2026-02-17 12:05:56,2026-02-17 12:05:56,n_values_equal\n_values_060bit.txt
11298868314832329571,64,1,60,FOUND,3266589829,3458918599,41256,0,8065983641967312587,4204574903667173179,2944308773608877325,42649000,42649.0,42.649,0.042649,2026-02-17 12:05:56,2026-02-17 12:05:56,n_values_equal\n_values_064bit.txt
11298868314832329571,64,2,60,FOUND,3266589829,3458918599,23200,0,9398161793835152793,7374662805675003034,8198194110541351803,22608700,22608.7,22.6087,0.0226087,2026-02-17 12:05:56,2026-02-17 12:05:56,n_values_equal\n_values_064bit.txt
11298868314832329571,64,3,60,FOUND,3266589829,3458918599,61022,0,6596687464711856131,4733853261702511721,3264060890643613057,61157200,61157.2,61.1572,0.0611572,2026-02-17 12:05:56,2026-02-17 12:05:56,n_values_equal\n_values_064bit.txt
10442340804070385579,64,1,60,FOUND,2828490407,3691842397,11090,0,3705212539872415988,3799151952918383895,6602334723408106016,11465700,11465.7,11.4657,0.0114657,2026-02-17 12:05:56,2026-02-17 12:05:56,n_values_equal\n_values_064bit.txt
10442340804070385579,64,2,60,FOUND,3691842397,2828490407,10360,0,5013416628884292426,6528329189224868666,2064164752405456125,9778700,9778.7,9.7787,0.0097787,2026-02-17 12:05:56,2026-02-17 12:05:56,n_values_equal\n_values_064bit.txt
10442340804070385579,64,3,60,FOUND,3691842397,2828490407,24968,0,7063303273367894234,8684234945449126614,7394438301027960473,30106200,30106.2,30.1062,0.0301062,2026-02-17 12:05:56,2026-02-17 12:05:56,n_values_equal\n_values_064bit.txt
13318254525341089843,64,1,60,FOUND,3198223969,4164265747,49824,0,4107391122619713271,1539713850195880354,6920280885428830550,52834500,52834.5,52.8345,0.0528345,2026-02-17 12:05:56,2026-02-17 12:05:56,n_values_equal\n_values_064bit.txt
13318254525341089843,64,2,60,FOUND,3198223969,4164265747,25150,0,5348650297479281511,5272773462962066367,7815760248876961568,25202300,25202.3,25.2023,0.0252023,2026-02-17 12:05:56,2026-02-17 12:05:56,n_values_equal\n_values_064bit.txt
13318254525341089843,64,3,60,FOUND,3198223969,4164265747,34404,0,10004080215155276034,12702786430706149329,12675711673389932308,34306800,34306.8,34.3068,0.0343068,2026-02-17 12:05:56,2026-02-17 12:05:57,n_values_equal\n_values_064bit.txt
9225136234046815613,64,1,60,FOUND,2497512727,3693729419,24427,0,8085300065848249823,4061023379762170949,1711088433439603005,26595600,26595.6,26.5956,0.0265956,2026-02-17 12:05:57,2026-02-17 12:05:57,n_values_equal\n_values_064bit.txt
9225136234046815613,64,2,60,FOUND,2497512727,3693729419,21286,0,2891737478312521298,66986633229036976,5402305162115622193,20246000,20246.0,20.246,0.020246,2026-02-17 12:05:57,2026-02-17 12:05:57,n_values_equal\n_values_064bit.txt
9225136234046815613,64,3,60,FOUND,2497512727,3693729419,19284,0,207030524623555857,8133217639742790606,262921226609312246,19350500,19350.5,19.3505,0.0193505,2026-02-17 12:05:57,2026-02-17 12:05:57,n_values_equal\n_values_064bit.txt
9993158972817680731,64,1,60,FOUND,2405829347,4153727273,77648,0,13647542700824493694,1261710252581424052,4869958669159436301,78272100,78272.1,78.2721,0.0782721,2026-02-17 12:05:57,2026-02-17 12:05:57,n_values_equal\n_values_064bit.txt
9993158972817680731,64,2,60,FOUND,4153727273,2405829347,83905,0,3201919161058087914,5559873083756517253,3371522623301841317,85206700,85206.7,85.2067,0.0852067,2026-02-17 12:05:57,2026-02-17 12:05:57,n_values_equal\n_values_064bit.txt
9993158972817680731,64,3,60,FOUND,2405829347,4153727273,22763,0,6640950766077602113,3574679708491283373,905338919876257354,23341000,23341.0,23.341,0.023341,2026-02-17 12:05:57,2026-02-17 12:05:57,n_values_equal\n_values_064bit.txt
11553733256986796077,64,1,60,FOUND,2840983571,4066807487,69915,0,2469805659216135976,1223572642116727411,7624271736131732548,70945100,70945.1,70.9451,0.0709451,2026-02-17 12:05:57,2026-02-17 12:05:57,n_values_equal\n_values_064bit.txt
11553733256986796077,64,2,60,FOUND,4066807487,2840983571,27756,0,18108179102108684783,8490856690809455387,6813956944109146084,26144400,26144.4,26.1444,0.0261444,2026-02-17 12:05:57,2026-02-17 12:05:57,n_values_equal\n_values_064bit.txt
11553733256986796077,64,3,60,FOUND,4066807487,2840983571,60998,0,15350286633204726396,2542943193358246002,5006268020069418515,59788600,59788.6,59.7886,0.0597886,2026-02-17 12:05:57,2026-02-17 12:05:57,n_values_equal\n_values_064bit.txt
10068708482618095327,64,1,60,FOUND,2874619357,3502623211,65375,0,15554457164853036171,6478544743042831113,5782517592760320586,64274600,64274.6,64.2746,0.0642746,2026-02-17 12:05:57,2026-02-17 12:05:57,n_values_equal\n_values_064bit.txt
10068708482618095327,64,2,60,FOUND,2874619357,3502623211,94095,0,2512849741612776694,2279715326925405259,4224751790345904020,93970600,93970.6,93.9706,0.0939706,2026-02-17 12:05:57,2026-02-17 12:05:57,n_values_equal\n_values_064bit.txt
10068708482618095327,64,3,60,FOUND,3502623211,2874619357,21248,0,14077172975813709083,6098894826402778013,8426107681210997842,25141700,25141.7,25.1417,0.0251417,2026-02-17 12:05:57,2026-02-17 12:05:57,n_values_equal\n_values_064bit.txt
10977442933088209373,64,1,60,FOUND,3259360201,3367974773,51562,0,2205375148578413577,1231257742509875400,7113619558799233591,53608400,53608.4,53.6084,0.0536084,2026-02-17 12:05:57,2026-02-17 12:05:57,n_values_equal\n_values_064bit.txt
10977442933088209373,64,2,60,FOUND,3367974773,3259360201,37622,0,3685207820885579059,3798958928629871206,7758248337924439660,37989800,37989.8,37.9898,0.0379898,2026-02-17 12:05:57,2026-02-17 12:05:57,n_values_equal\n_values_064bit.txt
10977442933088209373,64,3,60,FOUND,3259360201,3367974773,50778,0,17249444295445229019,10827562743823275446,9757350829101904689,52018100,52018.1,52.0181,0.0520181,2026-02-17 12:05:57,2026-02-17 12:05:57,n_values_equal\n_values_064bit.txt
9930400506476051401,64,1,60,FOUND,4258211273,2332059137,37141,0,8528871608544034535,7855226968939027728,6215081625262130214,36087400,36087.4,36.0874,0.0360874,2026-02-17 12:05:57,2026-02-17 12:05:57,n_values_equal\n_values_064bit.txt
9930400506476051401,64,2,60,FOUND,2332059137,4258211273,33750,0,4514388793012571538,1070209648985741054,1070384784678901189,31040800,31040.8,31.0408,0.0310408,2026-02-17 12:05:57,2026-02-17 12:05:57,n_values_equal\n_values_064bit.txt
9930400506476051401,64,3,60,FOUND,2332059137,4258211273,25146,0,2424909663787834967,2651710107639269956,2832688309033673407,23754800,23754.8,23.7548,0.0237548,2026-02-17 12:05:57,2026-02-17 12:05:57,n_values_equal\n_values_064bit.txt
9390955197638304083,64,1,60,FOUND,2253098389,4168018247,13002,0,18218420636248343574,4761628175611075817,9123862829897285915,12509600,12509.6,12.5096,0.0125096,2026-02-17 12:05:57,2026-02-17 12:05:57,n_values_equal\n_values_064bit.txt
9390955197638304083,64,2,60,FOUND,2253098389,4168018247,12002,0,14419320350341142508,4894359761193820232,1801861062266847488,15733200,15733.2,15.7332,0.0157332,2026-02-17 12:05:57,2026-02-17 12:05:57,n_values_equal\n_values_064bit.txt
9390955197638304083,64,3,60,FOUND,2253098389,4168018247,34982,0,6848422015560853364,5237519305509139498,2853437349222807951,34349600,34349.6,34.3496,0.0343496,2026-02-17 12:05:57,2026-02-17 12:05:57,n_values_equal\n_values_064bit.txt
13683879160672906447,64,1,60,FOUND,4136818967,3307826441,107080,0,11379358048159316379,1108951644056483683,5816495129298968725,99464700,99464.7,99.4647,0.0994647,2026-02-17 12:05:57,2026-02-17 12:05:57,n_values_equal\n_values_064bit.txt
13683879160672906447,64,2,60,FOUND,4136818967,3307826441,41694,0,1199596301592539566,4451898777443296592,3718671078014054635,40706400,40706.4,40.7064,0.0407064,2026-02-17 12:05:57,2026-02-17 12:05:58,n_values_equal\n_values_064bit.txt
13683879160672906447,64,3,60,FOUND,3307826441,4136818967,19812,0,6849942802077385970,3061760255009922253,8961383296019670681,24442500,24442.5,24.4425,0.0244425,2026-02-17 12:05:58,2026-02-17 12:05:58,n_values_equal\n_values_064bit.txt
14898173718526602773,64,1,60,FOUND,4008171623,3716950051,108942,0,3508282762365395377,14007204404242259710,10698741755534708485,104819600,104819.6,104.8196,0.1048196,2026-02-17 12:05:58,2026-02-17 12:05:58,n_values_equal\n_values_064bit.txt
14898173718526602773,64,2,60,FOUND,3716950051,4008171623,7096,0,5040817117590657316,10690815969738945930,10465247127248863667,7432500,7432.5,7.4325,0.0074325,2026-02-17 12:05:58,2026-02-17 12:05:58,n_values_equal\n_values_064bit.txt
14898173718526602773,64,3,60,FOUND,4008171623,3716950051,47238,0,14553106813557465622,6903193984283014745,13221198524660036703,49392900,49392.9,49.3929,0.0493929,2026-02-17 12:05:58,2026-02-17 12:05:58,n_values_equal\n_values_064bit.txt
12844160378922251347,64,1,60,FOUND,4275123371,3004395257,100554,0,7331968760888999405,4379890833534210778,9397284873068511193,96224100,96224.1,96.2241,0.0962241,2026-02-17 12:05:58,2026-02-17 12:05:58,n_values_equal\n_values_064bit.txt
12844160378922251347,64,2,60,FOUND,3004395257,4275123371,40978,0,9388511585746774233,4849924229365428106,4537883405506754131,38741400,38741.4,38.7414,0.0387414,2026-02-17 12:05:58,2026-02-17 12:05:58,n_values_equal\n_values_064bit.txt
12844160378922251347,64,3,60,FOUND,3004395257,4275123371,44652,0,7578925651670451227,10882026415183544868,8716101391940780882,40667500,40667.5,40.6675,0.0406675,2026-02-17 12:05:58,2026-02-17 12:05:58,n_values_equal\n_values_064bit.txt
15240747256297972267,64,1,60,FOUND,4138981547,3682245761,65466,0,6522525952127996069,3723644158630167488,122686776942227346,62392100,62392.1,62.3921,0.0623921,2026-02-17 12:05:58,2026-02-17 12:05:58,n_values_equal\n_values_064bit.txt
15240747256297972267,64,2,60,FOUND,4138981547,3682245761,43765,0,1557174241925732433,1181721490703211372,10089432867143476865,43870900,43870.9,43.8709,0.0438709,2026-02-17 12:05:58,2026-02-17 12:05:58,n_values_equal\n_values_064bit.txt
15240747256297972267,64,3,60,FOUND,4138981547,3682245761,39261,0,5107405489923042109,14872266377911404132,5788549300615943571,36832700,36832.7,36.8327,0.0368327,2026-02-17 12:05:58,2026-02-17 12:05:58,n_values_equal\n_values_064bit.txt
10438846084262560399,64,1,60,FOUND,3473857393,3004972543,43134,0,5512072142036855423,4181858580373532776,5483331612391390654,44516300,44516.3,44.5163,0.0445163,2026-02-17 12:05:58,2026-02-17 12:05:58,n_values_equal\n_values_064bit.txt
10438846084262560399,64,2,60,FOUND,3004972543,3473857393,57528,0,12713705773231254459,9428586768246463521,10126089892505144736,58731400,58731.4,58.7314,0.0587314,2026-02-17 12:05:58,2026-02-17 12:05:58,n_values_equal\n_values_064bit.txt
10438846084262560399,64,3,60,FOUND,3004972543,3473857393,26361,0,646865281796930667,6523952289039547157,2669414679452383084,24052900,24052.9,24.0529,0.0240529,2026-02-17 12:05:58,2026-02-17 12:05:58,n_values_equal\n_values_064bit.txt
11521440925024170787,64,1,60,FOUND,3234760513,3561760099,18456,0,12898364794066283015,608963820452092799,7196336988269192982,18659100,18659.1,18.6591,0.0186591,2026-02-17 12:05:58,2026-02-17 12:05:58,n_values_equal\n_values_064bit.txt
11521440925024170787,64,2,60,FOUND,3234760513,3561760099,44265,0,4462549486852752756,9826413140629733902,3985411135090341813,43428400,43428.4,43.4284,0.0434284,2026-02-17 12:05:58,2026-02-17 12:05:58,n_values_equal\n_values_064bit.txt
11521440925024170787,64,3,60,FOUND,3561760099,3234760513,55913,0,3388374599480877799,6345624237525729124,2795900535791117570,64869500,64869.5,64.8695,0.0648695,2026-02-17 12:05:58,2026-02-17 12:05:58,n_values_equal\n_values_064bit.txt
13449953459363992127,64,1,60,FOUND,3860250497,3484217791,26500,0,595780609372865043,6351753653663915526,6098066260197018820,25689800,25689.8,25.6898,0.0256898,2026-02-17 12:05:58,2026-02-17 12:05:58,n_values_equal\n_values_064bit.txt
13449953459363992127,64,2,60,FOUND,3860250497,3484217791,54757,0,18039345313697765060,4514491655431240396,5546282252908642361,54673700,54673.7,54.6737,0.0546737,2026-02-17 12:05:58,2026-02-17 12:05:58,n_values_equal\n_values_064bit.txt
13449953459363992127,64,3,60,FOUND,3860250497,3484217791,41193,0,17806782072256838695,7262333136264400236,5614922071620729189,42071700,42071.7,42.0717,0.0420717,2026-02-17 12:05:58,2026-02-17 12:05:58,n_values_equal\n_values_064bit.txt
14714367097239462449,64,1,60,FOUND,3439699073,4277806513,32537,0,9454548666584470646,2589225398931265933,10554277062692520394,35409200,35409.2,35.4092,0.0354092,2026-02-17 12:05:58,2026-02-17 12:05:58,n_values_equal\n_values_064bit.txt
14714367097239462449,64,2,60,FOUND,3439699073,4277806513,3920,0,15193471496261624164,3585426270489370665,12198834060562791334,3564800,3564.8,3.5648,0.0035648,2026-02-17 12:05:58,2026-02-17 12:05:58,n_values_equal\n_values_064bit.txt
14714367097239462449,64,3,60,FOUND,3439699073,4277806513,66521,0,1791775773213622758,9746306764492732547,2214072137434634780,63673100,63673.1,63.6731,0.0636731,2026-02-17 12:05:58,2026-02-17 12:05:59,n_values_equal\n_values_064bit.txt
9752044655643971699,64,1,60,FOUND,2309843531,4221950329,41784,0,12431398244933660465,364947307953914729,1451627402861480333,40798000,40798.0,40.798,0.040798,2026-02-17 12:05:59,2026-02-17 12:05:59,n_values_equal\n_values_064bit.txt
9752044655643971699,64,2,60,FOUND,4221950329,2309843531,29340,0,3428560294980377963,1508897783967889424,989996800929110628,28142600,28142.6,28.1426,0.0281426,2026-02-17 12:05:59,2026-02-17 12:05:59,n_values_equal\n_values_064bit.txt
9752044655643971699,64,3,60,FOUND,2309843531,4221950329,89196,0,17379001102550559098,5453982395895500837,4505297678865820618,96628300,96628.3,96.6283,0.0966283,2026-02-17 12:05:59,2026-02-17 12:05:59,n_values_equal\n_values_064bit.txt
10695333811159308433,64,1,60,FOUND,2573669599,4155674767,90316,0,16059263669462845601,2688439134153689574,9989601728536075291,91244000,91244.0,91.244,0.091244,2026-02-17 12:05:59,2026-02-17 12:05:59,n_values_equal\n_values_064bit.txt
10695333811159308433,64,2,60,FOUND,4155674767,2573669599,17325,0,16679011923705027955,4737763756763596413,10075578904499415821,16620800,16620.8,16.6208,0.0166208,2026-02-17 12:05:59,2026-02-17 12:05:59,n_values_equal\n_values_064bit.txt
10695333811159308433,64,3,60,FOUND,2573669599,4155674767,9026,0,16227944585190213484,5036549042858199085,8214095428001289604,8613900,8613.9,8.6139,0.0086139,2026-02-17 12:05:59,2026-02-17 12:05:59,n_values_equal\n_values_064bit.txt
15694444744621967449,64,1,60,FOUND,3668806579,4277806531,5400,0,1618967298735141171,13984014150526093585,4783180586054843659,5692100,5692.1,5.6921,0.0056921,2026-02-17 12:05:59,2026-02-17 12:05:59,n_values_equal\n_values_064bit.txt
15694444744621967449,64,2,60,FOUND,4277806531,3668806579,116638,0,2090355269590436973,428097162917099708,5753565323898108941,139765500,139765.5,139.7655,0.1397655,2026-02-17 12:05:59,2026-02-17 12:05:59,n_values_equal\n_values_064bit.txt
15694444744621967449,64,3,60,FOUND,4277806531,3668806579,41642,0,3889097375909358603,5364558731831578873,8547180095988056514,43116600,43116.6,43.1166,0.0431166,2026-02-17 12:05:59,2026-02-17 12:05:59,n_values_equal\n_values_064bit.txt
10444245100280614267,64,1,60,FOUND,2432574181,4293495007,57766,0,11789923481282909818,1287906049959672706,2461317150993211718,59296900,59296.9,59.2969,0.0592969,2026-02-17 12:05:59,2026-02-17 12:05:59,n_values_equal\n_values_064bit.txt
10444245100280614267,64,2,60,FOUND,2432574181,4293495007,32134,0,17782973343497448892,10037305471873648550,921312388159295728,31460700,31460.7,31.4607,0.0314607,2026-02-17 12:05:59,2026-02-17 12:05:59,n_values_equal\n_values_064bit.txt
10444245100280614267,64,3,60,FOUND,4293495007,2432574181,57893,0,16390171789579617110,7795986277943403662,5274809239784812278,68824700,68824.7,68.8247,0.0688247,2026-02-17 12:05:59,2026-02-17 12:05:59,n_values_equal\n_values_064bit.txt
10935526222967815307,64,1,60,FOUND,4273004509,2559212423,4239,0,5891779681827099103,9424039948071098032,8921437995589843983,5458700,5458.7,5.4587,0.0054587,2026-02-17 12:05:59,2026-02-17 12:05:59,n_values_equal\n_values_064bit.txt
10935526222967815307,64,2,60,FOUND,4273004509,2559212423,11521,0,12672623973516400060,10061530157537880081,6644967709014154293,15819000,15819.0,15.819,0.015819,2026-02-17 12:05:59,2026-02-17 12:05:59,n_values_equal\n_values_064bit.txt
10935526222967815307,64,3,60,FOUND,2559212423,4273004509,52294,0,6347570492399666756,8550883254708175379,7225112727056896494,50606900,50606.9,50.6069,0.0506069,2026-02-17 12:05:59,2026-02-17 12:05:59,n_values_equal\n_values_064bit.txt
12965187875335521253,64,1,60,FOUND,3858674629,3360010657,41050,0,5825504034647452017,3302421910394397476,11225264774452897215,40217800,40217.8,40.2178,0.0402178,2026-02-17 12:05:59,2026-02-17 12:05:59,n_values_equal\n_values_064bit.txt
12965187875335521253,64,2,60,FOUND,3858674629,3360010657,16720,0,8551978001619459412,12620030389906630224,4224193686184420437,15935900,15935.9,15.9359,0.0159359,2026-02-17 12:05:59,2026-02-17 12:05:59,n_values_equal\n_values_064bit.txt
12965187875335521253,64,3,60,FOUND,3360010657,3858674629,30832,0,14583887799117202695,3926527969053796188,1798095198673378333,38566200,38566.2,38.5662,0.0385662,2026-02-17 12:05:59,2026-02-17 12:05:59,n_values_equal\n_values_064bit.txt
13200600283687129141,64,1,60,FOUND,3685690493,3581581337,42531,0,8344503361310512471,10518863836753724722,12751180381473736608,43887600,43887.6,43.8876,0.0438876,2026-02-17 12:05:59,2026-02-17 12:05:59,n_values_equal\n_values_064bit.txt
13200600283687129141,64,2,60,FOUND,3581581337,3685690493,63485,0,11241831264626587107,3949139188768736866,2244258153858568678,61960500,61960.5,61.9605,0.0619605,2026-02-17 12:05:59,2026-02-17 12:05:59,n_values_equal\n_values_064bit.txt
13200600283687129141,64,3,60,FOUND,3581581337,3685690493,66119,0,11428707870017962893,8962827993373093969,3117200390493146067,68118500,68118.5,68.1185,0.0681185,2026-02-17 12:05:59,2026-02-17 12:05:59,n_values_equal\n_values_064bit.txt
150416326307730563387,68,1,60,FOUND,10775837971,13958666297,15248,0,17881295084051924065,143270672668888781558,106872540486271079720,14408200,14408.2,14.4082,0.0144082,2026-02-17 12:05:59,2026-02-17 12:06:00,n_values_equal\n_values_068bit.txt
150416326307730563387,68,2,60,FOUND,13958666297,10775837971,48207,0,8203877911248522000,17039796396184321727,147278130639531332421,49426100,49426.1,49.4261,0.0494261,2026-02-17 12:06:00,2026-02-17 12:06:00,n_values_equal\n_values_068bit.txt
150416326307730563387,68,3,60,FOUND,10775837971,13958666297,39530,0,10032102824121607855,141772211445624886528,18754331040796246154,37488100,37488.1,37.4881,0.0374881,2026-02-17 12:06:00,2026-02-17 12:06:00,n_values_equal\n_values_068bit.txt
175495310347711540469,68,1,60,FOUND,10348944773,16957797553,59025,0,3634700077686029050,128727761842457153220,164646692944440379483,58738900,58738.9,58.7389,0.0587389,2026-02-17 12:06:00,2026-02-17 12:06:00,n_values_equal\n_values_068bit.txt
175495310347711540469,68,2,60,FOUND,16957797553,10348944773,62348,0,16258691193626998395,47800669763451216519,24687816813059954323,78385800,78385.8,78.3858,0.0783858,2026-02-17 12:06:00,2026-02-17 12:06:00,n_values_equal\n_values_068bit.txt
175495310347711540469,68,3,60,FOUND,10348944773,16957797553,75420,0,514959897325834482,78756203448992592614,82596690615688324653,76509400,76509.4,76.5094,0.0765094,2026-02-17 12:06:00,2026-02-17 12:06:00,n_values_equal\n_values_068bit.txt
189289038005666419609,68,1,60,FOUND,15096861827,12538303667,147703,0,12400163539658291101,22388758463700014422,164963932824714280443,140009000,140009.0,140.009,0.140009,2026-02-17 12:06:00,2026-02-17 12:06:00,n_values_equal\n_values_068bit.txt
189289038005666419609,68,2,60,FOUND,15096861827,12538303667,122292,0,17701680357740870586,94185806240974946510,12931066869884444206,134702900,134702.9,134.7029,0.1347029,2026-02-17 12:06:00,2026-02-17 12:06:00,n_values_equal\n_values_068bit.txt
189289038005666419609,68,3,60,FOUND,15096861827,12538303667,42698,0,17421866354336485745,136834396800087629601,70557261231387355473,39425800,39425.8,39.4258,0.0394258,2026-02-17 12:06:00,2026-02-17 12:06:00,n_values_equal\n_values_068bit.txt
161304315820199380181,68,1,60,FOUND,11174388821,14435180161,101959,0,15077416224428330510,90815677506211837121,80346300241574178246,95310600,95310.6,95.3106,0.0953106,2026-02-17 12:06:00,2026-02-17 12:06:00,n_values_equal\n_values_068bit.txt
161304315820199380181,68,2,60,FOUND,11174388821,14435180161,137328,0,10050876293438278669,110184756248658737348,75764946875383941256,134339500,134339.5,134.3395,0.1343395,2026-02-17 12:06:00,2026-02-17 12:06:00,n_values_equal\n_values_068bit.txt
161304315820199380181,68,3,60,FOUND,14435180161,11174388821,10029,0,1063801831751140410,110203442627999075137,126006694369723581454,9148000,9148.0,9.148,0.009148,2026-02-17 12:06:00,2026-02-17 12:06:00,n_values_equal\n_values_068bit.txt
249597167808377723531,68,1,60,FOUND,14816138959,16846303109,96556,0,10382313711049910347,145933519684756720275,124058512843243435459,94886500,94886.5,94.8865,0.0948865,2026-02-17 12:06:00,2026-02-17 12:06:00,n_values_equal\n_values_068bit.txt
249597167808377723531,68,2,60,FOUND,14816138959,16846303109,74052,0,6172449493697793811,222656733231905564983,77589081184700138291,71781900,71781.9,71.7819,0.0717819,2026-02-17 12:06:00,2026-02-17 12:06:01,n_values_equal\n_values_068bit.txt
249597167808377723531,68,3,60,FOUND,16846303109,14816138959,36600,0,1267209189233991278,11443362168110135618,136685362405578006688,35253500,35253.5,35.2535,0.0352535,2026-02-17 12:06:01,2026-02-17 12:06:01,n_values_equal\n_values_068bit.txt
157795770084613420889,68,1,60,FOUND,15851089027,9954885107,14345,0,3693929196553237130,8305353881208712460,52352629849586249540,13537100,13537.1,13.5371,0.0135371,2026-02-17 12:06:01,2026-02-17 12:06:01,n_values_equal\n_values_068bit.txt
157795770084613420889,68,2,60,FOUND,15851089027,9954885107,84222,0,15046071213124358189,116746043257530384133,73219406571765196396,87582900,87582.9,87.5829,0.0875829,2026-02-17 12:06:01,2026-02-17 12:06:01,n_values_equal\n_values_068bit.txt
157795770084613420889,68,3,60,FOUND,15851089027,9954885107,112128,0,10376224633933987155,124589945135333974413,40062125880588453778,119467600,119467.6,119.4676,0.1194676,2026-02-17 12:06:01,2026-02-17 12:06:01,n_values_equal\n_values_068bit.txt
196266415590975826867,68,1,60,FOUND,14715627349,13337278183,48104,0,11205874539140362275,62275221296711000530,140198120102552358488,53481900,53481.9,53.4819,0.0534819,2026-02-17 12:06:01,2026-02-17 12:06:01,n_values_equal\n_values_068bit.txt
196266415590975826867,68,2,60,FOUND,14715627349,13337278183,79940,0,3197095030364256084,157337056586646346129,4592772258441892149,80637900,80637.9,80.6379,0.0806379,2026-02-17 12:06:01,2026-02-17 12:06:01,n_values_equal\n_values_068bit.txt
196266415590975826867,68,3,60,FOUND,14715627349,13337278183,65396,0,17998365724569200308,91173455333306063219,158213881236119634303,75243600,75243.6,75.2436,0.0752436,2026-02-17 12:06:01,2026-02-17 12:06:01,n_values_equal\n_values_068bit.txt
234109470705439824889,68,1,60,FOUND,15843234853,14776620613,35745,0,13416331886973436416,15623395818141987797,220691581408682348552,33833500,33833.5,33.8335,0.0338335,2026-02-17 12:06:01,2026-02-17 12:06:01,n_values_equal\n_values_068bit.txt
234109470705439824889,68,2,60,FOUND,15843234853,14776620613,30786,0,11086529259565274676,73943989650825356645,94377676058979320769,29767800,29767.8,29.7678,0.0297678,2026-02-17 12:06:01,2026-02-17 12:06:01,n_values_equal\n_values_068bit.txt
234109470705439824889,68,3,60,FOUND,15843234853,14776620613,123138,0,6983174605394467097,61638405379805335058,207184305740370366543,129560100,129560.1,129.5601,0.1295601,2026-02-17 12:06:01,2026-02-17 12:06:01,n_values_equal\n_values_068bit.txt
158361573220563928091,68,1,60,FOUND,10273667011,15414318281,168114,0,6638203537821061872,114912087078851941651,77863963040582135924,166457900,166457.9,166.4579,0.1664579,2026-02-17 12:06:01,2026-02-17 12:06:01,n_values_equal\n_values_068bit.txt
158361573220563928091,68,2,60,FOUND,15414318281,10273667011,92038,0,13752059585898752765,145251798032688805969,81712450900196282082,98656200,98656.2,98.6562,0.0986562,2026-02-17 12:06:01,2026-02-17 12:06:01,n_values_equal\n_values_068bit.txt
158361573220563928091,68,3,60,FOUND,15414318281,10273667011,77776,0,18058166555404635301,17357833264848107618,35652172396866576799,72998100,72998.1,72.9981,0.0729981,2026-02-17 12:06:01,2026-02-17 12:06:02,n_values_equal\n_values_068bit.txt
155534347016427175117,68,1,60,FOUND,13776512909,11289819713,53814,0,2333975029558416865,114938781955073738099,50026338176210290722,52859900,52859.9,52.8599,0.0528599,2026-02-17 12:06:02,2026-02-17 12:06:02,n_values_equal\n_values_068bit.txt
155534347016427175117,68,2,60,FOUND,11289819713,13776512909,78187,0,4599171187205675693,96327588177576369328,75423044920265532673,89196100,89196.1,89.1961,0.0891961,2026-02-17 12:06:02,2026-02-17 12:06:02,n_values_equal\n_values_068bit.txt
155534347016427175117,68,3,60,FOUND,11289819713,13776512909,58950,0,3032734680863944012,2687926828700040804,71803943204779377167,55904000,55904.0,55.904,0.055904,2026-02-17 12:06:02,2026-02-17 12:06:02,n_values_equal\n_values_068bit.txt
210646252938884715487,68,1,60,FOUND,13285426337,15855437951,216372,0,7656069640155631891,76989883427298247150,205027080282909991460,234183800,234183.8,234.1838,0.2341838,2026-02-17 12:06:02,2026-02-17 12:06:02,n_values_equal\n_values_068bit.txt
210646252938884715487,68,2,60,FOUND,13285426337,15855437951,109408,0,2271692953492408373,209008626745625494013,89982778187613303445,113276500,113276.5,113.2765,0.1132765,2026-02-17 12:06:02,2026-02-17 12:06:02,n_values_equal\n_values_068bit.txt
210646252938884715487,68,3,60,FOUND,13285426337,15855437951,88966,0,3281194468607227881,136562849158674311018,105218219387585418779,91384400,91384.4,91.3844,0.0913844,2026-02-17 12:06:02,2026-02-17 12:06:02,n_values_equal\n_values_068bit.txt
249197108892573332671,68,1,60,FOUND,16692097319,14929047209,86583,0,10235828100675919467,50088714513929920872,83309666567374494355,89260600,89260.6,89.2606,0.0892606,2026-02-17 12:06:02,2026-02-17 12:06:02,n_values_equal\n_values_068bit.txt
249197108892573332671,68,2,60,FOUND,16692097319,14929047209,90915,0,3392913096019306303,2784282433453017628,170247645929172301478,90022400,90022.4,90.0224,0.0900224,2026-02-17 12:06:02,2026-02-17 12:06:02,n_values_equal\n_values_068bit.txt
249197108892573332671,68,3,60,FOUND,14929047209,16692097319,52412,0,9328364020798952429,81308435443358481818,197492931062629799128,51274600,51274.6,51.2746,0.0512746,2026-02-17 12:06:02,2026-02-17 12:06:02,n_values_equal\n_values_068bit.txt
244974105561696747097,68,1,60,FOUND,15264040709,16049099333,122624,0,11281587190590071951,236464583952340923867,126863512486399162243,115027600,115027.6,115.0276,0.1150276,2026-02-17 12:06:02,2026-02-17 12:06:03,n_values_equal\n_values_068bit.txt
244974105561696747097,68,2,60,FOUND,15264040709,16049099333,60666,0,827218759284385319,134813602379476638297,144775024383331487802,58423400,58423.4,58.4234,0.0584234,2026-02-17 12:06:03,2026-02-17 12:06:03,n_values_equal\n_values_068bit.txt
244974105561696747097,68,3,60,FOUND,15264040709,16049099333,74167,0,3105958932688437585,232992134117983838356,178186770507711375809,68228300,68228.3,68.2283,0.0682283,2026-02-17 12:06:03,2026-02-17 12:06:03,n_values_equal\n_values_068bit.txt
205805788558422383671,68,1,60,FOUND,14617950331,14078977141,18872,0,15171646098854631615,5682978368937750535,107066564557493343400,16908300,16908.3,16.9083,0.0169083,2026-02-17 12:06:03,2026-02-17 12:06:03,n_values_equal\n_values_068bit.txt
205805788558422383671,68,2,60,FOUND,14617950331,14078977141,163265,0,2818201859131186769,175586989167241282339,49147915349648657812,162861400,162861.4,162.8614,0.1628614,2026-02-17 12:06:03,2026-02-17 12:06:03,n_values_equal\n_values_068bit.txt
205805788558422383671,68,3,60,FOUND,14078977141,14617950331,40348,0,10118236215515168877,65496606092459417265,1854104589440915131,42235700,42235.7,42.2357,0.0422357,2026-02-17 12:06:03,2026-02-17 12:06:03,n_values_equal\n_values_068bit.txt
220034858677616854343,68,1,60,FOUND,15034208381,14635613203,80000,0,2176203600948425406,5200750334935618202,121318989026628409845,82992300,82992.3,82.9923,0.0829923,2026-02-17 12:06:03,2026-02-17 12:06:03,n_values_equal\n_values_068bit.txt
220034858677616854343,68,2,60,FOUND,15034208381,14635613203,61520,0,1276619548368447875,176717978780478554779,22098595225466978127,63649900,63649.9,63.6499,0.0636499,2026-02-17 12:06:03,2026-02-17 12:06:03,n_values_equal\n_values_068bit.txt
220034858677616854343,68,3,60,FOUND,15034208381,14635613203,52240,0,14819943301107107225,60513785212492448702,8899737333393081468,49993400,49993.4,49.9934,0.0499934,2026-02-17 12:06:03,2026-02-17 12:06:03,n_values_equal\n_values_068bit.txt
228299793126995309737,68,1,60,FOUND,15428319623,14797450319,64311,0,8550771915579451091,148000068332795959265,112000495501299940533,61667600,61667.6,61.6676,0.0616676,2026-02-17 12:06:03,2026-02-17 12:06:03,n_values_equal\n_values_068bit.txt
228299793126995309737,68,2,60,FOUND,14797450319,15428319623,61912,0,15247630387458327,120697634405830145024,172132763211700191665,62824400,62824.4,62.8244,0.0628244,2026-02-17 12:06:03,2026-02-17 12:06:03,n_values_equal\n_values_068bit.txt
228299793126995309737,68,3,60,FOUND,14797450319,15428319623,61320,0,11532415771384346803,116754479298761108838,160266469196446706326,55706700,55706.7,55.7067,0.0557067,2026-02-17 12:06:03,2026-02-17 12:06:03,n_values_equal\n_values_068bit.txt
191407413721295834081,68,1,60,FOUND,12380039977,15460968953,96155,0,13226322030775283431,87125043581908811994,75517986252110616559,106069900,106069.9,106.0699,0.1060699,2026-02-17 12:06:03,2026-02-17 12:06:03,n_values_equal\n_values_068bit.txt
191407413721295834081,68,2,60,FOUND,15460968953,12380039977,89607,0,9693834882983816587,58616087919913290809,121286381451194971671,90372900,90372.9,90.3729,0.0903729,2026-02-17 12:06:03,2026-02-17 12:06:03,n_values_equal\n_values_068bit.txt
191407413721295834081,68,3,60,FOUND,12380039977,15460968953,114715,0,11090584957872459516,31445162508625991583,42570724013000830812,114481400,114481.4,114.4814,0.1144814,2026-02-17 12:06:03,2026-02-17 12:06:04,n_values_equal\n_values_068bit.txt
278547866731722622241,68,1,60,FOUND,16626917479,16752826679,63523,0,10856048975820574931,204702603802004123078,127884517455739681697,58380300,58380.3,58.3803,0.0583803,2026-02-17 12:06:04,2026-02-17 12:06:04,n_values_equal\n_values_068bit.txt
278547866731722622241,68,2,60,FOUND,16752826679,16626917479,105888,0,12092276753244977486,61514283318041794303,97547149982885053626,110626100,110626.1,110.6261,0.1106261,2026-02-17 12:06:04,2026-02-17 12:06:04,n_values_equal\n_values_068bit.txt
278547866731722622241,68,3,60,FOUND,16752826679,16626917479,120018,0,8388371603810755358,4303594859622720936,58690904573949642102,119787800,119787.8,119.7878,0.1197878,2026-02-17 12:06:04,2026-02-17 12:06:04,n_values_equal\n_values_068bit.txt
187318868428015357699,68,1,60,FOUND,13688408441,13684488539,134037,0,12366424218912295712,77628557816672087379,150185534980336257279,154621700,154621.7,154.6217,0.1546217,2026-02-17 12:06:04,2026-02-17 12:06:04,n_values_equal\n_values_068bit.txt
187318868428015357699,68,2,60,FOUND,13688408441,13684488539,81327,0,8439593735471716944,42159815935609278927,133374272253301919223,84498900,84498.9,84.4989,0.0844989,2026-02-17 12:06:04,2026-02-17 12:06:04,n_values_equal\n_values_068bit.txt
187318868428015357699,68,3,60,FOUND,13684488539,13688408441,147198,0,11132809794593660197,127378338349053703034,35824970236231338439,161200300,161200.3,161.2003,0.1612003,2026-02-17 12:06:04,2026-02-17 12:06:04,n_values_equal\n_values_068bit.txt
154996906131238337717,68,1,60,FOUND,16817703653,9216294289,35609,0,14548164481269640262,74251482434081674293,96720545273226116258,39463200,39463.2,39.4632,0.0394632,2026-02-17 12:06:04,2026-02-17 12:06:04,n_values_equal\n_values_068bit.txt
154996906131238337717,68,2,60,FOUND,9216294289,16817703653,32821,0,13577873064342191255,116008667658940134786,123437718973824806687,38120200,38120.2,38.1202,0.0381202,2026-02-17 12:06:04,2026-02-17 12:06:04,n_values_equal\n_values_068bit.txt
154996906131238337717,68,3,60,FOUND,16817703653,9216294289,11752,0,12989512787262641469,112418507078033712327,3422634812793810061,12079400,12079.4,12.0794,0.0120794,2026-02-17 12:06:04,2026-02-17 12:06:04,n_values_equal\n_values_068bit.txt
166420423744764203857,68,1,60,FOUND,11174463611,14892922787,28512,0,10923520688495320796,91781198660259952710,147385911801604418184,27330900,27330.9,27.3309,0.0273309,2026-02-17 12:06:04,2026-02-17 12:06:04,n_values_equal\n_values_068bit.txt
166420423744764203857,68,2,60,FOUND,14892922787,11174463611,28200,0,14240580418818050724,46350393780536091635,19118048142859722809,30934200,30934.2,30.9342,0.0309342,2026-02-17 12:06:04,2026-02-17 12:06:04,n_values_equal\n_values_068bit.txt
166420423744764203857,68,3,60,FOUND,11174463611,14892922787,57340,0,12325685925031405274,60602502492808018593,15669378734738203870,59845000,59845.0,59.845,0.059845,2026-02-17 12:06:04,2026-02-17 12:06:04,n_values_equal\n_values_068bit.txt
211293728955858917903,68,1,60,FOUND,15471969101,13656550603,115435,0,15417872593518876873,54501596162582363061,30247864398815947316,103781400,103781.4,103.7814,0.1037814,2026-02-17 12:06:04,2026-02-17 12:06:05,n_values_equal\n_values_068bit.txt
211293728955858917903,68,2,60,FOUND,15471969101,13656550603,221808,0,14184806052414300200,44492494809325424024,115894578739598015087,220772200,220772.2,220.7722,0.2207722,2026-02-17 12:06:05,2026-02-17 12:06:05,n_values_equal\n_values_068bit.txt
211293728955858917903,68,3,60,FOUND,13656550603,15471969101,29800,0,17578039641426535110,193613196471712589339,180139263909989671646,26639400,26639.4,26.6394,0.0266394,2026-02-17 12:06:05,2026-02-17 12:06:05,n_values_equal\n_values_068bit.txt
149566622501340571123,68,1,60,FOUND,10934794397,13678046159,63536,0,15163359476698987545,39944525224228792771,126570084463507982856,60205800,60205.8,60.2058,0.0602058,2026-02-17 12:06:05,2026-02-17 12:06:05,n_values_equal\n_values_068bit.txt
149566622501340571123,68,2,60,FOUND,13678046159,10934794397,81528,0,1621710258375095629,94619828420385121098,59982968126389263692,86465300,86465.3,86.4653,0.0864653,2026-02-17 12:06:05,2026-02-17 12:06:05,n_values_equal\n_values_068bit.txt
149566622501340571123,68,3,60,FOUND,10934794397,13678046159,81888,0,4167181073869061475,106669712244749095982,13525374194650974205,85295100,85295.1,85.2951,0.0852951,2026-02-17 12:06:05,2026-02-17 12:06:05,n_values_equal\n_values_068bit.txt
231991816445208186847,68,1,60,FOUND,13540133353,17133643399,56551,0,9073847651677754579,96627950072315453767,176826917222803222907,57878100,57878.1,57.8781,0.0578781,2026-02-17 12:06:05,2026-02-17 12:06:05,n_values_equal\n_values_068bit.txt
231991816445208186847,68,2,60,FOUND,13540133353,17133643399,125932,0,5029298118646968405,104757299252224836029,58185294525133790775,132162100,132162.1,132.1621,0.1321621,2026-02-17 12:06:05,2026-02-17 12:06:05,n_values_equal\n_values_068bit.txt
231991816445208186847,68,3,60,FOUND,13540133353,17133643399,205072,0,12382209352543183847,132435831078767369561,212208619385539986863,209563600,209563.6,209.5636,0.2095636,2026-02-17 12:06:05,2026-02-17 12:06:05,n_values_equal\n_values_068bit.txt
224912617633285324903,68,1,60,FOUND,13979858219,16088333237,90766,0,13003062917962671999,36463465929056640413,157946944431485105374,91356600,91356.6,91.3566,0.0913566,2026-02-17 12:06:05,2026-02-17 12:06:06,n_values_equal\n_values_068bit.txt
224912617633285324903,68,2,60,FOUND,13979858219,16088333237,62316,0,12683346881935595283,29957097032247863389,125988306609368684901,63382800,63382.8,63.3828,0.0633828,2026-02-17 12:06:06,2026-02-17 12:06:06,n_values_equal\n_values_068bit.txt
224912617633285324903,68,3,60,FOUND,13979858219,16088333237,43028,0,5273030893561283727,52766980056461519024,140286472592075537687,47181300,47181.3,47.1813,0.0471813,2026-02-17 12:06:06,2026-02-17 12:06:06,n_values_equal\n_values_068bit.txt
2834613590077752425989,72,1,60,FOUND,60605291101,46771718089,127200,0,14380676170714399050,179302157346704399625,2419388576535154037069,131431000,131431.0,131.431,0.131431,2026-02-17 12:06:06,2026-02-17 12:06:06,n_values_equal\n_values_072bit.txt
2834613590077752425989,72,2,60,FOUND,60605291101,46771718089,85208,0,10107700640830904790,2511023702936466114934,692555844938700401802,88584700,88584.7,88.5847,0.0885847,2026-02-17 12:06:06,2026-02-17 12:06:06,n_values_equal\n_values_072bit.txt
2834613590077752425989,72,3,60,FOUND,46771718089,60605291101,122712,0,13910130301417618284,2235508386877202802826,915397155501483444595,134455200,134455.2,134.4552,0.1344552,2026-02-17 12:06:06,2026-02-17 12:06:06,n_values_equal\n_values_072bit.txt
3265080631503093453707,72,1,60,FOUND,67354256821,48476232767,128302,0,3364343497608090351,2256153699134873955052,548725750034054059159,131549500,131549.5,131.5495,0.1315495,2026-02-17 12:06:06,2026-02-17 12:06:06,n_values_equal\n_values_072bit.txt
3265080631503093453707,72,2,60,FOUND,67354256821,48476232767,132909,0,13359526714789217799,407028455606232011669,993221857602443337230,152176700,152176.7,152.1767,0.1521767,2026-02-17 12:06:06,2026-02-17 12:06:06,n_values_equal\n_values_072bit.txt
3265080631503093453707,72,3,60,FOUND,67354256821,48476232767,64506,0,4287861709755804392,3169945226283161908759,1990294360495811941534,69974300,69974.3,69.9743,0.0699743,2026-02-17 12:06:06,2026-02-17 12:06:06,n_values_equal\n_values_072bit.txt
2515851322410524529461,72,1,60,FOUND,42947714507,58579399423,29988,0,8145909320903620458,2094106726335395480658,744553518178798309120,27299500,27299.5,27.2995,0.0272995,2026-02-17 12:06:06,2026-02-17 12:06:06,n_values_equal\n_values_072bit.txt
2515851322410524529461,72,2,60,FOUND,42947714507,58579399423,212091,0,17347890309549342533,2107215563965343794304,1488827530816004402566,200010200,200010.2,200.0102,0.2000102,2026-02-17 12:06:06,2026-02-17 12:06:07,n_values_equal\n_values_072bit.txt
2515851322410524529461,72,3,60,FOUND,42947714507,58579399423,75729,0,12664917392494384548,1002842599260268581676,1355930815436566052462,69433100,69433.1,69.4331,0.0694331,2026-02-17 12:06:07,2026-02-17 12:06:07,n_values_equal\n_values_072bit.txt
2502839121031025077603,72,1,60,FOUND,42950869289,58272141227,243733,0,8226478983477181027,1269946144810333333148,1486385079861002172239,248283600,248283.6,248.2836,0.2482836,2026-02-17 12:06:07,2026-02-17 12:06:07,n_values_equal\n_values_072bit.txt
2502839121031025077603,72,2,60,FOUND,58272141227,42950869289,273975,0,6869418693325201492,1080431560933142030803,1758323187798622340019,278282400,278282.4,278.2824,0.2782824,2026-02-17 12:06:07,2026-02-17 12:06:07,n_values_equal\n_values_072bit.txt
2502839121031025077603,72,3,60,FOUND,42950869289,58272141227,173439,0,2624232156245342598,1749815399206970279186,185622560547517561761,184733300,184733.3,184.7333,0.1847333,2026-02-17 12:06:07,2026-02-17 12:06:07,n_values_equal\n_values_072bit.txt
3393463274376576069199,72,1,60,FOUND,52530860357,64599423107,492780,0,7692361673873166766,496491673103787902096,1752627646543710623015,465792000,465792.0,465.792,0.465792,2026-02-17 12:06:07,2026-02-17 12:06:08,n_values_equal\n_values_072bit.txt
3393463274376576069199,72,2,60,FOUND,64599423107,52530860357,293945,0,15835539637587548828,1206629411501709719674,2830179773193287864815,306800100,306800.1,306.8001,0.3068001,2026-02-17 12:06:08,2026-02-17 12:06:08,n_values_equal\n_values_072bit.txt
3393463274376576069199,72,3,60,FOUND,64599423107,52530860357,200851,0,6417445844676528043,1187936464938926053608,2697781974954168562042,202396900,202396.9,202.3969,0.2023969,2026-02-17 12:06:08,2026-02-17 12:06:08,n_values_equal\n_values_072bit.txt
3849589897497094796783,72,1,60,FOUND,58387974599,65931211417,20756,0,7952604425416929740,1908539610399533171655,2833306505902121399435,23912400,23912.4,23.9124,0.0239124,2026-02-17 12:06:08,2026-02-17 12:06:08,n_values_equal\n_values_072bit.txt
3849589897497094796783,72,2,60,FOUND,65931211417,58387974599,73278,0,11694473629908309740,2107468704190630717671,227918671570777953801,78406100,78406.1,78.4061,0.0784061,2026-02-17 12:06:08,2026-02-17 12:06:08,n_values_equal\n_values_072bit.txt
3849589897497094796783,72,3,60,FOUND,65931211417,58387974599,95842,0,1206796967196009909,420843606377653425624,1720349855190456276156,95534200,95534.2,95.5342,0.0955342,2026-02-17 12:06:08,2026-02-17 12:06:09,n_values_equal\n_values_072bit.txt
3155036186185862963893,72,1,60,FOUND,58645983607,53797992499,27054,0,17269014928687824438,2454349937495930129900,3143938866974926325318,25450000,25450.0,25.45,0.02545,2026-02-17 12:06:09,2026-02-17 12:06:09,n_values_equal\n_values_072bit.txt
3155036186185862963893,72,2,60,FOUND,53797992499,58645983607,119091,0,14682859799779682199,986849099511269439876,3120696609160944186145,120283900,120283.9,120.2839,0.1202839,2026-02-17 12:06:09,2026-02-17 12:06:09,n_values_equal\n_values_072bit.txt
3155036186185862963893,72,3,60,FOUND,58645983607,53797992499,114193,0,8854678874187037468,2511186200456905173372,937005637250257974641,109676400,109676.4,109.6764,0.1096764,2026-02-17 12:06:09,2026-02-17 12:06:09,n_values_equal\n_values_072bit.txt
3595033672012886674127,72,1,60,FOUND,58871712461,61065552907,416338,0,24206840677860863,2010539291267177495898,2365039375957283142295,414100100,414100.1,414.1001,0.4141001,2026-02-17 12:06:09,2026-02-17 12:06:09,n_values_equal\n_values_072bit.txt
3595033672012886674127,72,2,60,FOUND,61065552907,58871712461,58003,0,17314096705499567113,3400797709545449240928,3477451716180806535240,56695600,56695.6,56.6956,0.0566956,2026-02-17 12:06:09,2026-02-17 12:06:09,n_values_equal\n_values_072bit.txt
3595033672012886674127,72,3,60,FOUND,61065552907,58871712461,157102,0,2151569862728777471,3145237739525497111953,2282219569975955566352,149380200,149380.2,149.3802,0.1493802,2026-02-17 12:06:09,2026-02-17 12:06:09,n_values_equal\n_values_072bit.txt
4218735549492807499369,72,1,60,FOUND,63308586013,66637652413,82437,0,4911355805103158759,3742433289997694430061,814805346639725632549,103432100,103432.1,103.4321,0.1034321,2026-02-17 12:06:09,2026-02-17 12:06:10,n_values_equal\n_values_072bit.txt
4218735549492807499369,72,2,60,FOUND,63308586013,66637652413,95601,0,17171223380512626055,3454459200705842555564,1071240803350025054880,97668400,97668.4,97.6684,0.0976684,2026-02-17 12:06:10,2026-02-17 12:06:10,n_values_equal\n_values_072bit.txt
4218735549492807499369,72,3,60,FOUND,66637652413,63308586013,206939,0,10028908003734616813,1655194942245864368091,76440447041054699283,220584500,220584.5,220.5845,0.2205845,2026-02-17 12:06:10,2026-02-17 12:06:10,n_values_equal\n_values_072bit.txt
2509545483835948734367,72,1,60,FOUND,64545707399,38880129833,24545,0,3964494510811017411,703179936213074489365,86018561220375657589,23428600,23428.6,23.4286,0.0234286,2026-02-17 12:06:10,2026-02-17 12:06:10,n_values_equal\n_values_072bit.txt
2509545483835948734367,72,2,60,FOUND,38880129833,64545707399,215214,0,9584945440155748344,461066257882753927291,1473807447564686455099,224424900,224424.9,224.4249,0.2244249,2026-02-17 12:06:10,2026-02-17 12:06:10,n_values_equal\n_values_072bit.txt
2509545483835948734367,72,3,60,FOUND,64545707399,38880129833,90991,0,275195983390443517,2091123447402460647132,44435602204396172744,95908300,95908.3,95.9083,0.0959083,2026-02-17 12:06:10,2026-02-17 12:06:10,n_values_equal\n_values_072bit.txt
2993430319367200973641,72,1,60,FOUND,43813194379,68322576379,156022,0,13111695036153484469,1131930726909802969313,2278694912909051717989,158307100,158307.1,158.3071,0.1583071,2026-02-17 12:06:10,2026-02-17 12:06:10,n_values_equal\n_values_072bit.txt
2993430319367200973641,72,2,60,FOUND,43813194379,68322576379,161256,0,808127601467472463,1221220112127050216950,2728045104343240329465,158515800,158515.8,158.5158,0.1585158,2026-02-17 12:06:10,2026-02-17 12:06:10,n_values_equal\n_values_072bit.txt
2993430319367200973641,72,3,60,FOUND,43813194379,68322576379,68280,0,18083092460746129316,1219119321235200868582,675586281939379572278,73259000,73259.0,73.259,0.073259,2026-02-17 12:06:10,2026-02-17 12:06:11,n_values_equal\n_values_072bit.txt
2554700388098470497163,72,1,60,FOUND,39811571537,64169795099,20673,0,12696134184497459827,1805570296983978081295,1387444112057500041290,25413600,25413.6,25.4136,0.0254136,2026-02-17 12:06:11,2026-02-17 12:06:11,n_values_equal\n_values_072bit.txt
2554700388098470497163,72,2,60,FOUND,39811571537,64169795099,270838,0,14237738757408342233,1711796140655239698180,641112525689943145799,265768600,265768.6,265.7686,0.2657686,2026-02-17 12:06:11,2026-02-17 12:06:11,n_values_equal\n_values_072bit.txt
2554700388098470497163,72,3,60,FOUND,39811571537,64169795099,88513,0,6879773142609213884,106452089972299134575,236879154353152781120,96491200,96491.2,96.4912,0.0964912,2026-02-17 12:06:11,2026-02-17 12:06:11,n_values_equal\n_values_072bit.txt
3753035876546707155277,72,1,60,FOUND,57986382871,64722710587,271286,0,73780127184527523,3229234349002036538847,3005350006345767643904,278435600,278435.6,278.4356,0.2784356,2026-02-17 12:06:11,2026-02-17 12:06:11,n_values_equal\n_values_072bit.txt
3753035876546707155277,72,2,60,FOUND,57986382871,64722710587,24807,0,10031555671981989401,1634775792740149917279,625835892489026847054,23543400,23543.4,23.5434,0.0235434,2026-02-17 12:06:11,2026-02-17 12:06:11,n_values_equal\n_values_072bit.txt
3753035876546707155277,72,3,60,FOUND,57986382871,64722710587,135800,0,6954504196727696788,856550983286345677721,2291095516019124040437,140758900,140758.9,140.7589,0.1407589,2026-02-17 12:06:11,2026-02-17 12:06:11,n_values_equal\n_values_072bit.txt
3026391215028223330627,72,1,60,FOUND,59866434493,50552387839,73378,0,1611007277928179990,2446344794300193253181,3012962866156889284894,75705900,75705.9,75.7059,0.0757059,2026-02-17 12:06:11,2026-02-17 12:06:11,n_values_equal\n_values_072bit.txt
3026391215028223330627,72,2,60,FOUND,50552387839,59866434493,79052,0,5976907114186335209,2768064621401312473451,226100507646796870554,82826600,82826.6,82.8266,0.0828266,2026-02-17 12:06:11,2026-02-17 12:06:12,n_values_equal\n_values_072bit.txt
3026391215028223330627,72,3,60,FOUND,50552387839,59866434493,164981,0,16771999813612863150,3022080038073424085012,1989053553560124820715,172489300,172489.3,172.4893,0.1724893,2026-02-17 12:06:12,2026-02-17 12:06:12,n_values_equal\n_values_072bit.txt
2863563046400308843309,72,1,60,FOUND,63173983021,45328201729,208635,0,14861277423079267318,540038812112358233485,1266365701539840660463,219978600,219978.6,219.9786,0.2199786,2026-02-17 12:06:12,2026-02-17 12:06:12,n_values_equal\n_values_072bit.txt
2863563046400308843309,72,2,60,FOUND,45328201729,63173983021,163512,0,6806795837132848193,885573614156901026452,1052095871901671533231,169177600,169177.6,169.1776,0.1691776,2026-02-17 12:06:12,2026-02-17 12:06:12,n_values_equal\n_values_072bit.txt
2863563046400308843309,72,3,60,FOUND,63173983021,45328201729,123328,0,3956997125484204168,2053607143840131930465,1153770822593145240710,131385400,131385.4,131.3854,0.1313854,2026-02-17 12:06:12,2026-02-17 12:06:12,n_values_equal\n_values_072bit.txt
2410398363129824521403,72,1,60,FOUND,61014992849,39505017547,339798,0,9069318652759804956,1060354559592675302735,1205338944425927135677,333424000,333424.0,333.424,0.333424,2026-02-17 12:06:12,2026-02-17 12:06:13,n_values_equal\n_values_072bit.txt
2410398363129824521403,72,2,60,FOUND,61014992849,39505017547,82978,0,4848207302383758272,1274190052525029869693,1195683637302512440316,88477800,88477.8,88.4778,0.0884778,2026-02-17 12:06:13,2026-02-17 12:06:13,n_values_equal\n_values_072bit.txt
2410398363129824521403,72,3,60,FOUND,39505017547,61014992849,46693,0,6010374534011535091,2044022097610297883818,2076129247327213305354,43688000,43688.0,43.688,0.043688,2026-02-17 12:06:13,2026-02-17 12:06:13,n_values_equal\n_values_072bit.txt
2605863184882469215373,72,1,60,FOUND,63783110147,40855066159,26225,0,6740772144086387468,1728865399553603244317,1807043318927125816555,24330900,24330.9,24.3309,0.0243309,2026-02-17 12:06:13,2026-02-17 12:06:13,n_values_equal\n_values_072bit.txt
2605863184882469215373,72,2,60,FOUND,40855066159,63783110147,70119,0,5979608996245923693,1925920253232312633084,2501495190069708282177,64955300,64955.3,64.9553,0.0649553,2026-02-17 12:06:13,2026-02-17 12:06:13,n_values_equal\n_values_072bit.txt
2605863184882469215373,72,3,60,FOUND,63783110147,40855066159,98322,0,10757842417028488266,700950837842371580410,1847327978966421660135,95086500,95086.5,95.0865,0.0950865,2026-02-17 12:06:13,2026-02-17 12:06:13,n_values_equal\n_values_072bit.txt
2855587462607865588503,72,1,60,FOUND,42685675453,66898026851,48761,0,12877253280613398615,1003984421878521842099,1183604717878980027708,49085000,49085.0,49.085,0.049085,2026-02-17 12:06:13,2026-02-17 12:06:13,n_values_equal\n_values_072bit.txt
2855587462607865588503,72,2,60,FOUND,42685675453,66898026851,224835,0,1319154195826557380,974921468163096894061,799895584105125950971,237950100,237950.1,237.9501,0.2379501,2026-02-17 12:06:13,2026-02-17 12:06:13,n_values_equal\n_values_072bit.txt
2855587462607865588503,72,3,60,FOUND,66898026851,42685675453,153384,0,12759388386349374179,1360071870289958392196,805814082108118682858,152571600,152571.6,152.5716,0.1525716,2026-02-17 12:06:13,2026-02-17 12:06:13,n_values_equal\n_values_072bit.txt
2712038499023448079889,72,1,60,FOUND,47842522579,56686778891,270206,0,5344105448542864971,1115349972553467349946,1412442314757573222871,273731400,273731.4,273.7314,0.2737314,2026-02-17 12:06:13,2026-02-17 12:06:14,n_values_equal\n_values_072bit.txt
2712038499023448079889,72,2,60,FOUND,56686778891,47842522579,211254,0,9512454731899010172,2685071423154994994987,1913838393935685195078,226124800,226124.8,226.1248,0.2261248,2026-02-17 12:06:14,2026-02-17 12:06:14,n_values_equal\n_values_072bit.txt
2712038499023448079889,72,3,60,FOUND,47842522579,56686778891,231189,0,1282953154512721987,750636788670037006887,1447261798466608021965,230674400,230674.4,230.6744,0.2306744,2026-02-17 12:06:14,2026-02-17 12:06:14,n_values_equal\n_values_072bit.txt
2722057139560288152619,72,1,60,FOUND,57549465821,47299433639,64585,0,693857775525229243,1123951443274518933820,38845721829635463949,67589000,67589.0,67.589,0.067589,2026-02-17 12:06:14,2026-02-17 12:06:14,n_values_equal\n_values_072bit.txt
2722057139560288152619,72,2,60,FOUND,57549465821,47299433639,109562,0,6921214602713806732,1377953254540495168925,405074489771272541320,109891500,109891.5,109.8915,0.1098915,2026-02-17 12:06:14,2026-02-17 12:06:14,n_values_equal\n_values_072bit.txt
2722057139560288152619,72,3,60,FOUND,57549465821,47299433639,248344,0,2526476016526125904,1104583206768832385795,1890126315177733557645,250119500,250119.5,250.1195,0.2501195,2026-02-17 12:06:14,2026-02-17 12:06:14,n_values_equal\n_values_072bit.txt
3337043450512671643487,72,1,60,FOUND,68099605111,49002390617,77259,0,14290094820031936958,2765309604168704174818,2478639009562028300765,72371100,72371.1,72.3711,0.0723711,2026-02-17 12:06:15,2026-02-17 12:06:15,n_values_equal\n_values_072bit.txt
3337043450512671643487,72,2,60,FOUND,68099605111,49002390617,194412,0,9520443601263155225,3244764399530860450656,401942976282588229994,230128300,230128.3,230.1283,0.2301283,2026-02-17 12:06:15,2026-02-17 12:06:15,n_values_equal\n_values_072bit.txt
3337043450512671643487,72,3,60,FOUND,68099605111,49002390617,98698,0,10597679494830135920,2670589345258589300359,1132542643343734862610,129749100,129749.1,129.7491,0.1297491,2026-02-17 12:06:15,2026-02-17 12:06:15,n_values_equal\n_values_072bit.txt
2574681333766576728097,72,1,60,FOUND,42355719311,60787099727,123984,0,6816255498532963107,2317893174152313883598,1495903889293780930550,136705200,136705.2,136.7052,0.1367052,2026-02-17 12:06:15,2026-02-17 12:06:15,n_values_equal\n_values_072bit.txt
2574681333766576728097,72,2,60,FOUND,42355719311,60787099727,214642,0,5764693823566592287,2308756170691828861922,2533910613607597632840,227010700,227010.7,227.0107,0.2270107,2026-02-17 12:06:15,2026-02-17 12:06:15,n_values_equal\n_values_072bit.txt
2574681333766576728097,72,3,60,FOUND,42355719311,60787099727,325981,0,6053387501221373314,1373357497782228641462,1111611414772489411413,345151300,345151.3,345.1513,0.3451513,2026-02-17 12:06:15,2026-02-17 12:06:16,n_values_equal\n_values_072bit.txt
3175681074138845539021,72,1,60,FOUND,46637042197,68093535193,163527,0,8559896958747300375,806654389130584636986,2719649429943664984534,171789200,171789.2,171.7892,0.1717892,2026-02-17 12:06:16,2026-02-17 12:06:16,n_values_equal\n_values_072bit.txt
3175681074138845539021,72,2,60,FOUND,68093535193,46637042197,148834,0,13425539624228205392,2196907497894100453984,2802627461739751260732,161659300,161659.3,161.6593,0.1616593,2026-02-17 12:06:16,2026-02-17 12:06:16,n_values_equal\n_values_072bit.txt
3175681074138845539021,72,3,60,FOUND,46637042197,68093535193,431740,0,17001132501606908380,590354728013966541209,441781696943511795749,446065700,446065.7,446.0657,0.4460657,2026-02-17 12:06:16,2026-02-17 12:06:16,n_values_equal\n_values_072bit.txt
3301875609464462376763,72,1,60,FOUND,49825791359,66268402757,55246,0,2479991563669066832,2699108944287028768361,651763499120323045888,52929800,52929.8,52.9298,0.0529298,2026-02-17 12:06:16,2026-02-17 12:06:16,n_values_equal\n_values_072bit.txt
3301875609464462376763,72,2,60,FOUND,66268402757,49825791359,144495,0,3122023942618234979,1487199486906028315712,943663940119558737962,138162300,138162.3,138.1623,0.1381623,2026-02-17 12:06:16,2026-02-17 12:06:17,n_values_equal\n_values_072bit.txt
3301875609464462376763,72,3,60,FOUND,49825791359,66268402757,246885,0,12961837628046347680,1764076831137412240887,2104913369171850619916,229040700,229040.7,229.0407,0.2290407,2026-02-17 12:06:17,2026-02-17 12:06:17,n_values_equal\n_values_072bit.txt
3191706758407746757429,72,1,60,FOUND,59326370837,53799123617,245228,0,10918504664920107278,458337998022332192396,1194668516888192644997,256798200,256798.2,256.7982,0.2567982,2026-02-17 12:06:17,2026-02-17 12:06:17,n_values_equal\n_values_072bit.txt
3191706758407746757429,72,2,60,FOUND,59326370837,53799123617,85754,0,3771269475724894335,2399546713555030452641,2005347737062786298708,91614000,91614.0,91.614,0.091614,2026-02-17 12:06:17,2026-02-17 12:06:17,n_values_equal\n_values_072bit.txt
3191706758407746757429,72,3,60,FOUND,59326370837,53799123617,74052,0,7953732040797908145,2066282630011871944743,1462886209830603694772,79058900,79058.9,79.0589,0.0790589,2026-02-17 12:06:17,2026-02-17 12:06:17,n_values_equal\n_values_072bit.txt
53348320901689077161077,76,1,60,FOUND,262179564539,203480088143,180141,0,11894076791294957586,19172409957004590469067,17292819270628741504319,203774300,203774.3,203.7743,0.2037743,2026-02-17 12:06:17,2026-02-17 12:06:17,n_values_equal\n_values_076bit.txt
53348320901689077161077,76,2,60,FOUND,203480088143,262179564539,292123,0,13711023431384805840,46103762626354801902692,51246465632313302404822,314924300,314924.3,314.9243,0.3149243,2026-02-17 12:06:17,2026-02-17 12:06:18,n_values_equal\n_values_076bit.txt
53348320901689077161077,76,3,60,FOUND,203480088143,262179564539,262820,0,5809700802788139753,20309654542681075395511,36590199415154508664022,278186200,278186.2,278.1862,0.2781862,2026-02-17 12:06:18,2026-02-17 12:06:18,n_values_equal\n_values_076bit.txt
59957010025657713614533,76,1,60,FOUND,249536732453,240273283361,331575,0,2234280267992921371,444571220570211471295,9971234395961777557192,346919000,346919.0,346.919,0.346919,2026-02-17 12:06:18,2026-02-17 12:06:18,n_values_equal\n_values_076bit.txt
59957010025657713614533,76,2,60,FOUND,249536732453,240273283361,572750,0,8995913251059920710,17824893634383501691743,46249162376950080899254,620743500,620743.5,620.7435,0.6207435,2026-02-17 12:06:18,2026-02-17 12:06:19,n_values_equal\n_values_076bit.txt
59957010025657713614533,76,3,60,FOUND,240273283361,249536732453,234080,0,9521637749008755648,25235694762677614573995,55288166290823880811960,264673500,264673.5,264.6735,0.2646735,2026-02-17 12:06:19,2026-02-17 12:06:19,n_values_equal\n_values_076bit.txt
59729883188245073659523,76,1,60,FOUND,232203374521,257230900763,118124,0,8093359635486497794,15738189373229565523121,32566691742116623391337,123299600,123299.6,123.2996,0.1232996,2026-02-17 12:06:19,2026-02-17 12:06:19,n_values_equal\n_values_076bit.txt
59729883188245073659523,76,2,60,FOUND,232203374521,257230900763,212778,0,17205479429579993087,58469674647045614925247,19871307103729568785953,212258900,212258.9,212.2589,0.2122589,2026-02-17 12:06:19,2026-02-17 12:06:20,n_values_equal\n_values_076bit.txt
59729883188245073659523,76,3,60,FOUND,232203374521,257230900763,89445,0,16854252979462243757,33331752112101543345965,52442527622173613160673,91900800,91900.8,91.9008,0.0919008,2026-02-17 12:06:20,2026-02-17 12:06:20,n_values_equal\n_values_076bit.txt
62943039627436677857009,76,1,60,FOUND,246850040257,254984927537,243503,0,16342837512024142344,19650369075098464970748,61535337014311140125425,250672300,250672.3,250.6723,0.2506723,2026-02-17 12:06:20,2026-02-17 12:06:20,n_values_equal\n_values_076bit.txt
62943039627436677857009,76,2,60,FOUND,254984927537,246850040257,351045,0,13301599456314220915,51864574495055487273165,565938803188908510181,404496100,404496.1,404.4961,0.4044961,2026-02-17 12:06:20,2026-02-17 12:06:20,n_values_equal\n_values_076bit.txt
62943039627436677857009,76,3,60,FOUND,254984927537,246850040257,354519,0,16935809815487877850,29697900858581925341385,616218008859825454475,405277700,405277.7,405.2777,0.4052777,2026-02-17 12:06:20,2026-02-17 12:06:21,n_values_equal\n_values_076bit.txt
39271353699874153242601,76,1,60,FOUND,158895019253,247152830117,255600,0,5959978566071750320,29342665698384662409696,16145206593314839836799,279949000,279949.0,279.949,0.279949,2026-02-17 12:06:21,2026-02-17 12:06:21,n_values_equal\n_values_076bit.txt
39271353699874153242601,76,2,60,FOUND,158895019253,247152830117,272292,0,9947934511510182809,36627985788686720535781,36621981698637090205377,298681500,298681.5,298.6815,0.2986815,2026-02-17 12:06:21,2026-02-17 12:06:21,n_values_equal\n_values_076bit.txt
39271353699874153242601,76,3,60,FOUND,158895019253,247152830117,65487,0,8007346922799747606,32520431111917417794004,7050110777330918391015,65951400,65951.4,65.9514,0.0659514,2026-02-17 12:06:21,2026-02-17 12:06:21,n_values_equal\n_values_076bit.txt
64633004420496425176457,76,1,60,FOUND,239403091657,269975646401,172638,0,3677579612104608207,21399490371322706871192,24677738044920191464272,184348400,184348.4,184.3484,0.1843484,2026-02-17 12:06:21,2026-02-17 12:06:22,n_values_equal\n_values_076bit.txt
64633004420496425176457,76,2,60,FOUND,269975646401,239403091657,373090,0,17870066161786878522,4822626387274284648453,12122448634779806114550,388773600,388773.6,388.7736,0.3887736,2026-02-17 12:06:22,2026-02-17 12:06:22,n_values_equal\n_values_076bit.txt
64633004420496425176457,76,3,60,FOUND,269975646401,239403091657,95252,0,6446551787445389230,54658289842648751509219,28978296494369874468030,98995600,98995.6,98.9956,0.0989956,2026-02-17 12:06:22,2026-02-17 12:06:22,n_values_equal\n_values_076bit.txt
41677247970472458887857,76,1,60,FOUND,200026917151,208358197807,336769,0,14696935269322772584,22954764020484118922942,25565251508695812254386,375452500,375452.5,375.4525,0.3754525,2026-02-17 12:06:22,2026-02-17 12:06:22,n_values_equal\n_values_076bit.txt
41677247970472458887857,76,2,60,FOUND,200026917151,208358197807,662912,0,3198490345557946047,4934909560094859533065,3540190035693176456870,683456900,683456.9,683.4569,0.6834569,2026-02-17 12:06:22,2026-02-17 12:06:23,n_values_equal\n_values_076bit.txt
41677247970472458887857,76,3,60,FOUND,200026917151,208358197807,508459,0,9124832241667403030,15869560727222520629131,16756957460256561685800,552933500,552933.5,552.9335,0.5529335,2026-02-17 12:06:23,2026-02-17 12:06:24,n_values_equal\n_values_076bit.txt
48912417354939792206209,76,1,60,FOUND,199933940501,244642891709,379964,0,18135164202673810773,32602541301598997028482,34101208765710535882860,399256700,399256.7,399.2567,0.3992567,2026-02-17 12:06:24,2026-02-17 12:06:24,n_values_equal\n_values_076bit.txt
48912417354939792206209,76,2,60,FOUND,199933940501,244642891709,265860,0,8404028306953427776,11009874053564555508818,13488532836012090247701,281887700,281887.7,281.8877,0.2818877,2026-02-17 12:06:24,2026-02-17 12:06:24,n_values_equal\n_values_076bit.txt
48912417354939792206209,76,3,60,FOUND,244642891709,199933940501,745510,0,17860750411347922581,45136722873282549555286,1457238525960688713238,794680200,794680.2,794.6802,0.7946802,2026-02-17 12:06:24,2026-02-17 12:06:25,n_values_equal\n_values_076bit.txt
47431901743864874968177,76,1,60,FOUND,184226962807,257464493911,280459,0,17933214187293883774,7658733396280475516122,12562390579165144046262,345842700,345842.7,345.8427,0.3458427,2026-02-17 12:06:25,2026-02-17 12:06:26,n_values_equal\n_values_076bit.txt
47431901743864874968177,76,2,60,FOUND,257464493911,184226962807,538239,0,13800588032682728733,22876506252042971240853,47362580563623957231897,579326900,579326.9,579.3269,0.5793269,2026-02-17 12:06:26,2026-02-17 12:06:26,n_values_equal\n_values_076bit.txt
47431901743864874968177,76,3,60,FOUND,184226962807,257464493911,428205,0,9571563361376447987,1229113818223514928184,43703623454541249963317,453561300,453561.3,453.5613,0.4535613,2026-02-17 12:06:26,2026-02-17 12:06:27,n_values_equal\n_values_076bit.txt
45183500549414289870671,76,1,60,FOUND,271507083889,166417391039,409166,0,11256705430123785211,9262541855101951413814,44392402806776175954082,440673900,440673.9,440.6739,0.4406739,2026-02-17 12:06:27,2026-02-17 12:06:27,n_values_equal\n_values_076bit.txt
45183500549414289870671,76,2,60,FOUND,271507083889,166417391039,307168,0,12704196593981304764,25328726494525240762364,36858297035330953414767,312488100,312488.1,312.4881,0.3124881,2026-02-17 12:06:27,2026-02-17 12:06:27,n_values_equal\n_values_076bit.txt
45183500549414289870671,76,3,60,FOUND,271507083889,166417391039,296347,0,6859843824134235120,43286293130985915474316,38020659281973729881538,312663200,312663.2,312.6632,0.3126632,2026-02-17 12:06:27,2026-02-17 12:06:28,n_values_equal\n_values_076bit.txt
54064171314333342777779,76,1,60,FOUND,261458163689,206779434811,624804,0,16840093275689946668,43709338133335569642124,34663463981913962794525,696702100,696702.1,696.7021,0.6967021,2026-02-17 12:06:28,2026-02-17 12:06:28,n_values_equal\n_values_076bit.txt
54064171314333342777779,76,2,60,FOUND,206779434811,261458163689,334062,0,9547625987960014892,22106745325182965719887,7732265707249054497908,403111400,403111.4,403.1114,0.4031114,2026-02-17 12:06:28,2026-02-17 12:06:29,n_values_equal\n_values_076bit.txt
54064171314333342777779,76,3,60,FOUND,206779434811,261458163689,297865,0,10503572266402333763,22340711377938407938688,49677557826256783727361,353273700,353273.7,353.2737,0.3532737,2026-02-17 12:06:29,2026-02-17 12:06:29,n_values_equal\n_values_076bit.txt
48974648128175143639453,76,1,60,FOUND,239138871281,204795848813,393310,0,3140095004073280728,11362134946699357483026,38463183556297550453825,406859400,406859.4,406.8594,0.4068594,2026-02-17 12:06:29,2026-02-17 12:06:30,n_values_equal\n_values_076bit.txt
48974648128175143639453,76,2,60,FOUND,204795848813,239138871281,168694,0,4434016992112196917,12791198963849876462177,5823618892022402013072,178500900,178500.9,178.5009,0.1785009,2026-02-17 12:06:30,2026-02-17 12:06:30,n_values_equal\n_values_076bit.txt
48974648128175143639453,76,3,60,FOUND,204795848813,239138871281,240799,0,13401847763382041584,34309113746780391689546,43572140184930282809794,239001200,239001.2,239.0012,0.2390012,2026-02-17 12:06:30,2026-02-17 12:06:30,n_values_equal\n_values_076bit.txt
40522205781106307852861,76,1,60,FOUND,188931017257,214481488373,430548,0,1066393062028692455,34928288498366414899683,10563674823302657251314,426699300,426699.3,426.6993,0.4266993,2026-02-17 12:06:30,2026-02-17 12:06:30,n_values_equal\n_values_076bit.txt
40522205781106307852861,76,2,60,FOUND,214481488373,188931017257,53322,0,7214783508113147635,2704047613379969466805,37613602792089093496001,52158500,52158.5,52.1585,0.0521585,2026-02-17 12:06:30,2026-02-17 12:06:30,n_values_equal\n_values_076bit.txt
40522205781106307852861,76,3,60,FOUND,188931017257,214481488373,260388,0,12783354092573707040,27291248936998798014802,17675103703319238540179,276910900,276910.9,276.9109,0.2769109,2026-02-17 12:06:30,2026-02-17 12:06:31,n_values_equal\n_values_076bit.txt
63180231672934774218091,76,1,60,FOUND,272009949389,232271767319,703127,0,4017849731788945116,3573129095586725479607,6429288161674285795682,736723600,736723.6,736.7236,0.7367236,2026-02-17 12:06:31,2026-02-17 12:06:31,n_values_equal\n_values_076bit.txt
63180231672934774218091,76,2,60,FOUND,232271767319,272009949389,450285,0,2005937216064332817,27827795923845002389174,7880079143440644022850,455723300,455723.3,455.7233,0.4557233,2026-02-17 12:06:31,2026-02-17 12:06:32,n_values_equal\n_values_076bit.txt
63180231672934774218091,76,3,60,FOUND,232271767319,272009949389,194570,0,7082063298666833913,54137199202901768495212,98179035655502002219,203768100,203768.1,203.7681,0.2037681,2026-02-17 12:06:32,2026-02-17 12:06:32,n_values_equal\n_values_076bit.txt
40446061279016972531851,76,1,60,FOUND,190187276137,212664391123,341038,0,2136132960079712962,32333583511980173649693,10289072980664130154171,341889400,341889.4,341.8894,0.3418894,2026-02-17 12:06:32,2026-02-17 12:06:32,n_values_equal\n_values_076bit.txt
40446061279016972531851,76,2,60,FOUND,190187276137,212664391123,113052,0,17900829333225288984,33277298179473495530828,10273881641789857979095,118064300,118064.3,118.0643,0.1180643,2026-02-17 12:06:32,2026-02-17 12:06:33,n_values_equal\n_values_076bit.txt
40446061279016972531851,76,3,60,FOUND,190187276137,212664391123,465484,0,1459835628538788148,985390912257698645953,27826838456968604870545,517304600,517304.6,517.3046,0.5173046,2026-02-17 12:06:33,2026-02-17 12:06:33,n_values_equal\n_values_076bit.txt
63410432604290321333087,76,1,60,FOUND,250107831781,253532375027,649584,0,6682861753110014084,49382226484536731991079,51400475686987545251467,681632800,681632.8,681.6328,0.6816328,2026-02-17 12:06:33,2026-02-17 12:06:34,n_values_equal\n_values_076bit.txt
63410432604290321333087,76,2,60,FOUND,250107831781,253532375027,160418,0,60291335825387633,16718157086091022687865,46533414343030214838867,171148200,171148.2,171.1482,0.1711482,2026-02-17 12:06:34,2026-02-17 12:06:34,n_values_equal\n_values_076bit.txt
63410432604290321333087,76,3,60,FOUND,250107831781,253532375027,403957,0,4822470481891388367,54414935645231428453455,26395870936499510027561,393392600,393392.6,393.3926,0.3933926,2026-02-17 12:06:34,2026-02-17 12:06:34,n_values_equal\n_values_076bit.txt
44190049843352251545557,76,1,60,FOUND,194263569859,227474713223,182541,0,14472588179785130061,43345639047788927080025,1781264262442009795684,181607500,181607.5,181.6075,0.1816075,2026-02-17 12:06:34,2026-02-17 12:06:34,n_values_equal\n_values_076bit.txt
44190049843352251545557,76,2,60,FOUND,227474713223,194263569859,352812,0,2637911066721736338,3268404681333781301050,38480361869630131606725,376903400,376903.4,376.9034,0.3769034,2026-02-17 12:06:34,2026-02-17 12:06:35,n_values_equal\n_values_076bit.txt
44190049843352251545557,76,3,60,FOUND,227474713223,194263569859,471849,0,15399753654460464398,40023790455299171500526,25653357078534728410379,464861500,464861.5,464.8615,0.4648615,2026-02-17 12:06:35,2026-02-17 12:06:35,n_values_equal\n_values_076bit.txt
49792471519688720244599,76,1,60,FOUND,226246865861,220080270859,401559,0,7703063465357345901,10250089665976186136224,29899322349658250018965,431630000,431630.0,431.63,0.43163,2026-02-17 12:06:35,2026-02-17 12:06:36,n_values_equal\n_values_076bit.txt
49792471519688720244599,76,2,60,FOUND,220080270859,226246865861,274479,0,11862311558235889704,36995827339984562708324,38715590601850577647584,337876900,337876.9,337.8769,0.3378769,2026-02-17 12:06:36,2026-02-17 12:06:36,n_values_equal\n_values_076bit.txt
49792471519688720244599,76,3,60,FOUND,226246865861,220080270859,360869,0,11718943789884447283,24276249016066285445171,24966283469327734264978,374108300,374108.3,374.1083,0.3741083,2026-02-17 12:06:36,2026-02-17 12:06:36,n_values_equal\n_values_076bit.txt
60416688791539482443191,76,1,60,FOUND,261491135989,231046794619,495392,0,5574552805214357143,6101056865359731384110,39967487233437642912774,523961200,523961.2,523.9612,0.5239612,2026-02-17 12:06:36,2026-02-17 12:06:37,n_values_equal\n_values_076bit.txt
60416688791539482443191,76,2,60,FOUND,231046794619,261491135989,218420,0,3789769468366540215,2979945290643129772038,23506873839318903337939,225144300,225144.3,225.1443,0.2251443,2026-02-17 12:06:37,2026-02-17 12:06:37,n_values_equal\n_values_076bit.txt
60416688791539482443191,76,3,60,FOUND,261491135989,231046794619,831948,0,7192294234762747202,24361687230597860038857,48824918018583332458772,899145100,899145.1,899.1451,0.8991451,2026-02-17 12:06:37,2026-02-17 12:06:38,n_values_equal\n_values_076bit.txt
69795138030556841747879,76,1,60,FOUND,270153932603,258353218693,169869,0,16610239284613302433,56512860439066602982848,28848103852598745509627,197337300,197337.3,197.3373,0.1973373,2026-02-17 12:06:38,2026-02-17 12:06:38,n_values_equal\n_values_076bit.txt
69795138030556841747879,76,2,60,FOUND,270153932603,258353218693,167808,0,13330771214014628479,42571472523012050087049,10414195835764267961864,186196600,186196.6,186.1966,0.1861966,2026-02-17 12:06:38,2026-02-17 12:06:38,n_values_equal\n_values_076bit.txt
69795138030556841747879,76,3,60,FOUND,258353218693,270153932603,256372,0,1799851514465481087,9416842069446370477432,59920473457398232580968,294302100,294302.1,294.3021,0.2943021,2026-02-17 12:06:38,2026-02-17 12:06:39,n_values_equal\n_values_076bit.txt
59259494672792905752887,76,1,60,FOUND,235683153361,251437125767,168414,0,16671927629701733404,37082235165270943667661,15650298436649509843737,186497500,186497.5,186.4975,0.1864975,2026-02-17 12:06:39,2026-02-17 12:06:39,n_values_equal\n_values_076bit.txt
59259494672792905752887,76,2,60,FOUND,235683153361,251437125767,459896,0,13490127385747533832,50165935361066265524367,44322070750949917295090,501774400,501774.4,501.7744,0.5017744,2026-02-17 12:06:39,2026-02-17 12:06:39,n_values_equal\n_values_076bit.txt
59259494672792905752887,76,3,60,FOUND,235683153361,251437125767,383064,0,12224727474613039479,12902517999279744203525,44176353884931541177151,393848400,393848.4,393.8484,0.3938484,2026-02-17 12:06:39,2026-02-17 12:06:40,n_values_equal\n_values_076bit.txt
45492382156322955721897,76,1,60,FOUND,191084639467,238074511291,349944,0,2765590922202758534,44753460370520862154590,1790732330032969708445,371402500,371402.5,371.4025,0.3714025,2026-02-17 12:06:40,2026-02-17 12:06:40,n_values_equal\n_values_076bit.txt
45492382156322955721897,76,2,60,FOUND,191084639467,238074511291,337086,0,899722617497144913,26702049377412491787241,29518737418946629153710,354286200,354286.2,354.2862,0.3542862,2026-02-17 12:06:40,2026-02-17 12:06:41,n_values_equal\n_values_076bit.txt
45492382156322955721897,76,3,60,FOUND,238074511291,191084639467,449024,0,15633457192205276729,21747729255846177066645,18335877491229454649643,497666700,497666.7,497.6667,0.4976667,2026-02-17 12:06:41,2026-02-17 12:06:41,n_values_equal\n_values_076bit.txt
56457042934567240661029,76,1,60,FOUND,205675538657,274495660997,484440,0,13159528404476765754,4442928405308093950869,40677039639719842517083,556521400,556521.4,556.5214,0.5565214,2026-02-17 12:06:41,2026-02-17 12:06:42,n_values_equal\n_values_076bit.txt
56457042934567240661029,76,2,60,FOUND,274495660997,205675538657,100192,0,2021680074170759705,35184880048483585250382,6446421139342837514810,117523700,117523.7,117.5237,0.1175237,2026-02-17 12:06:42,2026-02-17 12:06:42,n_values_equal\n_values_076bit.txt
56457042934567240661029,76,3,60,FOUND,274495660997,205675538657,350610,0,4080580006943087166,19332331080365991228046,31321375554659309102717,401908300,401908.3,401.9083,0.4019083,2026-02-17 12:06:42,2026-02-17 12:06:42,n_values_equal\n_values_076bit.txt
54974819180828945440351,76,1,60,FOUND,261330615421,210365016331,420478,0,1472417367551177427,28819293978080352573979,10675903914005366845003,480499000,480499.0,480.499,0.480499,2026-02-17 12:06:42,2026-02-17 12:06:43,n_values_equal\n_values_076bit.txt
54974819180828945440351,76,2,60,FOUND,261330615421,210365016331,207361,0,6936415860709950755,33247950691615023816397,46208449493726145574531,281731200,281731.2,281.7312,0.2817312,2026-02-17 12:06:43,2026-02-17 12:06:43,n_values_equal\n_values_076bit.txt
54974819180828945440351,76,3,60,FOUND,261330615421,210365016331,236612,0,14322087549154913704,54718481438445868090370,13179054865554688933911,263763500,263763.5,263.7635,0.2637635,2026-02-17 12:06:43,2026-02-17 12:06:43,n_values_equal\n_values_076bit.txt
45082285608039840613139,76,1,60,FOUND,192849414803,233769366913,462665,0,9087261640554530330,17127314228633002748248,7675076794015549545571,517023200,517023.2,517.0232,0.5170232,2026-02-17 12:06:43,2026-02-17 12:06:44,n_values_equal\n_values_076bit.txt
45082285608039840613139,76,2,60,FOUND,192849414803,233769366913,113723,0,13016652922213160388,14636475962878597120632,7477035985702028734139,114919300,114919.3,114.9193,0.1149193,2026-02-17 12:06:44,2026-02-17 12:06:44,n_values_equal\n_values_076bit.txt
45082285608039840613139,76,3,60,FOUND,192849414803,233769366913,94124,0,8346008494623797831,5236524912958962660579,41198500610831586514854,102900800,102900.8,102.9008,0.1029008,2026-02-17 12:06:44,2026-02-17 12:06:44,n_values_equal\n_values_076bit.txt
683320404975026023391107,80,1,60,FOUND,764510006083,893801780929,463483,0,413434731208745591,220586331767406870994923,586954334846365220222594,543526300,543526.3,543.5263,0.5435263,2026-02-17 12:06:44,2026-02-17 12:06:44,n_values_equal\n_values_080bit.txt
683320404975026023391107,80,2,60,FOUND,764510006083,893801780929,723856,0,4446179388264341672,487469960581831833808071,526105810291524537467015,797968500,797968.5,797.9685,0.7979685,2026-02-17 12:06:44,2026-02-17 12:06:45,n_values_equal\n_values_080bit.txt
683320404975026023391107,80,3,60,FOUND,893801780929,764510006083,1540399,0,822440363551642218,586682729328065461700729,628209102042129917339050,1655425900,1655425.9,1655.4259,1.6554259,2026-02-17 12:06:45,2026-02-17 12:06:47,n_values_equal\n_values_080bit.txt
861035966603485622934013,80,1,60,FOUND,934913699989,920979087817,1199272,0,1745441553757560522,859806816058252708463924,55874816519176185533389,1225071600,1225071.6,1225.0716,1.2250716,2026-02-17 12:06:47,2026-02-17 12:06:48,n_values_equal\n_values_080bit.txt
861035966603485622934013,80,2,60,FOUND,934913699989,920979087817,249489,0,10890714000367160515,701069489612415403305497,663706120914299354458134,264105400,264105.4,264.1054,0.2641054,2026-02-17 12:06:48,2026-02-17 12:06:48,n_values_equal\n_values_080bit.txt
861035966603485622934013,80,3,60,FOUND,920979087817,934913699989,363913,0,10145759176509381757,402496790130403044902383,185902458415361337388819,376874100,376874.1,376.8741,0.3768741,2026-02-17 12:06:48,2026-02-17 12:06:49,n_values_equal\n_values_080bit.txt
700880979104365883501113,80,1,60,FOUND,1062348467027,659746778819,656250,0,6975893166232008291,421000434740176982274538,361535955889009741670729,724559900,724559.9,724.5599,0.7245599,2026-02-17 12:06:49,2026-02-17 12:06:50,n_values_equal\n_values_080bit.txt
700880979104365883501113,80,2,60,FOUND,1062348467027,659746778819,632970,0,11063185332394794047,620780300751073637547679,633055444126248344623187,713399000,713399.0,713.399,0.713399,2026-02-17 12:06:50,2026-02-17 12:06:50,n_values_equal\n_values_080bit.txt
700880979104365883501113,80,3,60,FOUND,1062348467027,659746778819,190890,0,12773501348890082130,435634301920282493572365,327304003684307814557713,229615000,229615.0,229.615,0.229615,2026-02-17 12:06:50,2026-02-17 12:06:50,n_values_equal\n_values_080bit.txt
658711156261475272405451,80,1,60,FOUND,965667880739,682130129209,430774,0,8237629536100487968,243107289309104656953697,137711682272668574330957,495809800,495809.8,495.8098,0.4958098,2026-02-17 12:06:50,2026-02-17 12:06:51,n_values_equal\n_values_080bit.txt
658711156261475272405451,80,2,60,FOUND,965667880739,682130129209,734436,0,18423179224287707555,376276847861009951045639,418206077717161868637412,995934300,995934.3,995.9343,0.9959343,2026-02-17 12:06:51,2026-02-17 12:06:52,n_values_equal\n_values_080bit.txt
658711156261475272405451,80,3,60,FOUND,965667880739,682130129209,309705,0,1000508814093144885,616191753835134378874230,610748999371662924692692,404716600,404716.6,404.7166,0.4047166,2026-02-17 12:06:52,2026-02-17 12:06:52,n_values_equal\n_values_080bit.txt
712861494422732108268691,80,1,60,FOUND,965597994469,738259087639,1214848,0,17498944836624670207,4042794666916373193197,233021106740430125323517,1403891300,1403891.3,1403.8913,1.4038913,2026-02-17 12:06:52,2026-02-17 12:06:54,n_values_equal\n_values_080bit.txt
712861494422732108268691,80,2,60,FOUND,738259087639,965597994469,949616,0,2059374002852695024,19102727876394947381639,449660176898091224790478,1077127300,1077127.3,1077.1273,1.0771273,2026-02-17 12:06:54,2026-02-17 12:06:55,n_values_equal\n_values_080bit.txt
712861494422732108268691,80,3,60,FOUND,965597994469,738259087639,380421,0,9493761701670187197,318086010441313724872605,699135859737122160919166,417035600,417035.6,417.0356,0.4170356,2026-02-17 12:06:55,2026-02-17 12:06:55,n_values_equal\n_values_080bit.txt
666414632989991023648249,80,1,60,FOUND,670569039433,993804655153,682556,0,5124888297911459056,648045768453846270718638,526062691749796694304953,701621600,701621.6,701.6216,0.7016216,2026-02-17 12:06:55,2026-02-17 12:06:56,n_values_equal\n_values_080bit.txt
666414632989991023648249,80,2,60,FOUND,670569039433,993804655153,663199,0,11595578329864953005,211084838536397158299681,451623969525271172993385,736552900,736552.9,736.5529,0.7365529,2026-02-17 12:06:56,2026-02-17 12:06:57,n_values_equal\n_values_080bit.txt
666414632989991023648249,80,3,60,FOUND,670569039433,993804655153,647994,0,2595677506332615858,277735402070189347171726,623799654058825733785304,710753900,710753.9,710.7539,0.7107539,2026-02-17 12:06:57,2026-02-17 12:06:57,n_values_equal\n_values_080bit.txt
907719644718614785563049,80,1,60,FOUND,1015894173439,893517915991,240270,0,2560699161015336629,681947993526068067242715,574169478820743623565184,253873400,253873.4,253.8734,0.2538734,2026-02-17 12:06:57,2026-02-17 12:06:58,n_values_equal\n_values_080bit.txt
907719644718614785563049,80,2,60,FOUND,893517915991,1015894173439,913472,0,869817516808947610,732473262679053832790849,143360362013896858395970,976248700,976248.7,976.2487,0.9762487,2026-02-17 12:06:58,2026-02-17 12:06:59,n_values_equal\n_values_080bit.txt
907719644718614785563049,80,3,60,FOUND,893517915991,1015894173439,506864,0,13453075145855253797,463161538959674750753594,826110539576965339844240,529229000,529229.0,529.229,0.529229,2026-02-17 12:06:59,2026-02-17 12:06:59,n_values_equal\n_values_080bit.txt
674461070427412525822157,80,1,60,FOUND,774823108519,870471031403,387671,0,8376260843180859537,674169623230299844944811,369406792286561532513659,439517200,439517.2,439.5172,0.4395172,2026-02-17 12:06:59,2026-02-17 12:07:00,n_values_equal\n_values_080bit.txt
674461070427412525822157,80,2,60,FOUND,774823108519,870471031403,1004297,0,2613065008396682917,516465854636069438760973,84512466446458287930082,1089354500,1089354.5,1089.3545,1.0893545,2026-02-17 12:07:00,2026-02-17 12:07:01,n_values_equal\n_values_080bit.txt
674461070427412525822157,80,3,60,FOUND,774823108519,870471031403,895708,0,15089122703055022376,530531879008067688462976,668015346229270449279170,982326000,982326.0,982.326,0.982326,2026-02-17 12:07:01,2026-02-17 12:07:02,n_values_equal\n_values_080bit.txt
836279519144486932344553,80,1,60,FOUND,833862750893,1002898280621,966683,0,14138139375253313035,253926893347690244959397,412118572421824711200978,1136927500,1136927.5,1136.9275,1.1369275,2026-02-17 12:07:02,2026-02-17 12:07:03,n_values_equal\n_values_080bit.txt
836279519144486932344553,80,2,60,FOUND,833862750893,1002898280621,496536,0,14593281674132942952,646753843359007853653896,63850825880510407648686,557702300,557702.3,557.7023,0.5577023,2026-02-17 12:07:03,2026-02-17 12:07:03,n_values_equal\n_values_080bit.txt
836279519144486932344553,80,3,60,FOUND,1002898280621,833862750893,884389,0,9273588243791658517,391843050172692854957410,74532558263170157593827,1003164400,1003164.4,1003.1644,1.0031644,2026-02-17 12:07:03,2026-02-17 12:07:04,n_values_equal\n_values_080bit.txt
888514520718095195732177,80,1,60,FOUND,810219332963,1096634558779,265457,0,8703320485210725850,503961746726841918003075,440905671306501915703420,298278400,298278.4,298.2784,0.2982784,2026-02-17 12:07:04,2026-02-17 12:07:05,n_values_equal\n_values_080bit.txt
888514520718095195732177,80,2,60,FOUND,1096634558779,810219332963,846949,0,161349271184623315,267838249378280024490604,620400279520559163297188,905050400,905050.4,905.0504,0.9050504,2026-02-17 12:07:05,2026-02-17 12:07:06,n_values_equal\n_values_080bit.txt
888514520718095195732177,80,3,60,FOUND,810219332963,1096634558779,897121,0,8974229322504276480,614101252321129348104622,331387043110165731661371,966738000,966738.0,966.738,0.966738,2026-02-17 12:07:06,2026-02-17 12:07:07,n_values_equal\n_values_080bit.txt
728069101949597761564919,80,1,60,FOUND,795209041423,915569446553,758104,0,1116231799470932261,239801296271922285271849,614485123713184039430848,781535600,781535.6,781.5356,0.7815356,2026-02-17 12:07:07,2026-02-17 12:07:07,n_values_equal\n_values_080bit.txt
728069101949597761564919,80,2,60,FOUND,795209041423,915569446553,782576,0,12839922622749499246,51009761820623892650988,202062907193358412975874,830650600,830650.6,830.6506,0.8306506,2026-02-17 12:07:07,2026-02-17 12:07:08,n_values_equal\n_values_080bit.txt
728069101949597761564919,80,3,60,FOUND,915569446553,795209041423,519508,0,17287161939967057685,506953361800436830405895,396835152580246702853307,540984900,540984.9,540.9849,0.5409849,2026-02-17 12:07:08,2026-02-17 12:07:09,n_values_equal\n_values_080bit.txt
633706286647143696376759,80,1,60,FOUND,797617748957,794498727587,565545,0,3619079333922521070,615514674251429542529183,217837048603961678123463,636380300,636380.3,636.3803,0.6363803,2026-02-17 12:07:09,2026-02-17 12:07:09,n_values_equal\n_values_080bit.txt
633706286647143696376759,80,2,60,FOUND,797617748957,794498727587,961693,0,12725628659126311751,133488312855419429732084,123067901376561275410771,1054678000,1054678.0,1054.678,1.054678,2026-02-17 12:07:09,2026-02-17 12:07:10,n_values_equal\n_values_080bit.txt
633706286647143696376759,80,3,60,FOUND,794498727587,797617748957,936338,0,17140140129936532552,90026491842814929996437,431291195220216011308581,1006044700,1006044.7,1006.0447,1.0060447,2026-02-17 12:07:10,2026-02-17 12:07:11,n_values_equal\n_values_080bit.txt
910829759551797750851867,80,1,60,FOUND,996904627403,913657871089,738918,0,14324449273553185510,363912852519095229922638,39046466134631361145984,812484700,812484.7,812.4847,0.8124847,2026-02-17 12:07:11,2026-02-17 12:07:12,n_values_equal\n_values_080bit.txt
910829759551797750851867,80,2,60,FOUND,913657871089,996904627403,383805,0,18230446428413439603,587735019884348258401719,504018875689203628694739,398004500,398004.5,398.0045,0.3980045,2026-02-17 12:07:12,2026-02-17 12:07:13,n_values_equal\n_values_080bit.txt
910829759551797750851867,80,3,60,FOUND,996904627403,913657871089,583444,0,10093943601460202540,18195427611150363343025,264133258349663883760112,728132700,728132.7,728.1327,0.7281327,2026-02-17 12:07:13,2026-02-17 12:07:13,n_values_equal\n_values_080bit.txt
646709827533242090145449,80,1,60,FOUND,974777546947,663443500067,177361,0,3806619922021318704,565516722129588574469278,61593795142185390818522,190793300,190793.3,190.7933,0.1907933,2026-02-17 12:07:13,2026-02-17 12:07:14,n_values_equal\n_values_080bit.txt
646709827533242090145449,80,2,60,FOUND,663443500067,974777546947,811443,0,8560448527387650403,500506986268296909301009,514701555329021557748894,903446700,903446.7,903.4467,0.9034467,2026-02-17 12:07:14,2026-02-17 12:07:14,n_values_equal\n_values_080bit.txt
646709827533242090145449,80,3,60,FOUND,663443500067,974777546947,116869,0,6223533005219153134,526418304090648427497044,593259409385163869034905,121257800,121257.8,121.2578,0.1212578,2026-02-17 12:07:14,2026-02-17 12:07:15,n_values_equal\n_values_080bit.txt
711979758837240273843101,80,1,60,FOUND,748292030953,951473127317,356707,0,13811738469744364453,456089917584103546632143,87544923805227467746035,384965800,384965.8,384.9658,0.3849658,2026-02-17 12:07:15,2026-02-17 12:07:15,n_values_equal\n_values_080bit.txt
711979758837240273843101,80,2,60,FOUND,748292030953,951473127317,489805,0,17804287184389523010,282210330916815010797448,578195022587331841018845,508325400,508325.4,508.3254,0.5083254,2026-02-17 12:07:15,2026-02-17 12:07:15,n_values_equal\n_values_080bit.txt
711979758837240273843101,80,3,60,FOUND,951473127317,748292030953,1345553,0,6109419248123634875,137031225403219616908948,656836555378318893130609,1392271500,1392271.5,1392.2715,1.3922715,2026-02-17 12:07:15,2026-02-17 12:07:17,n_values_equal\n_values_080bit.txt
902042279860679638736441,80,1,60,FOUND,852444862219,1058182552139,568040,0,4968672201681578642,284969726115297673353231,406575384815116641118221,627580400,627580.4,627.5804,0.6275804,2026-02-17 12:07:17,2026-02-17 12:07:17,n_values_equal\n_values_080bit.txt
902042279860679638736441,80,2,60,FOUND,1058182552139,852444862219,1085805,0,7922771716251335852,783394793096011193107824,599813762283727998230263,1243753600,1243753.6,1243.7536,1.2437536,2026-02-17 12:07:17,2026-02-17 12:07:19,n_values_equal\n_values_080bit.txt
902042279860679638736441,80,3,60,FOUND,1058182552139,852444862219,396811,0,8911189077385966302,647482240824257375633148,693700097569237415369891,424056800,424056.8,424.0568,0.4240568,2026-02-17 12:07:19,2026-02-17 12:07:19,n_values_equal\n_values_080bit.txt
1060173814041186545516581,80,1,60,FOUND,1039705887461,1019686265921,1105125,0,16087305775667059237,918163767435533520575104,626017695395522635066505,1179664800,1179664.8,1179.6648,1.1796648,2026-02-17 12:07:19,2026-02-17 12:07:20,n_values_equal\n_values_080bit.txt
1060173814041186545516581,80,2,60,FOUND,1019686265921,1039705887461,674063,0,11311217163328915423,280370579394407470540078,994845840483592734260359,710082400,710082.4,710.0824,0.7100824,2026-02-17 12:07:20,2026-02-17 12:07:21,n_values_equal\n_values_080bit.txt
1060173814041186545516581,80,3,60,FOUND,1019686265921,1039705887461,1312636,0,3503345370765531454,7233168601031317743290,334355711323801254182062,1419008100,1419008.1,1419.0081,1.4190081,2026-02-17 12:07:21,2026-02-17 12:07:22,n_values_equal\n_values_080bit.txt
805574374217554346172707,80,1,60,FOUND,756262623359,1065204532573,53417,0,5594997307722861285,653596666077474761863167,324684667778188475498004,59540800,59540.8,59.5408,0.0595408,2026-02-17 12:07:22,2026-02-17 12:07:23,n_values_equal\n_values_080bit.txt
805574374217554346172707,80,2,60,FOUND,1065204532573,756262623359,1371525,0,2785512152004625108,793069400639797648838978,365619351688082892300775,1570764100,1570764.1,1570.7641,1.5707641,2026-02-17 12:07:23,2026-02-17 12:07:24,n_values_equal\n_values_080bit.txt
805574374217554346172707,80,3,60,FOUND,1065204532573,756262623359,851052,0,15920477617933061405,516688583580031718159087,681698439801809312637362,895856200,895856.2,895.8562,0.8958562,2026-02-17 12:07:24,2026-02-17 12:07:25,n_values_equal\n_values_080bit.txt
685628515726799976270421,80,1,60,FOUND,952956993379,719474772199,145516,0,16074788850317448610,380142705865327221511452,451288181945963888847532,162304200,162304.2,162.3042,0.1623042,2026-02-17 12:07:25,2026-02-17 12:07:25,n_values_equal\n_values_080bit.txt
685628515726799976270421,80,2,60,FOUND,719474772199,952956993379,1022564,0,2546418056347525794,557929351845594493150842,621684512053991654750847,1084343500,1084343.5,1084.3435,1.0843435,2026-02-17 12:07:25,2026-02-17 12:07:26,n_values_equal\n_values_080bit.txt
685628515726799976270421,80,3,60,FOUND,719474772199,952956993379,545089,0,13627590479298819453,110975957032261672906623,507385727597754586633458,603567000,603567.0,603.567,0.603567,2026-02-17 12:07:26,2026-02-17 12:07:27,n_values_equal\n_values_080bit.txt
889578308666235390455321,80,1,60,FOUND,1098574774189,809756722589,410028,0,6079499956775091621,346257670764623171985825,251116468238914222350022,444532900,444532.9,444.5329,0.4445329,2026-02-17 12:07:27,2026-02-17 12:07:27,n_values_equal\n_values_080bit.txt
889578308666235390455321,80,2,60,FOUND,809756722589,1098574774189,1744851,0,10283406814354665671,464826132492582949867395,164950709974851952425577,1819249100,1819249.1,1819.2491,1.8192491,2026-02-17 12:07:27,2026-02-17 12:07:29,n_values_equal\n_values_080bit.txt
889578308666235390455321,80,3,60,FOUND,1098574774189,809756722589,1349408,0,5950587380544069328,97467628573051497257408,678896447213336969412820,1396541600,1396541.6,1396.5416,1.3965416,2026-02-17 12:07:29,2026-02-17 12:07:30,n_values_equal\n_values_080bit.txt
743394678896453432446739,80,1,60,FOUND,823711713421,902493756959,863426,0,15351380007402167965,613238601856825630062952,290326759463525452647798,869017500,869017.5,869.0175,0.8690175,2026-02-17 12:07:30,2026-02-17 12:07:31,n_values_equal\n_values_080bit.txt
743394678896453432446739,80,2,60,FOUND,823711713421,902493756959,422185,0,814876009228241195,8039492278780971196056,18397802180171196901305,432094300,432094.3,432.0943,0.4320943,2026-02-17 12:07:31,2026-02-17 12:07:32,n_values_equal\n_values_080bit.txt
743394678896453432446739,80,3,60,FOUND,823711713421,902493756959,317530,0,8034975354554995185,189303661427406991776519,721672541142600748656164,329952600,329952.6,329.9526,0.3299526,2026-02-17 12:07:32,2026-02-17 12:07:32,n_values_equal\n_values_080bit.txt
728417328371126000585053,80,1,60,FOUND,951933466279,765197730907,714592,0,14124683323452831020,147340451957428801249441,538896595246200800459577,758481300,758481.3,758.4813,0.7584813,2026-02-17 12:07:32,2026-02-17 12:07:33,n_values_equal\n_values_080bit.txt
728417328371126000585053,80,2,60,FOUND,951933466279,765197730907,621159,0,14202654023787718357,630843716394109088080134,175678369070447486197127,662291800,662291.8,662.2918,0.6622918,2026-02-17 12:07:33,2026-02-17 12:07:34,n_values_equal\n_values_080bit.txt
728417328371126000585053,80,3,60,FOUND,765197730907,951933466279,220197,0,1261007706563500847,97442142582655812054330,634350035260344167634331,225462400,225462.4,225.4624,0.2254624,2026-02-17 12:07:34,2026-02-17 12:07:34,n_values_equal\n_values_080bit.txt
655861426534210820345251,80,1,60,FOUND,755684326391,867903969461,276179,0,16296657857617083688,175137541980822924835240,388179976118663946631178,304313500,304313.5,304.3135,0.3043135,2026-02-17 12:07:34,2026-02-17 12:07:34,n_values_equal\n_values_080bit.txt
655861426534210820345251,80,2,60,FOUND,867903969461,755684326391,608616,0,17209542850492078789,319929913681914044903436,159733479377526409744038,706045300,706045.3,706.0453,0.7060453,2026-02-17 12:07:34,2026-02-17 12:07:35,n_values_equal\n_values_080bit.txt
655861426534210820345251,80,3,60,FOUND,755684326391,867903969461,1655792,0,3031186718963443013,494411671277375798015546,339147032132115958015339,1844431100,1844431.1,1844.4311,1.8444311,2026-02-17 12:07:35,2026-02-17 12:07:37,n_values_equal\n_values_080bit.txt
708250814838801820601993,80,1,60,FOUND,981266950567,721771801679,557290,0,11586312260810912524,641132595905202845835834,113734751966150191941893,631436100,631436.1,631.4361,0.6314361,2026-02-17 12:07:37,2026-02-17 12:07:37,n_values_equal\n_values_080bit.txt
708250814838801820601993,80,2,60,FOUND,721771801679,981266950567,423947,0,15432523223873157782,256048028541445183753514,596940387692594982746356,457295700,457295.7,457.2957,0.4572957,2026-02-17 12:07:37,2026-02-17 12:07:38,n_values_equal\n_values_080bit.txt
708250814838801820601993,80,3,60,FOUND,721771801679,981266950567,277570,0,10649746190677192954,309961806760236415544052,240749553521505391126099,304870800,304870.8,304.8708,0.3048708,2026-02-17 12:07:38,2026-02-17 12:07:38,n_values_equal\n_values_080bit.txt
978741362924522922857887,80,1,60,FOUND,972904305007,1005999621841,372645,0,16571557564262804637,481259095203840327482370,734105757876343216374024,381803000,381803.0,381.803,0.381803,2026-02-17 12:07:38,2026-02-17 12:07:38,n_values_equal\n_values_080bit.txt
978741362924522922857887,80,2,60,FOUND,1005999621841,972904305007,348174,0,8371842103440764944,945802834362072587914726,902621811084602664165071,368911000,368911.0,368.911,0.368911,2026-02-17 12:07:38,2026-02-17 12:07:39,n_values_equal\n_values_080bit.txt
978741362924522922857887,80,3,60,FOUND,1005999621841,972904305007,900965,0,15315021180515322602,7128721606116349394694,867981115370174952911284,962449400,962449.4,962.4494,0.9624494,2026-02-17 12:07:39,2026-02-17 12:07:40,n_values_equal\n_values_080bit.txt
13454387222814681157595461,84,1,60,FOUND,4083760296479,3294607480859,412851,0,17281603500944010125,2344313935058278016403090,3448341549164909336971394,453889800,453889.8,453.8898,0.4538898,2026-02-17 12:07:40,2026-02-17 12:07:40,n_values_equal\n_values_084bit.txt
13454387222814681157595461,84,2,60,FOUND,3294607480859,4083760296479,2478708,0,10017522081708853514,1720205682677775191599638,2273610915416380542609851,2686090300,2686090.3,2686.0903,2.6860903,2026-02-17 12:07:40,2026-02-17 12:07:43,n_values_equal\n_values_084bit.txt
13454387222814681157595461,84,3,60,FOUND,3294607480859,4083760296479,1291985,0,7817058702000095301,6083006126422229778340427,5330027217920706294807193,1480487200,1480487.2,1480.4872,1.4804872,2026-02-17 12:07:43,2026-02-17 12:07:44,n_values_equal\n_values_084bit.txt
15311618558175459005778497,84,1,60,FOUND,4270921148731,3585085751987,827006,0,16793153322695414983,8395716662087837042314792,13056708653966044330685865,928924100,928924.1,928.9241,0.9289241,2026-02-17 12:07:44,2026-02-17 12:07:45,n_values_equal\n_values_084bit.txt
15311618558175459005778497,84,2,60,FOUND,4270921148731,3585085751987,1626570,0,7691312681376063319,4031901125072214251082507,9652434909864671162829933,1707987800,1707987.8,1707.9878,1.7079878,2026-02-17 12:07:45,2026-02-17 12:07:47,n_values_equal\n_values_084bit.txt
15311618558175459005778497,84,3,60,FOUND,3585085751987,4270921148731,1537682,0,11965917602526366519,9880724763302061959219152,14639242388988023181212032,1636531100,1636531.1,1636.5311,1.6365311,2026-02-17 12:07:47,2026-02-17 12:07:49,n_values_equal\n_values_084bit.txt
16350978633204211742323241,84,1,60,FOUND,3986458972787,4101629728243,897202,0,3398589166473157627,12098627779420045671647196,16302153388371458515079471,962601000,962601.0,962.601,0.962601,2026-02-17 12:07:49,2026-02-17 12:07:50,n_values_equal\n_values_084bit.txt
16350978633204211742323241,84,2,60,FOUND,3986458972787,4101629728243,1528408,0,3733014914170405881,6407396520620483652558692,10518869025175221541199195,1669181600,1669181.6,1669.1816,1.6691816,2026-02-17 12:07:50,2026-02-17 12:07:51,n_values_equal\n_values_084bit.txt
16350978633204211742323241,84,3,60,FOUND,4101629728243,3986458972787,1739790,0,6179168300583976228,3094931464678137478292677,531947257129153020419673,1908788100,1908788.1,1908.7881,1.9087881,2026-02-17 12:07:51,2026-02-17 12:07:53,n_values_equal\n_values_084bit.txt
10283794478777950522974097,84,1,60,FOUND,2601360476899,3953236996603,1700443,0,4539417685046035957,6215236908005074324304029,8029547580195513269092247,1848436600,1848436.6,1848.4366,1.8484366,2026-02-17 12:07:53,2026-02-17 12:07:55,n_values_equal\n_values_084bit.txt
10283794478777950522974097,84,2,60,FOUND,2601360476899,3953236996603,1520351,0,6336098111826611792,1621866590949531493595310,8289944281160722082853556,1649057400,1649057.4,1649.0574,1.6490574,2026-02-17 12:07:55,2026-02-17 12:07:57,n_values_equal\n_values_084bit.txt
10283794478777950522974097,84,3,60,FOUND,2601360476899,3953236996603,780150,0,13602827489184346314,2149171251489979904401209,6613507874962475972660525,855211300,855211.3,855.2113,0.8552113,2026-02-17 12:07:57,2026-02-17 12:07:58,n_values_equal\n_values_084bit.txt
10712701096467914799857549,84,1,60,FOUND,3123078252661,3430173767609,864607,0,13741627178454877958,7048856373852784879080269,9965627499737764163645289,934003500,934003.5,934.0035,0.9340035,2026-02-17 12:07:58,2026-02-17 12:07:58,n_values_equal\n_values_084bit.txt
10712701096467914799857549,84,2,60,FOUND,3123078252661,3430173767609,1623457,0,15417348797450080787,4383567313836754593136565,2235896954566156232519994,1747957600,1747957.6,1747.9576,1.7479576,2026-02-17 12:07:58,2026-02-17 12:08:00,n_values_equal\n_values_084bit.txt
10712701096467914799857549,84,3,60,FOUND,3430173767609,3123078252661,1345279,0,12328102578457161004,364580932864279278507511,7922673475366486976286636,1482252100,1482252.1,1482.2521,1.4822521,2026-02-17 12:08:00,2026-02-17 12:08:02,n_values_equal\n_values_084bit.txt
15512612781969077550303571,84,1,60,FOUND,4233579552481,3664183603891,2055963,0,6629458007604608056,47628535801807435134623,6528139129677693318469451,2157151100,2157151.1,2157.1511,2.1571511,2026-02-17 12:08:02,2026-02-17 12:08:04,n_values_equal\n_values_084bit.txt
15512612781969077550303571,84,2,60,FOUND,4233579552481,3664183603891,971598,0,1226674260793280560,9615868402302490204936270,8690077192046445264945313,994864000,994864.0,994.864,0.994864,2026-02-17 12:08:04,2026-02-17 12:08:05,n_values_equal\n_values_084bit.txt
15512612781969077550303571,84,3,60,FOUND,3664183603891,4233579552481,508608,0,3071454466154826024,13760464854300994290146592,6652019228686962437491257,504930700,504930.7,504.9307,0.5049307,2026-02-17 12:08:05,2026-02-17 12:08:05,n_values_equal\n_values_084bit.txt
17127884333235054754878697,84,1,60,FOUND,4366780330019,3922314162563,1059586,0,7527334593194880256,9665203012680534111681676,15747304593036770728541929,1189871500,1189871.5,1189.8715,1.1898715,2026-02-17 12:08:05,2026-02-17 12:08:07,n_values_equal\n_values_084bit.txt
17127884333235054754878697,84,2,60,FOUND,4366780330019,3922314162563,2214428,0,16668611706246245986,13377380341358260837762447,16341462911563063198388118,2484170800,2484170.8,2484.1708,2.4841708,2026-02-17 12:08:07,2026-02-17 12:08:09,n_values_equal\n_values_084bit.txt
17127884333235054754878697,84,3,60,FOUND,4366780330019,3922314162563,2181723,0,4329562086205535131,14111660465523237758199549,14058343209352655332233119,2321429900,2321429.9,2321.4299,2.3214299,2026-02-17 12:08:09,2026-02-17 12:08:11,n_values_equal\n_values_084bit.txt
10854264384241202852157103,84,1,60,FOUND,3485965575373,3113703836011,1375537,0,16757033417082461371,1312420588664757015831953,9775469723745876699142378,1444715400,1444715.4,1444.7154,1.4447154,2026-02-17 12:08:11,2026-02-17 12:08:13,n_values_equal\n_values_084bit.txt
10854264384241202852157103,84,2,60,FOUND,3485965575373,3113703836011,1670338,0,2548962216591050752,8329788702825133218035229,9067444519282927703385201,1830572100,1830572.1,1830.5721,1.8305721,2026-02-17 12:08:13,2026-02-17 12:08:15,n_values_equal\n_values_084bit.txt
10854264384241202852157103,84,3,60,FOUND,3485965575373,3113703836011,2788384,0,6923003946961087104,9186896128830518111298400,2575592861996958100894906,3078591800,3078591.8,3078.5918,3.0785918,2026-02-17 12:08:15,2026-02-17 12:08:18,n_values_equal\n_values_084bit.txt
13972056237735264973268527,84,1,60,FOUND,3706865491099,3769237451773,2280226,0,7234497173195329229,1167482710504753260225944,8298988217153168825492816,2519515900,2519515.9,2519.5159,2.5195159,2026-02-17 12:08:18,2026-02-17 12:08:20,n_values_equal\n_values_084bit.txt
13972056237735264973268527,84,2,60,FOUND,3706865491099,3769237451773,1988756,0,9430492217966097384,10975350532769965927552027,7354306707326254572294925,2184257700,2184257.7,2184.2577,2.1842577,2026-02-17 12:08:20,2026-02-17 12:08:22,n_values_equal\n_values_084bit.txt
13972056237735264973268527,84,3,60,FOUND,3706865491099,3769237451773,2636680,0,17938125119501693388,12299834345378648423327679,520318388309355473418963,2923715900,2923715.9,2923.7159,2.9237159,2026-02-17 12:08:22,2026-02-17 12:08:25,n_values_equal\n_values_084bit.txt
17294788698937137871122253,84,1,60,FOUND,3933484843217,4396810814909,2068172,0,16021938317955934093,8769537406885321280849213,10811236027535929533401136,2241246000,2241246.0,2241.246,2.241246,2026-02-17 12:08:25,2026-02-17 12:08:28,n_values_equal\n_values_084bit.txt
17294788698937137871122253,84,2,60,FOUND,4396810814909,3933484843217,2922429,0,565067280631315227,7875791067227975033468670,4139483401204618956315566,3152807600,3152807.6,3152.8076,3.1528076,2026-02-17 12:08:28,2026-02-17 12:08:31,n_values_equal\n_values_084bit.txt
17294788698937137871122253,84,3,60,FOUND,4396810814909,3933484843217,1061080,0,14546922148477664261,11886038427438374597835259,10007211665478836378834953,1152120300,1152120.3,1152.1203,1.1521203,2026-02-17 12:08:31,2026-02-17 12:08:32,n_values_equal\n_values_084bit.txt
13747027584996253468807907,84,1,60,FOUND,3792411565391,3624877560877,2970060,0,5558085315706603180,4789231260292013564222781,6583651907032293439419226,3136471300,3136471.3,3136.4713,3.1364713,2026-02-17 12:08:32,2026-02-17 12:08:35,n_values_equal\n_values_084bit.txt
13747027584996253468807907,84,2,60,FOUND,3792411565391,3624877560877,506940,0,13222797101975880206,5958408046017493209384619,9032553556393634935129167,536933100,536933.1,536.9331,0.5369331,2026-02-17 12:08:35,2026-02-17 12:08:36,n_values_equal\n_values_084bit.txt
13747027584996253468807907,84,3,60,FOUND,3792411565391,3624877560877,1778728,0,4931332379753158115,6266897042334201068601395,2310129714689409085267788,1862656200,1862656.2,1862.6562,1.8626562,2026-02-17 12:08:36,2026-02-17 12:08:37,n_values_equal\n_values_084bit.txt
12962742553606285103890169,84,1,60,FOUND,3942998686409,3287534078641,1632672,0,8484494575959092518,5727333995085259017736509,6933845943829045788769372,1700132100,1700132.1,1700.1321,1.7001321,2026-02-17 12:08:37,2026-02-17 12:08:39,n_values_equal\n_values_084bit.txt
12962742553606285103890169,84,2,60,FOUND,3287534078641,3942998686409,2587574,0,3206062340603601902,9460856340594311221639831,4805211439731162737257669,2653404600,2653404.6,2653.4046,2.6534046,2026-02-17 12:08:39,2026-02-17 12:08:42,n_values_equal\n_values_084bit.txt
12962742553606285103890169,84,3,60,FOUND,3287534078641,3942998686409,1699434,0,12895970409907162685,1261697694869417031494436,7115341000343117402196464,1766644500,1766644.5,1766.6445,1.7666445,2026-02-17 12:08:42,2026-02-17 12:08:44,n_values_equal\n_values_084bit.txt
12159611531747657861466467,84,1,60,FOUND,3967691967521,3064656135427,271453,0,7222791532065578289,6916544478112980634283407,1825654799716524879275698,299953800,299953.8,299.9538,0.2999538,2026-02-17 12:08:44,2026-02-17 12:08:44,n_values_equal\n_values_084bit.txt
12159611531747657861466467,84,2,60,FOUND,3064656135427,3967691967521,1109024,0,16882670552914627935,6490407200497672177062241,5550880097874698625816011,1293376100,1293376.1,1293.3761,1.2933761,2026-02-17 12:08:44,2026-02-17 12:08:45,n_values_equal\n_values_084bit.txt
12159611531747657861466467,84,3,60,FOUND,3064656135427,3967691967521,1106770,0,10919387673233399392,1783464271805733194827138,11880547269012266393195789,1241803700,1241803.7,1241.8037,1.2418037,2026-02-17 12:08:45,2026-02-17 12:08:46,n_values_equal\n_values_084bit.txt
16062695462156030630042699,84,1,60,FOUND,3682407275153,4362009485083,994889,0,9960461785042544733,9606466536724062097262672,11897713534801703224295546,1116142600,1116142.6,1116.1426,1.1161426,2026-02-17 12:08:46,2026-02-17 12:08:47,n_values_equal\n_values_084bit.txt
16062695462156030630042699,84,2,60,FOUND,4362009485083,3682407275153,880632,0,1219135601692987427,13520640809328037694036441,15991073522963796295011386,1007768000,1007768.0,1007.768,1.007768,2026-02-17 12:08:47,2026-02-17 12:08:48,n_values_equal\n_values_084bit.txt
16062695462156030630042699,84,3,60,FOUND,4362009485083,3682407275153,1236894,0,2391938682597023334,4307525124970066021309535,1039518694246936912042134,1361915200,1361915.2,1361.9152,1.3619152,2026-02-17 12:08:48,2026-02-17 12:08:50,n_values_equal\n_values_084bit.txt
12677543973899279591990057,84,1,60,FOUND,2926221151999,4332394345943,2111594,0,10985153146109065695,2320191155536737734200022,3404143470929350502699807,2348707000,2348707.0,2348.707,2.348707,2026-02-17 12:08:50,2026-02-17 12:08:52,n_values_equal\n_values_084bit.txt
12677543973899279591990057,84,2,60,FOUND,2926221151999,4332394345943,460323,0,5020657837007432852,3886527669290306885278447,992902740504585633743557,513325300,513325.3,513.3253,0.5133253,2026-02-17 12:08:52,2026-02-17 12:08:53,n_values_equal\n_values_084bit.txt
12677543973899279591990057,84,3,60,FOUND,2926221151999,4332394345943,1472085,0,7312132875521356759,9087339464911917254420068,2746591813540811671093536,1656408800,1656408.8,1656.4088,1.6564088,2026-02-17 12:08:53,2026-02-17 12:08:54,n_values_equal\n_values_084bit.txt
10622313856539262235637989,84,1,60,FOUND,3084777029071,3443462446859,1802948,0,8538668074478380537,8255524394687107644805626,3800365397833509326290504,1909095200,1909095.2,1909.0952,1.9090952,2026-02-17 12:08:54,2026-02-17 12:08:56,n_values_equal\n_values_084bit.txt
10622313856539262235637989,84,2,60,FOUND,3443462446859,3084777029071,1931269,0,14726684145178387140,2812304179242786940185655,10463184620876307389916087,2020678000,2020678.0,2020.678,2.020678,2026-02-17 12:08:56,2026-02-17 12:08:58,n_values_equal\n_values_084bit.txt
10622313856539262235637989,84,3,60,FOUND,3443462446859,3084777029071,1732232,0,15304463086689921498,3286144555240447133603170,5749006161555441355884200,1953938400,1953938.4,1953.9384,1.9539384,2026-02-17 12:08:58,2026-02-17 12:09:00,n_values_equal\n_values_084bit.txt
12425930791310459935578767,84,1,60,FOUND,3460409691643,3590884287869,2303742,0,10044459055495615598,3255767040515640615953538,8926148452785857150014121,2413199700,2413199.7,2413.1997,2.4131997,2026-02-17 12:09:00,2026-02-17 12:09:03,n_values_equal\n_values_084bit.txt
12425930791310459935578767,84,2,60,FOUND,3460409691643,3590884287869,3359118,0,15127294874525022337,5780912531487351539128001,4349209094833858637272629,3577528600,3577528.6,3577.5286,3.5775286,2026-02-17 12:09:03,2026-02-17 12:09:06,n_values_equal\n_values_084bit.txt
12425930791310459935578767,84,3,60,FOUND,3460409691643,3590884287869,1671810,0,11213063256122340633,2408346592459831239575254,11182797886621785958997769,1802418800,1802418.8,1802.4188,1.8024188,2026-02-17 12:09:06,2026-02-17 12:09:08,n_values_equal\n_values_084bit.txt
10679414392038215952957247,84,1,60,FOUND,3550093816193,3008206246079,1281276,0,15714201751836832631,7718437548489689896166204,6488183650112095907041066,1391714300,1391714.3,1391.7143,1.3917143,2026-02-17 12:09:08,2026-02-17 12:09:09,n_values_equal\n_values_084bit.txt
10679414392038215952957247,84,2,60,FOUND,3008206246079,3550093816193,1710720,0,864029759558404469,182341024977845285775544,4376939533173076824025350,1775799500,1775799.5,1775.7995,1.7757995,2026-02-17 12:09:09,2026-02-17 12:09:11,n_values_equal\n_values_084bit.txt
10679414392038215952957247,84,3,60,FOUND,3550093816193,3008206246079,1394815,0,4917705168604607102,2862766824981881336121288,3926610475251112259661037,1441606400,1441606.4,1441.6064,1.4416064,2026-02-17 12:09:11,2026-02-17 12:09:13,n_values_equal\n_values_084bit.txt
10120428163647871560169583,84,1,60,FOUND,3537173183153,2861162753311,1329821,0,3069665055366093072,664957884859064927854979,1581114239077971721476920,1402552600,1402552.6,1402.5526,1.4025526,2026-02-17 12:09:13,2026-02-17 12:09:14,n_values_equal\n_values_084bit.txt
10120428163647871560169583,84,2,60,FOUND,2861162753311,3537173183153,2106207,0,4900934272195324239,2368031433172783448406389,4402780528887299120133632,2337615900,2337615.9,2337.6159,2.3376159,2026-02-17 12:09:14,2026-02-17 12:09:16,n_values_equal\n_values_084bit.txt
10120428163647871560169583,84,3,60,FOUND,3537173183153,2861162753311,813673,0,9798395093405495658,6038369200087565328573238,6312021167193292764661624,857854600,857854.6,857.8546,0.8578546,2026-02-17 12:09:16,2026-02-17 12:09:17,n_values_equal\n_values_084bit.txt
9722989971201889021314427,84,1,60,FOUND,3694890849427,2631468795001,2909454,0,1927377431368965234,4778308008882249104331120,3898474893085631275820059,3188367700,3188367.7,3188.3677,3.1883677,2026-02-17 12:09:17,2026-02-17 12:09:20,n_values_equal\n_values_084bit.txt
9722989971201889021314427,84,2,60,FOUND,2631468795001,3694890849427,856194,0,11049268344681663542,6046352224518796976828104,8593170002211458922544059,957692800,957692.8,957.6928,0.9576928,2026-02-17 12:09:20,2026-02-17 12:09:21,n_values_equal\n_values_084bit.txt
9722989971201889021314427,84,3,60,FOUND,2631468795001,3694890849427,807235,0,656572886292687626,4190644970808116907005880,8747166547979711427160016,903116400,903116.4,903.1164,0.9031164,2026-02-17 12:09:21,2026-02-17 12:09:22,n_values_equal\n_values_084bit.txt
10577251104400369117871383,84,1,60,FOUND,2897477145047,3650503722689,1080218,0,13531653431144523772,10429876204557573717293943,9334217109158573263122641,1187818000,1187818.0,1187.818,1.187818,2026-02-17 12:09:22,2026-02-17 12:09:23,n_values_equal\n_values_084bit.txt
10577251104400369117871383,84,2,60,FOUND,3650503722689,2897477145047,2490495,0,6788761399463319556,5975435789836245213529974,3963197916335727689312628,2803827400,2803827.4,2803.8274,2.8038274,2026-02-17 12:09:23,2026-02-17 12:09:26,n_values_equal\n_values_084bit.txt
10577251104400369117871383,84,3,60,FOUND,2897477145047,3650503722689,888318,0,14231752980157078743,3671990521240637771240296,3203414098647448814120625,1004760800,1004760.8,1004.7608,1.0047608,2026-02-17 12:09:26,2026-02-17 12:09:27,n_values_equal\n_values_084bit.txt
14422489419566857449407227,84,1,60,FOUND,3303801708913,4365422228779,264374,0,10134495489864705277,8617888881926149190224691,8919064751302942322998464,291637500,291637.5,291.6375,0.2916375,2026-02-17 12:09:27,2026-02-17 12:09:28,n_values_equal\n_values_084bit.txt
14422489419566857449407227,84,2,60,FOUND,3303801708913,4365422228779,1102640,0,13203970468654622679,5255595455749694724583128,14118601251366715191150507,1196296200,1196296.2,1196.2962,1.1962962,2026-02-17 12:09:28,2026-02-17 12:09:29,n_values_equal\n_values_084bit.txt
14422489419566857449407227,84,3,60,FOUND,3303801708913,4365422228779,1080549,0,17445859255054885185,2247861961759282511456063,856803934613859302738956,1210785900,1210785.9,1210.7859,1.2107859,2026-02-17 12:09:29,2026-02-17 12:09:30,n_values_equal\n_values_084bit.txt
10094498630794925932259833,84,1,60,FOUND,2480151814001,4070113197833,1226198,0,12486889189009293801,9042189543712746905693920,5771889187311945843406075,1379499200,1379499.2,1379.4992,1.3794992,2026-02-17 12:09:30,2026-02-17 12:09:31,n_values_equal\n_values_084bit.txt
10094498630794925932259833,84,2,60,FOUND,2480151814001,4070113197833,1746700,0,7502937954763620218,9838809832598654383458145,5210102977585424153865426,2024290300,2024290.3,2024.2903,2.0242903,2026-02-17 12:09:31,2026-02-17 12:09:33,n_values_equal\n_values_084bit.txt
10094498630794925932259833,84,3,60,FOUND,2480151814001,4070113197833,1331544,0,402778643002005708,4214595643869381353502220,2198457937221010336249000,1416148100,1416148.1,1416.1481,1.4161481,2026-02-17 12:09:33,2026-02-17 12:09:35,n_values_equal\n_values_084bit.txt
16743899433296864314716317,84,1,60,FOUND,4218711743297,3968960301661,1063703,0,11521794239686477869,15461977740569715011605119,6526923065870679100013961,1218681100,1218681.1,1218.6811,1.2186811,2026-02-17 12:09:35,2026-02-17 12:09:36,n_values_equal\n_values_084bit.txt
16743899433296864314716317,84,2,60,FOUND,4218711743297,3968960301661,100948,0,14732596552879136055,585966227934908212290776,8539373351523483663951621,117418200,117418.2,117.4182,0.1174182,2026-02-17 12:09:36,2026-02-17 12:09:36,n_values_equal\n_values_084bit.txt
16743899433296864314716317,84,3,60,FOUND,3968960301661,4218711743297,1779330,0,8741239254451269912,14973955583840582866840035,14022844766492899761374187,2056102600,2056102.6,2056.1026,2.0561026,2026-02-17 12:09:36,2026-02-17 12:09:38,n_values_equal\n_values_084bit.txt
10214494910615845885398449,84,1,60,FOUND,2347175905819,4351823348771,2974815,0,4718049439131984501,1415664935785276687713246,6426919165191246258258719,3544680400,3544680.4,3544.6804,3.5446804,2026-02-17 12:09:38,2026-02-17 12:09:42,n_values_equal\n_values_084bit.txt
10214494910615845885398449,84,2,60,FOUND,2347175905819,4351823348771,500027,0,16191311478445386102,8465936314626181023930271,6461349446571520449195154,583558700,583558.7,583.5587,0.5835587,2026-02-17 12:09:42,2026-02-17 12:09:42,n_values_equal\n_values_084bit.txt
10214494910615845885398449,84,3,60,FOUND,2347175905819,4351823348771,870938,0,7842021986997886509,3028540516599049242914218,2375528574407734199808596,1019737100,1019737.1,1019.7371,1.0197371,2026-02-17 12:09:42,2026-02-17 12:09:43,n_values_equal\n_values_084bit.txt
251364272975425676428146209,88,1,60,FOUND,16380905247893,15344956165213,5464373,0,5556906610146976204,219682122784082221197691430,243586094437618761297556152,6418556900,6418556.9,6418.5569,6.4185569,2026-02-17 12:09:43,2026-02-17 12:09:50,n_values_equal\n_values_088bit.txt
251364272975425676428146209,88,2,60,FOUND,16380905247893,15344956165213,4101594,0,12064948702810990593,53193985932554208104900658,35500783502558091031567201,4735602800,4735602.8,4735.6028,4.7356028,2026-02-17 12:09:50,2026-02-17 12:09:55,n_values_equal\n_values_088bit.txt
251364272975425676428146209,88,3,60,FOUND,15344956165213,16380905247893,989386,0,11523002249885635514,13610075017963463180313250,167850839910047263472409416,1195617900,1195617.9,1195.6179,1.1956179,2026-02-17 12:09:55,2026-02-17 12:09:56,n_values_equal\n_values_088bit.txt
172221582466171643544534749,88,1,60,FOUND,11097702244177,15518670322637,2426538,0,15987073772143457752,169601004393270257483221349,139842294997315365898649116,2676083900,2676083.9,2676.0839,2.6760839,2026-02-17 12:09:56,2026-02-17 12:09:58,n_values_equal\n_values_088bit.txt
172221582466171643544534749,88,2,60,FOUND,15518670322637,11097702244177,2737928,0,8745454342059697268,95411789288835235438554668,80939626996189613158542561,2881053400,2881053.4,2881.0534,2.8810534,2026-02-17 12:09:58,2026-02-17 12:10:01,n_values_equal\n_values_088bit.txt
172221582466171643544534749,88,3,60,FOUND,15518670322637,11097702244177,3299035,0,6422517766445154678,154617107213717932273799000,35142188084923823910489797,3517163500,3517163.5,3517.1635,3.5171635,2026-02-17 12:10:01,2026-02-17 12:10:05,n_values_equal\n_values_088bit.txt
230881484179223295035823707,88,1,60,FOUND,14400827526247,16032515059181,3659591,0,18394731647738458395,200290288462557741503439473,165545971691440968448944296,3928248900,3928248.9,3928.2489,3.9282489,2026-02-17 12:10:05,2026-02-17 12:10:09,n_values_equal\n_values_088bit.txt
230881484179223295035823707,88,2,60,FOUND,14400827526247,16032515059181,2380822,0,7335644706485196845,221022623002403926801144643,39774428043459415428381862,2579457500,2579457.5,2579.4575,2.5794575,2026-02-17 12:10:09,2026-02-17 12:10:11,n_values_equal\n_values_088bit.txt
230881484179223295035823707,88,3,60,FOUND,14400827526247,16032515059181,2781441,0,345290442759399164,15553659733913304272601909,152209561383855896713941629,2983242800,2983242.8,2983.2428,2.9832428,2026-02-17 12:10:11,2026-02-17 12:10:14,n_values_equal\n_values_088bit.txt
188118867853772252195948753,88,1,60,FOUND,12501571714663,15047617383431,1105931,0,5432983871306641892,56642820104800411011077040,120632350693479064851686166,1201930900,1201930.9,1201.9309,1.2019309,2026-02-17 12:10:14,2026-02-17 12:10:15,n_values_equal\n_values_088bit.txt
188118867853772252195948753,88,2,60,FOUND,12501571714663,15047617383431,2485464,0,17601638367181552702,65956978669793512529855079,140491996564777063794481178,2705402200,2705402.2,2705.4022,2.7054022,2026-02-17 12:10:15,2026-02-17 12:10:18,n_values_equal\n_values_088bit.txt
188118867853772252195948753,88,3,60,FOUND,12501571714663,15047617383431,716224,0,3447502390326499614,72038752583655534890424459,78538922285097669562541895,771265800,771265.8,771.2658,0.7712658,2026-02-17 12:10:18,2026-02-17 12:10:19,n_values_equal\n_values_088bit.txt
166505933837772862135840861,88,1,60,FOUND,11266561956953,14778770531237,1126554,0,2194397679758674258,75283395703146889011213556,49293753991840846950534986,1223213200,1223213.2,1223.2132,1.2232132,2026-02-17 12:10:19,2026-02-17 12:10:20,n_values_equal\n_values_088bit.txt
166505933837772862135840861,88,2,60,FOUND,11266561956953,14778770531237,2353258,0,16619385812152034453,70752462571183856259070719,1470437748338462973056544,2543075600,2543075.6,2543.0756,2.5430756,2026-02-17 12:10:20,2026-02-17 12:10:23,n_values_equal\n_values_088bit.txt
166505933837772862135840861,88,3,60,FOUND,11266561956953,14778770531237,3356820,0,17247777438141160635,2204614456808736105622561,57549425130213361798336546,3650590900,3650590.9,3650.5909,3.6505909,2026-02-17 12:10:23,2026-02-17 12:10:26,n_values_equal\n_values_088bit.txt
258847563752935068996667391,88,1,60,FOUND,15226072499321,17000284463671,4910689,0,16525035045434768322,235623633949377131312842634,193092464317218149803153245,5229576900,5229576.9,5229.5769,5.2295769,2026-02-17 12:10:26,2026-02-17 12:10:32,n_values_equal\n_values_088bit.txt
258847563752935068996667391,88,2,60,FOUND,17000284463671,15226072499321,996186,0,7014145920812450116,96452761469365701768079803,108410796605285697650277389,1028936000,1028936.0,1028.936,1.028936,2026-02-17 12:10:32,2026-02-17 12:10:33,n_values_equal\n_values_088bit.txt
258847563752935068996667391,88,3,60,FOUND,17000284463671,15226072499321,4472424,0,8572547342211122485,30396749183451930228155248,161122113992363838188623783,4653146300,4653146.3,4653.1463,4.6531463,2026-02-17 12:10:33,2026-02-17 12:10:37,n_values_equal\n_values_088bit.txt
213549413401167677718629851,88,1,60,FOUND,15227472727097,14023956386483,1717045,0,3049420129893429616,87880373338725695746796742,81045037452957013901044022,1858089700,1858089.7,1858.0897,1.8580897,2026-02-17 12:10:37,2026-02-17 12:10:39,n_values_equal\n_values_088bit.txt
213549413401167677718629851,88,2,60,FOUND,14023956386483,15227472727097,2199080,0,7164124355791833454,109590265966738350584072073,141667937998973290466250852,2314939600,2314939.6,2314.9396,2.3149396,2026-02-17 12:10:39,2026-02-17 12:10:41,n_values_equal\n_values_088bit.txt
213549413401167677718629851,88,3,60,FOUND,15227472727097,14023956386483,2417312,0,15392419010360279129,56001741676834788457193941,101687582894161965867378093,2564785700,2564785.7,2564.7857,2.5647857,2026-02-17 12:10:41,2026-02-17 12:10:44,n_values_equal\n_values_088bit.txt
241200101248275150223664249,88,1,60,FOUND,16690918519559,14450978294911,1463316,0,9164548261194746345,230928189572084617032068451,15008002401880573888510141,1577302300,1577302.3,1577.3023,1.5773023,2026-02-17 12:10:44,2026-02-17 12:10:46,n_values_equal\n_values_088bit.txt
241200101248275150223664249,88,2,60,FOUND,16690918519559,14450978294911,2011384,0,1982346292707519776,118976826558756469535138330,24935988161559979533921763,2111059400,2111059.4,2111.0594,2.1110594,2026-02-17 12:10:46,2026-02-17 12:10:48,n_values_equal\n_values_088bit.txt
241200101248275150223664249,88,3,60,FOUND,14450978294911,16690918519559,4326115,0,10067140193312507562,112811272337553064617807863,165799754879470171376080834,4610213600,4610213.6,4610.2136,4.6102136,2026-02-17 12:10:48,2026-02-17 12:10:52,n_values_equal\n_values_088bit.txt
188005265776388288330540881,88,1,60,FOUND,10994624808197,17099743652573,1405166,0,7539798117271346263,18643576531268594293154449,182842617752003953042307715,1474032400,1474032.4,1474.0324,1.4740324,2026-02-17 12:10:52,2026-02-17 12:10:54,n_values_equal\n_values_088bit.txt
188005265776388288330540881,88,2,60,FOUND,10994624808197,17099743652573,5921244,0,9800489223251756931,3245224214854299712925652,54402055964476058709525786,6933103200,6933103.2,6933.1032,6.9331032,2026-02-17 12:10:54,2026-02-17 12:11:01,n_values_equal\n_values_088bit.txt
188005265776388288330540881,88,3,60,FOUND,10994624808197,17099743652573,1866186,0,4158728351898594606,183436377432724838034735680,108206939817249448083525625,2045066800,2045066.8,2045.0668,2.0450668,2026-02-17 12:11:01,2026-02-17 12:11:03,n_values_equal\n_values_088bit.txt
164540473748881470446009737,88,1,60,FOUND,11362012652699,14481630920363,1991250,0,6436344899584809134,37357837940422253783636878,116999622015286086214159381,2215331300,2215331.3,2215.3313,2.2153313,2026-02-17 12:11:03,2026-02-17 12:11:05,n_values_equal\n_values_088bit.txt
164540473748881470446009737,88,2,60,FOUND,14481630920363,11362012652699,790322,0,9033728799775740513,25343147234557201830805465,162304748901352831195031166,865702500,865702.5,865.7025,0.8657025,2026-02-17 12:11:05,2026-02-17 12:11:06,n_values_equal\n_values_088bit.txt
164540473748881470446009737,88,3,60,FOUND,11362012652699,14481630920363,5171656,0,14578749544256314934,119733922995878159442951487,138761015612782925422397712,5368016700,5368016.7,5368.0167,5.3680167,2026-02-17 12:11:06,2026-02-17 12:11:11,n_values_equal\n_values_088bit.txt
179246712849638193089069767,88,1,60,FOUND,17514803475467,10234012222901,1805447,0,13456272322779853170,171141299728635433175517937,94552282460079572889568587,1924827700,1924827.7,1924.8277,1.9248277,2026-02-17 12:11:11,2026-02-17 12:11:13,n_values_equal\n_values_088bit.txt
179246712849638193089069767,88,2,60,FOUND,10234012222901,17514803475467,3292769,0,1086368142135280323,22541541983298736511142399,51546784733752110828895279,3526534800,3526534.8,3526.5348,3.5265348,2026-02-17 12:11:13,2026-02-17 12:11:17,n_values_equal\n_values_088bit.txt
179246712849638193089069767,88,3,60,FOUND,17514803475467,10234012222901,3132400,0,17956945031535947746,22623580923083148815710112,142670989986629852394364955,3329050400,3329050.4,3329.0504,3.3290504,2026-02-17 12:11:17,2026-02-17 12:11:20,n_values_equal\n_values_088bit.txt
191979926476179061230306911,88,1,60,FOUND,10941668942081,17545762670431,1899938,0,1524753807816229003,64756384031699182921500932,98376645008302555387712975,2087676800,2087676.8,2087.6768,2.0876768,2026-02-17 12:11:20,2026-02-17 12:11:22,n_values_equal\n_values_088bit.txt
191979926476179061230306911,88,2,60,FOUND,17545762670431,10941668942081,4862212,0,4474438457621628627,168429162169056077884464467,104518453469368992696200992,5296920000,5296920.0,5296.92,5.29692,2026-02-17 12:11:22,2026-02-17 12:11:27,n_values_equal\n_values_088bit.txt
191979926476179061230306911,88,3,60,FOUND,10941668942081,17545762670431,402516,0,9703760718596363002,101964981742210024404149587,158922709104780180809820348,427334300,427334.3,427.3343,0.4273343,2026-02-17 12:11:27,2026-02-17 12:11:28,n_values_equal\n_values_088bit.txt
163118797282379271806847113,88,1,60,FOUND,15556485688717,10485581418989,3864495,0,7530278160712163124,103620032280471643004279097,134192341344774507564598787,4038635400,4038635.4,4038.6354,4.0386354,2026-02-17 12:11:28,2026-02-17 12:11:32,n_values_equal\n_values_088bit.txt
163118797282379271806847113,88,2,60,FOUND,15556485688717,10485581418989,1503820,0,15613864392393353344,114589567131462618516269499,54546332419196572664337445,1567630100,1567630.1,1567.6301,1.5676301,2026-02-17 12:11:32,2026-02-17 12:11:33,n_values_equal\n_values_088bit.txt
163118797282379271806847113,88,3,60,FOUND,10485581418989,15556485688717,4160126,0,14155850538604099750,12487850857809347387471242,86060944449056651987041422,4343737900,4343737.9,4343.7379,4.3437379,2026-02-17 12:11:33,2026-02-17 12:11:38,n_values_equal\n_values_088bit.txt
210390737520504438620735449,88,1,60,FOUND,12794588334617,16443728552897,3876602,0,10635523965814203084,121692811055312714282006620,457921327177237474160653,4029071800,4029071.8,4029.0718,4.0290718,2026-02-17 12:11:38,2026-02-17 12:11:42,n_values_equal\n_values_088bit.txt
210390737520504438620735449,88,2,60,FOUND,12794588334617,16443728552897,3519530,0,3136339557701900621,75405432069819600399319849,36299878200390969340363546,3652172400,3652172.4,3652.1724,3.6521724,2026-02-17 12:11:42,2026-02-17 12:11:45,n_values_equal\n_values_088bit.txt
210390737520504438620735449,88,3,60,FOUND,12794588334617,16443728552897,2425580,0,4222775141512644208,168212178584581852243798352,200930227555199238319132165,2511959100,2511959.1,2511.9591,2.5119591,2026-02-17 12:11:45,2026-02-17 12:11:48,n_values_equal\n_values_088bit.txt
221479034295373394795284849,88,1,60,FOUND,14309813032741,15477423344989,3487329,0,514412312254334772,14182385949248811737027119,185489363955359213204106028,3713673800,3713673.8,3713.6738,3.7136738,2026-02-17 12:11:48,2026-02-17 12:11:52,n_values_equal\n_values_088bit.txt
221479034295373394795284849,88,2,60,FOUND,15477423344989,14309813032741,3861522,0,11423834337227962429,57267061476632863416367674,167914094035207049924121853,4163968300,4163968.3,4163.9683,4.1639683,2026-02-17 12:11:52,2026-02-17 12:11:56,n_values_equal\n_values_088bit.txt
221479034295373394795284849,88,3,60,FOUND,15477423344989,14309813032741,3184713,0,17894695794895895106,139441605142985274054883117,134503625737723184909487743,3397733200,3397733.2,3397.7332,3.3977332,2026-02-17 12:11:56,2026-02-17 12:11:59,n_values_equal\n_values_088bit.txt
177407571623579815868775683,88,1,60,FOUND,10602308057843,16732919912881,2000204,0,4770109287377678309,114770711873986311185102857,161721760187967443863145735,2116034700,2116034.7,2116.0347,2.1160347,2026-02-17 12:11:59,2026-02-17 12:12:01,n_values_equal\n_values_088bit.txt
177407571623579815868775683,88,2,60,FOUND,10602308057843,16732919912881,2768275,0,9674811600677280049,43049802841618692440558546,41246747798173165255086610,2998897700,2998897.7,2998.8977,2.9988977,2026-02-17 12:12:01,2026-02-17 12:12:04,n_values_equal\n_values_088bit.txt
177407571623579815868775683,88,3,60,FOUND,10602308057843,16732919912881,3257610,0,4048792974765397674,133611150658988177954449819,144279211094706898476606138,3491901200,3491901.2,3491.9012,3.4919012,2026-02-17 12:12:04,2026-02-17 12:12:08,n_values_equal\n_values_088bit.txt
198759478700188467763468409,88,1,60,FOUND,16793872169353,11835238275953,3827310,0,1926761849317254729,67105625514028743064699787,108522012678327357959134191,4097152800,4097152.8,4097.1528,4.0971528,2026-02-17 12:12:08,2026-02-17 12:12:12,n_values_equal\n_values_088bit.txt
198759478700188467763468409,88,2,60,FOUND,16793872169353,11835238275953,2421940,0,988150550355970910,184676551091068339635853655,93712006036752834648510882,2628056600,2628056.6,2628.0566,2.6280566,2026-02-17 12:12:12,2026-02-17 12:12:15,n_values_equal\n_values_088bit.txt
198759478700188467763468409,88,3,60,FOUND,11835238275953,16793872169353,5083548,0,1657932403660829921,163504078950256644425242733,43315305718482551691466104,5424791600,5424791.6,5424.7916,5.4247916,2026-02-17 12:12:15,2026-02-17 12:12:20,n_values_equal\n_values_088bit.txt
169998204142116465234599213,88,1,60,FOUND,14232430936181,11944425018073,2711592,0,10075404305188432939,148748988576756459409430635,80245936994606800179969326,2891635700,2891635.7,2891.6357,2.8916357,2026-02-17 12:12:20,2026-02-17 12:12:23,n_values_equal\n_values_088bit.txt
169998204142116465234599213,88,2,60,FOUND,14232430936181,11944425018073,2971248,0,3628445944355680425,167255758668389063521858070,32207863967722731881802409,3115427400,3115427.4,3115.4274,3.1154274,2026-02-17 12:12:23,2026-02-17 12:12:26,n_values_equal\n_values_088bit.txt
169998204142116465234599213,88,3,60,FOUND,11944425018073,14232430936181,2819820,0,16630635838790140208,37496916642193914978757658,17686007105791955829103607,2908702600,2908702.6,2908.7026,2.9087026,2026-02-17 12:12:26,2026-02-17 12:12:29,n_values_equal\n_values_088bit.txt
242844369278232922099146479,88,1,60,FOUND,15370468588121,15799412222599,4633248,0,11005552898034838643,73395540650176518112360554,101970401789690867409661685,5017398600,5017398.6,5017.3986,5.0173986,2026-02-17 12:12:29,2026-02-17 12:12:34,n_values_equal\n_values_088bit.txt
242844369278232922099146479,88,2,60,FOUND,15370468588121,15799412222599,2308971,0,11858152964304120370,178839742529241467833237774,57951860798357032857447832,2509415700,2509415.7,2509.4157,2.5094157,2026-02-17 12:12:34,2026-02-17 12:12:36,n_values_equal\n_values_088bit.txt
242844369278232922099146479,88,3,60,FOUND,15370468588121,15799412222599,1805097,0,11309937799809803250,188072409144813684032296010,235384502244011092845462822,1944085300,1944085.3,1944.0853,1.9440853,2026-02-17 12:12:36,2026-02-17 12:12:38,n_values_equal\n_values_088bit.txt
154775907679978376269915271,88,1,60,FOUND,9015505170851,17167746537421,1891936,0,1029994583856433872,40353249660897969047170062,44501981201764693822587641,1973673800,1973673.8,1973.6738,1.9736738,2026-02-17 12:12:38,2026-02-17 12:12:40,n_values_equal\n_values_088bit.txt
154775907679978376269915271,88,2,60,FOUND,9015505170851,17167746537421,884144,0,13550026809683482707,41386799458197301011311525,74753398504990633565888346,914361300,914361.3,914.3613,0.9143613,2026-02-17 12:12:40,2026-02-17 12:12:41,n_values_equal\n_values_088bit.txt
154775907679978376269915271,88,3,60,FOUND,9015505170851,17167746537421,3183816,0,14611657819416834982,86142443368214232397130409,97464613690369914521555693,3270323100,3270323.1,3270.3231,3.2703231,2026-02-17 12:12:41,2026-02-17 12:12:45,n_values_equal\n_values_088bit.txt
217674562279911841745991089,88,1,60,FOUND,16696413076003,13037205134363,1687121,0,14796901376968899446,44679088880533179249808675,62427736299244058708547991,1850915800,1850915.8,1850.9158,1.8509158,2026-02-17 12:12:45,2026-02-17 12:12:46,n_values_equal\n_values_088bit.txt
217674562279911841745991089,88,2,60,FOUND,13037205134363,16696413076003,1233078,0,4786460329251322259,70571530145599618307443796,80717077133194638442303353,1330277600,1330277.6,1330.2776,1.3302776,2026-02-17 12:12:46,2026-02-17 12:12:48,n_values_equal\n_values_088bit.txt
217674562279911841745991089,88,3,60,FOUND,13037205134363,16696413076003,2980250,0,18165680677669119345,23015051087321371333942177,206891607714798690422785725,3201683500,3201683.5,3201.6835,3.2016835,2026-02-17 12:12:48,2026-02-17 12:12:51,n_values_equal\n_values_088bit.txt
188297095182350951932275841,88,1,60,FOUND,11136401744213,16908252728957,3799927,0,1090487920490832063,41809575314520165646404953,144056950735150846479445527,4194713500,4194713.5,4194.7135,4.1947135,2026-02-17 12:12:51,2026-02-17 12:12:55,n_values_equal\n_values_088bit.txt
188297095182350951932275841,88,2,60,FOUND,16908252728957,11136401744213,5618487,0,12660950963148185856,8177436207288967657387073,163761767256025619361781600,6274695300,6274695.3,6274.6953,6.2746953,2026-02-17 12:12:55,2026-02-17 12:13:01,n_values_equal\n_values_088bit.txt
188297095182350951932275841,88,3,60,FOUND,11136401744213,16908252728957,312474,0,9364137437959148820,33547641562572681707917298,163921502738264139043589307,340309300,340309.3,340.3093,0.3403093,2026-02-17 12:13:01,2026-02-17 12:13:02,n_values_equal\n_values_088bit.txt
211823729459751441933241387,88,1,60,FOUND,14599232505331,14509237343977,3089710,0,12139850788019354999,193691138620201095587878761,44475645465617167050538469,3300937200,3300937.2,3300.9372,3.3009372,2026-02-17 12:13:02,2026-02-17 12:13:05,n_values_equal\n_values_088bit.txt
211823729459751441933241387,88,2,60,FOUND,14599232505331,14509237343977,2261652,0,17772428462342930439,51928383943631521930596729,150244966455959409809706026,2456365600,2456365.6,2456.3656,2.4563656,2026-02-17 12:13:05,2026-02-17 12:13:07,n_values_equal\n_values_088bit.txt
211823729459751441933241387,88,3,60,FOUND,14509237343977,14599232505331,2818995,0,450239833458839076,189676511943227388933434596,155156326868562361450186948,3015785200,3015785.2,3015.7852,3.0157852,2026-02-17 12:13:08,2026-02-17 12:13:11,n_values_equal\n_values_088bit.txt
173837698767196474181451337,88,1,60,FOUND,13985536643579,12429819691403,1210198,0,16813768921078430811,76162677908126314441634251,166912211494033585732249334,1302640100,1302640.1,1302.6401,1.3026401,2026-02-17 12:13:11,2026-02-17 12:13:12,n_values_equal\n_values_088bit.txt
173837698767196474181451337,88,2,60,FOUND,13985536643579,12429819691403,2201592,0,9311371139031767509,82478361876607540906730602,144594753980403739528594298,2324687800,2324687.8,2324.6878,2.3246878,2026-02-17 12:13:12,2026-02-17 12:13:14,n_values_equal\n_values_088bit.txt
173837698767196474181451337,88,3,60,FOUND,12429819691403,13985536643579,512350,0,16337662087579336045,18483445005223597205407547,4923902676835739357883355,522983800,522983.8,522.9838,0.5229838,2026-02-17 12:13:14,2026-02-17 12:13:15,n_values_equal\n_values_088bit.txt
183942838289795622834266321,88,1,60,FOUND,12671219421613,14516585355317,1839942,0,16804177176629712627,95101557533460374113504643,67000221514684352548872184,1984971800,1984971.8,1984.9718,1.9849718,2026-02-17 12:13:15,2026-02-17 12:13:17,n_values_equal\n_values_088bit.txt
183942838289795622834266321,88,2,60,FOUND,12671219421613,14516585355317,4650982,0,10087030647410140350,69640264883334608785491616,87792049159462285381309557,4981904200,4981904.2,4981.9042,4.9819042,2026-02-17 12:13:17,2026-02-17 12:13:22,n_values_equal\n_values_088bit.txt
183942838289795622834266321,88,3,60,FOUND,12671219421613,14516585355317,1640697,0,8479932120439913076,58193894911699164460680413,84757861408624252043115924,1783755500,1783755.5,1783.7555,1.7837555,2026-02-17 12:13:22,2026-02-17 12:13:23,n_values_equal\n_values_088bit.txt
4129206685116204925864948231,92,1,60,FOUND,63143046034319,65394480381449,2122197,0,16818462261488502826,1533632976907158746494293317,2278739212567272054820679729,2599267300,2599267.3,2599.2673,2.5992673,2026-02-17 12:13:23,2026-02-17 12:13:26,n_values_equal\n_values_092bit.txt
4129206685116204925864948231,92,2,60,FOUND,63143046034319,65394480381449,4056564,0,344046515346860927,627567392393300597848687103,3529474655996788195416178237,4946633300,4946633.3,4946.6333,4.9466333,2026-02-17 12:13:26,2026-02-17 12:13:31,n_values_equal\n_values_092bit.txt
4129206685116204925864948231,92,3,60,FOUND,63143046034319,65394480381449,5626061,0,17542534077056568697,2002667914095560489315693949,883872605351996539469881394,6897530100,6897530.1,6897.5301,6.8975301,2026-02-17 12:13:31,2026-02-17 12:13:38,n_values_equal\n_values_092bit.txt
3389090694927368457234271951,92,1,60,FOUND,55243007309317,61348772632003,4984678,0,8922525267179033001,3239599039943032884736089941,10035564916835488293845458,6210215600,6210215.6,6210.2156,6.2102156,2026-02-17 12:13:38,2026-02-17 12:13:44,n_values_equal\n_values_092bit.txt
3389090694927368457234271951,92,2,60,FOUND,55243007309317,61348772632003,5081671,0,1704328271592079824,179527259603404857643941039,473795064274280944294518450,6270333200,6270333.2,6270.3332,6.2703332,2026-02-17 12:13:44,2026-02-17 12:13:50,n_values_equal\n_values_092bit.txt
3389090694927368457234271951,92,3,60,FOUND,61348772632003,55243007309317,2559355,0,1914415904188918131,830693760030831555722489278,265810618299012599453853799,3195446700,3195446.7,3195.4467,3.1954467,2026-02-17 12:13:50,2026-02-17 12:13:54,n_values_equal\n_values_092bit.txt
3035820630219347510376049537,92,1,60,FOUND,45737330954933,66375115618589,4116651,0,450532342017648061,2062754503858285326600748964,371484524780053411828193720,5006472800,5006472.8,5006.4728,5.0064728,2026-02-17 12:13:54,2026-02-17 12:13:59,n_values_equal\n_values_092bit.txt
3035820630219347510376049537,92,2,60,FOUND,66375115618589,45737330954933,4138065,0,486596680193714606,443543495439560455839876102,1870825148207619534393405663,5001715200,5001715.2,5001.7152,5.0017152,2026-02-17 12:13:59,2026-02-17 12:14:04,n_values_equal\n_values_092bit.txt
3035820630219347510376049537,92,3,60,FOUND,66375115618589,45737330954933,6649664,0,6966799317280890526,1567346010444969232890935982,1626006299324197126888664608,8101219100,8101219.1,8101.2191,8.1012191,2026-02-17 12:14:04,2026-02-17 12:14:12,n_values_equal\n_values_092bit.txt
2777703952069602424278159961,92,1,60,FOUND,62345898410177,44553114525593,4206733,0,16665301642696517986,419855306087796551565459796,1221211692571174472914647638,5174763200,5174763.2,5174.7632,5.1747632,2026-02-17 12:14:12,2026-02-17 12:14:17,n_values_equal\n_values_092bit.txt
2777703952069602424278159961,92,2,60,FOUND,44553114525593,62345898410177,9072684,0,17125557026479758351,1346338378060562285265237839,1232528397126655097628882806,11107972900,11107972.9,11107.9729,11.1079729,2026-02-17 12:14:17,2026-02-17 12:14:28,n_values_equal\n_values_092bit.txt
2777703952069602424278159961,92,3,60,FOUND,44553114525593,62345898410177,5766301,0,5983248643832245592,1581190507244209685494388823,458038502412532859623556347,7095238000,7095238.0,7095.238,7.095238,2026-02-17 12:14:28,2026-02-17 12:14:35,n_values_equal\n_values_092bit.txt
3145991903081020471972087771,92,1,60,FOUND,53144104168313,59197383271667,6158592,0,13531561475766011683,377187544726888742655090892,1312655357888319483292229612,7346633900,7346633.9,7346.6339,7.3466339,2026-02-17 12:14:35,2026-02-17 12:14:42,n_values_equal\n_values_092bit.txt
3145991903081020471972087771,92,2,60,FOUND,59197383271667,53144104168313,3383469,0,12946978588520045321,522781703923824511668782391,13104729457695818355803389,4043706000,4043706.0,4043.706,4.043706,2026-02-17 12:14:42,2026-02-17 12:14:46,n_values_equal\n_values_092bit.txt
3145991903081020471972087771,92,3,60,FOUND,59197383271667,53144104168313,10921286,0,10012560883567340749,1220781950615377223695981729,1708731860566693396693817212,13003623700,13003623.7,13003.6237,13.0036237,2026-02-17 12:14:46,2026-02-17 12:14:59,n_values_equal\n_values_092bit.txt
3097508687108833080551632427,92,1,60,FOUND,48348855347539,64065812206793,9761312,0,3569501476155889947,2935911035911116953977087200,2550973000550463857508431411,11860508900,11860508.9,11860.5089,11.8605089,2026-02-17 12:14:59,2026-02-17 12:15:11,n_values_equal\n_values_092bit.txt
3097508687108833080551632427,92,2,60,FOUND,64065812206793,48348855347539,3400785,0,16488693550127777981,1408773757671958893115768760,3066205125689671399666368592,4148303600,4148303.6,4148.3036,4.1483036,2026-02-17 12:15:11,2026-02-17 12:15:15,n_values_equal\n_values_092bit.txt
3097508687108833080551632427,92,3,60,FOUND,48348855347539,64065812206793,2256061,0,16286631817744881933,1023112010017939938716670543,1843742898699984523702946528,2723748100,2723748.1,2723.7481,2.7237481,2026-02-17 12:15:15,2026-02-17 12:15:18,n_values_equal\n_values_092bit.txt
3515947775920372186725033761,92,1,60,FOUND,51668520985231,68048159863631,12964701,0,11697175244408712576,2829837314184409727265500141,1104965101378585915627887319,15621601600,15621601.6,15621.6016,15.6216016,2026-02-17 12:15:18,2026-02-17 12:15:34,n_values_equal\n_values_092bit.txt
3515947775920372186725033761,92,2,60,FOUND,51668520985231,68048159863631,6712065,0,14921271872089011425,2510645681969828653745765221,1520426722843022267219389683,8112197600,8112197.6,8112.1976,8.1121976,2026-02-17 12:15:34,2026-02-17 12:15:42,n_values_equal\n_values_092bit.txt
3515947775920372186725033761,92,3,60,FOUND,51668520985231,68048159863631,6485875,0,16951323758285493277,3348242219262743281699317960,3085274665347664561053270165,7901402100,7901402.1,7901.4021,7.9014021,2026-02-17 12:15:42,2026-02-17 12:15:50,n_values_equal\n_values_092bit.txt
3766514619550505513779148713,92,1,60,FOUND,55810544742767,67487508622439,4247969,0,6977614317071184552,3006792791739506636952584471,98672070623840462906160565,5244195100,5244195.1,5244.1951,5.2441951,2026-02-17 12:15:50,2026-02-17 12:15:55,n_values_equal\n_values_092bit.txt
3766514619550505513779148713,92,2,60,FOUND,67487508622439,55810544742767,6107392,0,3948896266455346340,3150753252541219289015998439,3055770946289569615036126513,7528385900,7528385.9,7528.3859,7.5283859,2026-02-17 12:15:55,2026-02-17 12:16:03,n_values_equal\n_values_092bit.txt
3766514619550505513779148713,92,3,60,FOUND,55810544742767,67487508622439,5357350,0,16260295533068865871,1541034068377111939494563236,715756297707461742284000398,6580769800,6580769.8,6580.7698,6.5807698,2026-02-17 12:16:03,2026-02-17 12:16:09,n_values_equal\n_values_092bit.txt
2803499848105556081199521119,92,1,60,FOUND,47711672319529,58759203184711,6143800,0,5264926363996651970,1597954563380734434965112521,1344209702480402462601960682,7355532000,7355532.0,7355.532,7.355532,2026-02-17 12:16:09,2026-02-17 12:16:17,n_values_equal\n_values_092bit.txt
2803499848105556081199521119,92,2,60,FOUND,58759203184711,47711672319529,8663132,0,12068375525040377161,1048114638003768720653637316,874060975813347788587627867,10276904400,10276904.4,10276.9044,10.2769044,2026-02-17 12:16:17,2026-02-17 12:16:27,n_values_equal\n_values_092bit.txt
2803499848105556081199521119,92,3,60,FOUND,58759203184711,47711672319529,1106045,0,12433167328956421911,2047452015131412906215519158,1225906063469612073316230193,1312616900,1312616.9,1312.6169,1.3126169,2026-02-17 12:16:27,2026-02-17 12:16:28,n_values_equal\n_values_092bit.txt
3573079626061643786880733211,92,1,60,FOUND,66505118366761,53726385484451,4217648,0,10783255389652492361,3342924700394236956941742219,1525470234792620842009036364,5149507400,5149507.4,5149.5074,5.1495074,2026-02-17 12:16:28,2026-02-17 12:16:33,n_values_equal\n_values_092bit.txt
3573079626061643786880733211,92,2,60,FOUND,53726385484451,66505118366761,6665121,0,2230345794934777413,1387054203172626309016355885,2186959819087056213340517715,8173558200,8173558.2,8173.5582,8.1735582,2026-02-17 12:16:33,2026-02-17 12:16:41,n_values_equal\n_values_092bit.txt
3573079626061643786880733211,92,3,60,FOUND,66505118366761,53726385484451,3163191,0,14224206944922649917,1422559330577713697877538221,2370917397125645072553677744,3912526400,3912526.4,3912.5264,3.9125264,2026-02-17 12:16:41,2026-02-17 12:16:45,n_values_equal\n_values_092bit.txt
2718127225918258269612431173,92,1,60,FOUND,41109133323131,66119789112383,4230789,0,11748710531622322201,1993207060436951432076867599,1084891577172527159408071976,5165432200,5165432.2,5165.4322,5.1654322,2026-02-17 12:16:45,2026-02-17 12:16:50,n_values_equal\n_values_092bit.txt
2718127225918258269612431173,92,2,60,FOUND,66119789112383,41109133323131,8993489,0,7059580236151181878,1439278504878337378470700836,1339617141823208863024535315,10920747900,10920747.9,10920.7479,10.9207479,2026-02-17 12:16:50,2026-02-17 12:17:01,n_values_equal\n_values_092bit.txt
2718127225918258269612431173,92,3,60,FOUND,41109133323131,66119789112383,4323378,0,7418431019801165608,2086786733001573604332926604,1786890649495097894031360970,5228623300,5228623.3,5228.6233,5.2286233,2026-02-17 12:17:01,2026-02-17 12:17:07,n_values_equal\n_values_092bit.txt
3405302812093213289119050863,92,1,60,FOUND,59227130226007,57495657802409,2969500,0,13926693921309013453,1592614528885521581240436178,2320140694088514623165201091,3594613800,3594613.8,3594.6138,3.5946138,2026-02-17 12:17:07,2026-02-17 12:17:10,n_values_equal\n_values_092bit.txt
3405302812093213289119050863,92,2,60,FOUND,59227130226007,57495657802409,2789546,0,8352702206959346821,2320966082900716677779164773,795240654948142552854134443,3327725900,3327725.9,3327.7259,3.3277259,2026-02-17 12:17:10,2026-02-17 12:17:14,n_values_equal\n_values_092bit.txt
3405302812093213289119050863,92,3,60,FOUND,57495657802409,59227130226007,2197377,0,902488597139094858,558169904505041782812579266,2617988885594171070801193087,2663792900,2663792.9,2663.7929,2.6637929,2026-02-17 12:17:14,2026-02-17 12:17:16,n_values_equal\n_values_092bit.txt
2918839696281188278878553793,92,1,60,FOUND,53218485273871,54846350497583,1952616,0,5698314020762922157,2319801326319222710442635308,207640308777676384803889341,2435030000,2435030.0,2435.03,2.43503,2026-02-17 12:17:16,2026-02-17 12:17:19,n_values_equal\n_values_092bit.txt
2918839696281188278878553793,92,2,60,FOUND,54846350497583,53218485273871,2064392,0,12975422316703891170,1131577818533632602263291502,2048348365804408527821155268,2569457700,2569457.7,2569.4577,2.5694577,2026-02-17 12:17:19,2026-02-17 12:17:21,n_values_equal\n_values_092bit.txt
2918839696281188278878553793,92,3,60,FOUND,54846350497583,53218485273871,6286811,0,6673230906222337180,2297407571253104923617470330,408991328735359073583100938,7809787400,7809787.4,7809.7874,7.8097874,2026-02-17 12:17:21,2026-02-17 12:17:29,n_values_equal\n_values_092bit.txt
3185745292603986921380353759,92,1,60,FOUND,66677224233569,47778613000511,8541430,0,12557479174757723625,1987007819006501156345446276,992048511147454558301957175,10393204500,10393204.5,10393.2045,10.3932045,2026-02-17 12:17:29,2026-02-17 12:17:39,n_values_equal\n_values_092bit.txt
3185745292603986921380353759,92,2,60,FOUND,66677224233569,47778613000511,5871222,0,13301443460275049770,2008240072840452615870956703,2813010224174930083506409323,7117323900,7117323.9,7117.3239,7.1173239,2026-02-17 12:17:39,2026-02-17 12:17:47,n_values_equal\n_values_092bit.txt
3185745292603986921380353759,92,3,60,FOUND,66677224233569,47778613000511,12857958,0,14541865692677239584,906214030893833299764206929,298049287133328079359197209,16086035700,16086035.7,16086.0357,16.0860357,2026-02-17 12:17:47,2026-02-17 12:18:03,n_values_equal\n_values_092bit.txt
3073218446152980582369522713,92,1,60,FOUND,63391471477639,48479998563167,2619379,0,2698716031674021044,1517022208309677911703863445,711562866451080907190797635,3089682800,3089682.8,3089.6828,3.0896828,2026-02-17 12:18:03,2026-02-17 12:18:06,n_values_equal\n_values_092bit.txt
3073218446152980582369522713,92,2,60,FOUND,63391471477639,48479998563167,2828303,0,4789355629322119290,95951042258172758436847570,2210129170001877497166059280,3498653400,3498653.4,3498.6534,3.4986534,2026-02-17 12:18:06,2026-02-17 12:18:09,n_values_equal\n_values_092bit.txt
3073218446152980582369522713,92,3,60,FOUND,63391471477639,48479998563167,15906631,0,6876011693855394337,906995245532992331283004376,684109855794744304451283224,20420639100,20420639.1,20420.6391,20.4206391,2026-02-17 12:18:09,2026-02-17 12:18:30,n_values_equal\n_values_092bit.txt
2528555431171754275998948623,92,1,60,FOUND,58419706388819,43282576847317,7161502,0,17393883203488315186,748390462129121646927941142,171861024045545397654138610,8692548600,8692548.6,8692.5486,8.6925486,2026-02-17 12:18:30,2026-02-17 12:18:38,n_values_equal\n_values_092bit.txt
2528555431171754275998948623,92,2,60,FOUND,43282576847317,58419706388819,2646890,0,6789751490777925520,1779161705678258215248373770,285752660602415016898391881,3294903800,3294903.8,3294.9038,3.2949038,2026-02-17 12:18:38,2026-02-17 12:18:42,n_values_equal\n_values_092bit.txt
2528555431171754275998948623,92,3,60,FOUND,58419706388819,43282576847317,3769426,0,14588881643195688876,2068754584423033288692519466,287461742511714129403931796,4619305800,4619305.8,4619.3058,4.6193058,2026-02-17 12:18:42,2026-02-17 12:18:46,n_values_equal\n_values_092bit.txt
3754641885928645496493656911,92,1,60,FOUND,61392153560879,61158334871009,3890678,0,17915635177743245275,2312258698457509741977244976,3230177978653717670642514462,5180471800,5180471.8,5180.4718,5.1804718,2026-02-17 12:18:46,2026-02-17 12:18:51,n_values_equal\n_values_092bit.txt
3754641885928645496493656911,92,2,60,FOUND,61158334871009,61392153560879,2095396,0,5832611678155751977,3447134225400300033726134399,1956835981004275521696012302,2741914300,2741914.3,2741.9143,2.7419143,2026-02-17 12:18:51,2026-02-17 12:18:54,n_values_equal\n_values_092bit.txt
3754641885928645496493656911,92,3,60,FOUND,61392153560879,61158334871009,8033103,0,8183753553280464568,3214143262436693880232174932,3428614674318211228872279404,10621977400,10621977.4,10621.9774,10.6219774,2026-02-17 12:18:54,2026-02-17 12:19:05,n_values_equal\n_values_092bit.txt
3322632970477621802536944151,92,1,60,FOUND,48608393149741,68355128717011,7673813,0,7337097879288442623,2895795960693952877754446364,636429249245633226060072890,10418224700,10418224.7,10418.2247,10.4182247,2026-02-17 12:19:05,2026-02-17 12:19:15,n_values_equal\n_values_092bit.txt
3322632970477621802536944151,92,2,60,FOUND,68355128717011,48608393149741,3542876,0,4019686476841103522,711892032242790265143486674,2410859737188012735124369616,4574174900,4574174.9,4574.1749,4.5741749,2026-02-17 12:19:15,2026-02-17 12:19:20,n_values_equal\n_values_092bit.txt
3322632970477621802536944151,92,3,60,FOUND,48608393149741,68355128717011,1438182,0,9558664495484019817,3165198707805013884290969878,2674127086839840523077172293,1864998600,1864998.6,1864.9986,1.8649986,2026-02-17 12:19:20,2026-02-17 12:19:22,n_values_equal\n_values_092bit.txt
3536464128972724109456958397,92,1,60,FOUND,53413187196659,66209569482383,3665164,0,17837200539759482956,405504007332615058364481977,1573738635692365784911163948,4436474200,4436474.2,4436.4742,4.4364742,2026-02-17 12:19:22,2026-02-17 12:19:26,n_values_equal\n_values_092bit.txt
3536464128972724109456958397,92,2,60,FOUND,66209569482383,53413187196659,1397685,0,5159255899730166264,1596248974907986180925351473,1766671205977295637820964538,1682411300,1682411.3,1682.4113,1.6824113,2026-02-17 12:19:26,2026-02-17 12:19:28,n_values_equal\n_values_092bit.txt
3536464128972724109456958397,92,3,60,FOUND,66209569482383,53413187196659,4429380,0,14031498801361682918,2292433619424879085818032684,290195791981178885249807197,5369152000,5369152.0,5369.152,5.369152,2026-02-17 12:19:28,2026-02-17 12:19:33,n_values_equal\n_values_092bit.txt
4285983395009463035319608323,92,1,60,FOUND,61409319558787,69793696230529,8315390,0,4936849455832673481,2209522063090435772357191286,2908595336411747536631413749,10168241600,10168241.6,10168.2416,10.1682416,2026-02-17 12:19:33,2026-02-17 12:19:43,n_values_equal\n_values_092bit.txt
4285983395009463035319608323,92,2,60,FOUND,61409319558787,69793696230529,3629904,0,15902874250598129109,3911717486451818485195725865,3875398584303060757176202750,4458922600,4458922.6,4458.9226,4.4589226,2026-02-17 12:19:43,2026-02-17 12:19:48,n_values_equal\n_values_092bit.txt
4285983395009463035319608323,92,3,60,FOUND,69793696230529,61409319558787,12885532,0,17623945171090331827,3795422520918183688302010453,3683631546930123075083882832,15796493300,15796493.3,15796.4933,15.7964933,2026-02-17 12:19:48,2026-02-17 12:20:04,n_values_equal\n_values_092bit.txt
2722757250413346915647337059,92,1,60,FOUND,57487500842573,47362595529583,5669820,0,18212421746004995090,263939601647633046659081927,1981471494218116113749082329,6780020300,6780020.3,6780.0203,6.7800203,2026-02-17 12:20:04,2026-02-17 12:20:10,n_values_equal\n_values_092bit.txt
2722757250413346915647337059,92,2,60,FOUND,57487500842573,47362595529583,6025226,0,7665540520606290952,672055291668198749835568917,1206647172208215220258781765,7328233100,7328233.1,7328.2331,7.3282331,2026-02-17 12:20:10,2026-02-17 12:20:18,n_values_equal\n_values_092bit.txt
2722757250413346915647337059,92,3,60,FOUND,47362595529583,57487500842573,607866,0,3305924200620929962,448264967988619589819218656,2355351178770815253588158195,747886200,747886.2,747.8862,0.7478862,2026-02-17 12:20:18,2026-02-17 12:20:18,n_values_equal\n_values_092bit.txt
2670552466141165331710630259,92,1,60,FOUND,47800521343273,55868689108283,3418115,0,15588518309448131898,1039920042487496998368867576,1513567505499635601528868632,4048137200,4048137.2,4048.1372,4.0481372,2026-02-17 12:20:18,2026-02-17 12:20:22,n_values_equal\n_values_092bit.txt
2670552466141165331710630259,92,2,60,FOUND,55868689108283,47800521343273,1058570,0,9805920974813094882,1270271933439649936595678928,802060378863566654343578443,1278111500,1278111.5,1278.1115,1.2781115,2026-02-17 12:20:22,2026-02-17 12:20:24,n_values_equal\n_values_092bit.txt
2670552466141165331710630259,92,3,60,FOUND,55868689108283,47800521343273,6794156,0,1403934751001591281,1352572594844450353463512011,297384472990841247186748934,8039714400,8039714.4,8039.7144,8.0397144,2026-02-17 12:20:24,2026-02-17 12:20:32,n_values_equal\n_values_092bit.txt
2658772646124440065274695859,92,1,60,FOUND,54721958340479,48586942550221,3849094,0,10865667895605458225,319118748744960410237210884,1705823579681048302389178116,4684664300,4684664.3,4684.6643,4.6846643,2026-02-17 12:20:32,2026-02-17 12:20:36,n_values_equal\n_values_092bit.txt
2658772646124440065274695859,92,2,60,FOUND,54721958340479,48586942550221,3789506,0,16957950527233115931,2023049658403435213977741091,2564890356311168562184206655,4643223400,4643223.4,4643.2234,4.6432234,2026-02-17 12:20:36,2026-02-17 12:20:41,n_values_equal\n_values_092bit.txt
2658772646124440065274695859,92,3,60,FOUND,48586942550221,54721958340479,3534815,0,14904167026061156919,1780541669977341895163409590,2602860158659389870701444973,4307326100,4307326.1,4307.3261,4.3073261,2026-02-17 12:20:41,2026-02-17 12:20:45,n_values_equal\n_values_092bit.txt
2829738200320632989203752113,92,1,60,FOUND,51269482599787,55193422223699,2343628,0,1138149078489107707,2450378711514572010678237089,2782762548479430170464261179,2916958300,2916958.3,2916.9583,2.9169583,2026-02-17 12:20:45,2026-02-17 12:20:48,n_values_equal\n_values_092bit.txt
2829738200320632989203752113,92,2,60,FOUND,55193422223699,51269482599787,6519412,0,14603911349876409523,2250466741860843064877646692,2411064900043993140970704684,8077199800,8077199.8,8077.1998,8.0771998,2026-02-17 12:20:48,2026-02-17 12:20:56,n_values_equal\n_values_092bit.txt
2829738200320632989203752113,92,3,60,FOUND,55193422223699,51269482599787,7716034,0,321213699537802029,484008482251283793240422994,2413437136037257000361946513,9524197900,9524197.9,9524.1979,9.5241979,2026-02-17 12:20:56,2026-02-17 12:21:06,n_values_equal\n_values_092bit.txt
2812858260592151403548339341,92,1,60,FOUND,57360435593743,49038300205987,3558698,0,5616419455276573723,2104635497197077023272352705,1286312140862996218755505886,4315876800,4315876.8,4315.8768,4.3158768,2026-02-17 12:21:06,2026-02-17 12:21:10,n_values_equal\n_values_092bit.txt
2812858260592151403548339341,92,2,60,FOUND,49038300205987,57360435593743,2543099,0,18048168934688911387,1262742190690161250723225880,759522905388214784920197787,3109152600,3109152.6,3109.1526,3.1091526,2026-02-17 12:21:10,2026-02-17 12:21:13,n_values_equal\n_values_092bit.txt
2812858260592151403548339341,92,3,60,FOUND,49038300205987,57360435593743,331547,0,7856702926534040225,2225376949140208207905102624,2811164793523385986835374796,390573800,390573.8,390.5738,0.3905738,2026-02-17 12:21:13,2026-02-17 12:21:14,n_values_equal\n_values_092bit.txt
43828960909690465773079951393,96,1,60,FOUND,199970909893429,219176683913917,14970912,0,14956366994305141506,21992086119641852205387515648,42365063448043491715693393676,18481280000,18481280.0,18481.28,18.48128,2026-02-17 12:21:14,2026-02-17 12:21:32,n_values_equal\n_values_096bit.txt
43828960909690465773079951393,96,2,60,FOUND,199970909893429,219176683913917,3884265,0,15100032560763179115,8096403299894220942000163948,663486168384724570770895855,4783393400,4783393.4,4783.3934,4.7833934,2026-02-17 12:21:32,2026-02-17 12:21:37,n_values_equal\n_values_096bit.txt
43828960909690465773079951393,96,3,60,FOUND,199970909893429,219176683913917,11657607,0,16530058271748239248,40564264544792255335231143223,24698300609777625360238192108,14280488100,14280488.1,14280.4881,14.2804881,2026-02-17 12:21:37,2026-02-17 12:21:51,n_values_equal\n_values_096bit.txt
61534267183665446487737051323,96,1,60,FOUND,244960028416457,251201257533539,26177370,0,4563178998332296896,51259060194657392143543356684,25497608283215138274818404156,30691931300,30691931.3,30691.9313,30.6919313,2026-02-17 12:21:51,2026-02-17 12:22:22,n_values_equal\n_values_096bit.txt
61534267183665446487737051323,96,2,60,FOUND,244960028416457,251201257533539,6865860,0,14312123515513974619,57432967349901331045100542098,15022501973641219522703030634,7977119300,7977119.3,7977.1193,7.9771193,2026-02-17 12:22:22,2026-02-17 12:22:30,n_values_equal\n_values_096bit.txt
61534267183665446487737051323,96,3,60,FOUND,251201257533539,244960028416457,2328918,0,5078036083383072336,50552016715154494376587545564,31334582076133848143008624885,2703737300,2703737.3,2703.7373,2.7037373,2026-02-17 12:22:30,2026-02-17 12:22:33,n_values_equal\n_values_096bit.txt
55329885988246719173652203611,96,1,60,FOUND,222633460995203,248524573713737,15130937,0,3029887384440574473,9951666553106423948363783271,36989182342480507300416532612,18020753800,18020753.8,18020.7538,18.0207538,2026-02-17 12:22:33,2026-02-17 12:22:51,n_values_equal\n_values_096bit.txt
55329885988246719173652203611,96,2,60,FOUND,248524573713737,222633460995203,16784393,0,16093115628123774442,35212026496959866599449513895,25493735197396645084516039520,20106599300,20106599.3,20106.5993,20.1065993,2026-02-17 12:22:51,2026-02-17 12:23:11,n_values_equal\n_values_096bit.txt
55329885988246719173652203611,96,3,60,FOUND,222633460995203,248524573713737,10699593,0,1873431389807998608,17947341857391998015692260606,4195746206717142024945233389,12835727800,12835727.8,12835.7278,12.8357278,2026-02-17 12:23:11,2026-02-17 12:23:24,n_values_equal\n_values_096bit.txt
58649521843847566755435283381,96,1,60,FOUND,237644051404367,246795665606843,15255543,0,17440722663888774968,57931969102881741757811478428,31313911382761990037333669291,18469902300,18469902.3,18469.9023,18.4699023,2026-02-17 12:23:24,2026-02-17 12:23:42,n_values_equal\n_values_096bit.txt
58649521843847566755435283381,96,2,60,FOUND,246795665606843,237644051404367,10295025,0,14609543813352516997,53785194832684083580767420104,28430213253608279151834769530,12456590100,12456590.1,12456.5901,12.4565901,2026-02-17 12:23:42,2026-02-17 12:23:55,n_values_equal\n_values_096bit.txt
58649521843847566755435283381,96,3,60,FOUND,237644051404367,246795665606843,17960175,0,5527365604182724262,3662028036498310247496609862,16860069593571027819009811042,21633730600,21633730.6,21633.7306,21.6337306,2026-02-17 12:23:55,2026-02-17 12:24:16,n_values_equal\n_values_096bit.txt
52584799027295943271425258287,96,1,60,FOUND,198216875269109,265289213927443,14525637,0,8176872390047613003,19128475143798301421467129564,48862631279170908549891203328,17891712200,17891712.2,17891.7122,17.8917122,2026-02-17 12:24:16,2026-02-17 12:24:34,n_values_equal\n_values_096bit.txt
52584799027295943271425258287,96,2,60,FOUND,198216875269109,265289213927443,2598034,0,8383132831448375133,42905032902412073772189138785,44840397040167978335939922722,3373416200,3373416.2,3373.4162,3.3734162,2026-02-17 12:24:34,2026-02-17 12:24:37,n_values_equal\n_values_096bit.txt
52584799027295943271425258287,96,3,60,FOUND,265289213927443,198216875269109,10548650,0,6095135050675610383,23686097473032597753029752222,2429479831336465780530153352,13332001100,13332001.1,13332.0011,13.3320011,2026-02-17 12:24:37,2026-02-17 12:24:51,n_values_equal\n_values_096bit.txt
59701288200775729719534563333,96,1,60,FOUND,220639719407533,270582687292601,12233525,0,7632190416146020938,33913059828039578236344866259,12707054956688071904077789788,14976857500,14976857.5,14976.8575,14.9768575,2026-02-17 12:24:51,2026-02-17 12:25:06,n_values_equal\n_values_096bit.txt
59701288200775729719534563333,96,2,60,FOUND,220639719407533,270582687292601,8941969,0,14257987280554856348,17553186116244008565156986723,38760726763694858862780063671,10847862500,10847862.5,10847.8625,10.8478625,2026-02-17 12:25:06,2026-02-17 12:25:17,n_values_equal\n_values_096bit.txt
59701288200775729719534563333,96,3,60,FOUND,220639719407533,270582687292601,5003870,0,6669489478021715300,45246927799887709952627857847,59681309102638798517147643899,6123441100,6123441.1,6123.4411,6.1234411,2026-02-17 12:25:17,2026-02-17 12:25:23,n_values_equal\n_values_096bit.txt
75168789436860245319650312381,96,1,60,FOUND,277609354081019,270771817778599,6006630,0,15413790927964189232,507488316767907510477656847,58712353782229104684845283455,7011718300,7011718.3,7011.7183,7.0117183,2026-02-17 12:25:23,2026-02-17 12:25:30,n_values_equal\n_values_096bit.txt
75168789436860245319650312381,96,2,60,FOUND,270771817778599,277609354081019,10341759,0,6066876716740256942,22529095925358729971308678782,1085278541790511161776266479,12104864700,12104864.7,12104.8647,12.1048647,2026-02-17 12:25:30,2026-02-17 12:25:42,n_values_equal\n_values_096bit.txt
75168789436860245319650312381,96,3,60,FOUND,270771817778599,277609354081019,6142670,0,8568552799691684402,20622652860426670187034721191,35223193598020207372475266177,7178402200,7178402.2,7178.4022,7.1784022,2026-02-17 12:25:42,2026-02-17 12:25:49,n_values_equal\n_values_096bit.txt
73412349990853838112122159609,96,1,60,FOUND,277264632492307,264773582302787,28493585,0,1933022025113131012,57404656141832026630670531703,4217754379429431665669600247,34454552600,34454552.6,34454.5526,34.4545526,2026-02-17 12:25:49,2026-02-17 12:26:24,n_values_equal\n_values_096bit.txt
73412349990853838112122159609,96,2,60,FOUND,277264632492307,264773582302787,8981916,0,16429323047934642230,24013772428585355557815876972,39266324309118864366407442979,11041807300,11041807.3,11041.8073,11.0418073,2026-02-17 12:26:24,2026-02-17 12:26:35,n_values_equal\n_values_096bit.txt
73412349990853838112122159609,96,3,60,FOUND,264773582302787,277264632492307,9838796,0,8660466216316597110,47283055459049500461823871094,35529661228929478140365061692,12125765000,12125765.0,12125.765,12.125765,2026-02-17 12:26:35,2026-02-17 12:26:47,n_values_equal\n_values_096bit.txt
42759431529547423887039969197,96,1,60,FOUND,264484301935489,161670962006573,7310630,0,6733629124771765834,23374806572227433766441107354,5087843726359510120995435229,9058252800,9058252.8,9058.2528,9.0582528,2026-02-17 12:26:47,2026-02-17 12:26:56,n_values_equal\n_values_096bit.txt
42759431529547423887039969197,96,2,60,FOUND,161670962006573,264484301935489,5276408,0,6668641559177153353,17608251943817734778066342529,38322456318196762215621532524,6499857400,6499857.4,6499.8574,6.4998574,2026-02-17 12:26:56,2026-02-17 12:27:02,n_values_equal\n_values_096bit.txt
42759431529547423887039969197,96,3,60,FOUND,264484301935489,161670962006573,5063144,0,6795540313715653066,8434261853199906559478554372,4428611787984375179951843035,6244676200,6244676.2,6244.6762,6.2446762,2026-02-17 12:27:02,2026-02-17 12:27:08,n_values_equal\n_values_096bit.txt
57306484702118780085302160359,96,1,60,FOUND,264012651473227,217059615826517,6952904,0,1190597763306240581,14331374648608132984856132623,29957314448035115297076825551,8205904900,8205904.9,8205.9049,8.2059049,2026-02-17 12:27:08,2026-02-17 12:27:17,n_values_equal\n_values_096bit.txt
57306484702118780085302160359,96,2,60,FOUND,264012651473227,217059615826517,14658480,0,10721271961134205621,2021114881130088087890230183,29496547743824032765998789705,17831244100,17831244.1,17831.2441,17.8312441,2026-02-17 12:27:17,2026-02-17 12:27:35,n_values_equal\n_values_096bit.txt
57306484702118780085302160359,96,3,60,FOUND,217059615826517,264012651473227,3932304,0,154943748891130365,12673728313199572531297418312,19908729825008915807242060973,4568237500,4568237.5,4568.2375,4.5682375,2026-02-17 12:27:35,2026-02-17 12:27:39,n_values_equal\n_values_096bit.txt
53921460928199079120540901577,96,1,60,FOUND,204262668471373,263980987479149,23692830,0,12796718550553024458,37923303269216377192264695849,24111602895330180847583813959,28591753000,28591753.0,28591.753,28.591753,2026-02-17 12:27:39,2026-02-17 12:28:08,n_values_equal\n_values_096bit.txt
53921460928199079120540901577,96,2,60,FOUND,263980987479149,204262668471373,8755304,0,16887584140294854252,46131757530410654492125828564,50876906526734579782529081956,10503315600,10503315.6,10503.3156,10.5033156,2026-02-17 12:28:08,2026-02-17 12:28:18,n_values_equal\n_values_096bit.txt
53921460928199079120540901577,96,3,60,FOUND,204262668471373,263980987479149,3820388,0,9800133050010024648,2927259920206680917905733665,31653765225988879944228877767,4602251900,4602251.9,4602.2519,4.6022519,2026-02-17 12:28:18,2026-02-17 12:28:23,n_values_equal\n_values_096bit.txt
73121128186063586328181519049,96,1,60,FOUND,263764642451239,277221114651791,6202143,0,8876318534349132721,49662065255266311634221015751,58520005772119300403825623729,7730694800,7730694.8,7730.6948,7.7306948,2026-02-17 12:28:23,2026-02-17 12:28:31,n_values_equal\n_values_096bit.txt
73121128186063586328181519049,96,2,60,FOUND,277221114651791,263764642451239,15347420,0,3759177605811266859,43073864032878664917362505759,37789290391497670960710826863,19199564200,19199564.2,19199.5642,19.1995642,2026-02-17 12:28:31,2026-02-17 12:28:50,n_values_equal\n_values_096bit.txt
73121128186063586328181519049,96,3,60,FOUND,263764642451239,277221114651791,11760250,0,13406031717461721226,67183887712377532025774833419,13126082857085829583553821240,14960220900,14960220.9,14960.2209,14.9602209,2026-02-17 12:28:50,2026-02-17 12:29:05,n_values_equal\n_values_096bit.txt
44261152809480215822572011703,96,1,60,FOUND,216852865428481,204106838625463,15932115,0,13837146652869165014,29853799024729067089503519388,28047397331148018046285970715,19291647500,19291647.5,19291.6475,19.2916475,2026-02-17 12:29:05,2026-02-17 12:29:24,n_values_equal\n_values_096bit.txt
44261152809480215822572011703,96,2,60,FOUND,204106838625463,216852865428481,18949749,0,8420807143056251889,42625622873484204607116048278,6910104414358309034497418510,22939954500,22939954.5,22939.9545,22.9399545,2026-02-17 12:29:24,2026-02-17 12:29:47,n_values_equal\n_values_096bit.txt
44261152809480215822572011703,96,3,60,FOUND,216852865428481,204106838625463,3973608,0,457809200849949652,7323357204589730063865586406,25177821826509572946365779299,4810066700,4810066.7,4810.0667,4.8100667,2026-02-17 12:29:47,2026-02-17 12:29:52,n_values_equal\n_values_096bit.txt
44117709685028044058943164599,96,1,60,FOUND,221784363117833,198921642016703,7018780,0,4154599768991590655,42530780831542818716433526676,34501224157441183011787149037,8474161300,8474161.3,8474.1613,8.4741613,2026-02-17 12:29:52,2026-02-17 12:30:00,n_values_equal\n_values_096bit.txt
44117709685028044058943164599,96,2,60,FOUND,221784363117833,198921642016703,10877376,0,2397266721974859028,24024518793133780294672461126,9456747175515954163701681006,13270400000,13270400.0,13270.4,13.2704,2026-02-17 12:30:00,2026-02-17 12:30:13,n_values_equal\n_values_096bit.txt
44117709685028044058943164599,96,3,60,FOUND,198921642016703,221784363117833,4969165,0,17127277500595889745,42588007324911542742989929033,27800273010715806979502634832,6014092900,6014092.9,6014.0929,6.0140929,2026-02-17 12:30:13,2026-02-17 12:30:19,n_values_equal\n_values_096bit.txt
45247699034158243865571492929,96,1,60,FOUND,194975572666907,232068553076947,17870128,0,13342659551002164200,32117618641466778120164062863,16148324743948459136675008198,22088709500,22088709.5,22088.7095,22.0887095,2026-02-17 12:30:19,2026-02-17 12:30:42,n_values_equal\n_values_096bit.txt
45247699034158243865571492929,96,2,60,FOUND,194975572666907,232068553076947,7633014,0,956397644303894840,34819463453033493707218814517,33936530224947334151069067992,9388505700,9388505.7,9388.5057,9.3885057,2026-02-17 12:30:42,2026-02-17 12:30:51,n_values_equal\n_values_096bit.txt
45247699034158243865571492929,96,3,60,FOUND,194975572666907,232068553076947,7263738,0,13519783326841954062,22604223638912717024877945591,41418884808436636754530152243,9066012200,9066012.2,9066.0122,9.0660122,2026-02-17 12:30:51,2026-02-17 12:31:00,n_values_equal\n_values_096bit.txt
53749258397693166441989412707,96,1,60,FOUND,272140701831319,197505400831253,3942768,0,13754904287334495200,42849687254180999329759615093,38829720812458047081308693495,4586974600,4586974.6,4586.9746,4.5869746,2026-02-17 12:31:00,2026-02-17 12:31:05,n_values_equal\n_values_096bit.txt
53749258397693166441989412707,96,2,60,FOUND,272140701831319,197505400831253,15236871,0,482933229729732110,20707381834107105395168486958,27223758546605704991826816143,17750930500,17750930.5,17750.9305,17.7509305,2026-02-17 12:31:05,2026-02-17 12:31:22,n_values_equal\n_values_096bit.txt
53749258397693166441989412707,96,3,60,FOUND,272140701831319,197505400831253,9961668,0,10620285051785556943,11994804843767757366253659569,28665144438122334370676523672,11551233800,11551233.8,11551.2338,11.5512338,2026-02-17 12:31:22,2026-02-17 12:31:34,n_values_equal\n_values_096bit.txt
74493514348926318066863565293,96,1,60,FOUND,267947871198349,278014951250657,5663724,0,10374340651332464507,7356398681505693238149337892,7833620368537379566902605147,6676888100,6676888.1,6676.8881,6.6768881,2026-02-17 12:31:34,2026-02-17 12:31:41,n_values_equal\n_values_096bit.txt
74493514348926318066863565293,96,2,60,FOUND,278014951250657,267947871198349,26570777,0,11380558223693331482,39231499559018655118124313631,40581612167931116776221804256,31633803400,31633803.4,31633.8034,31.6338034,2026-02-17 12:31:41,2026-02-17 12:32:12,n_values_equal\n_values_096bit.txt
74493514348926318066863565293,96,3,60,FOUND,267947871198349,278014951250657,4473716,0,10021944004295635034,17695393568018187297871704540,55357742685399208301485296353,5565595400,5565595.4,5565.5954,5.5655954,2026-02-17 12:32:12,2026-02-17 12:32:18,n_values_equal\n_values_096bit.txt
67136258296352167641665931221,96,1,60,FOUND,270731179013327,247981257796123,5243009,0,9012356261498065130,48059402637008043110976808755,11367644722291997634160979112,6558725000,6558725.0,6558.725,6.558725,2026-02-17 12:32:18,2026-02-17 12:32:24,n_values_equal\n_values_096bit.txt
67136258296352167641665931221,96,2,60,FOUND,247981257796123,270731179013327,8003445,0,15822380929037585647,33391764759355936109427825047,42023987446616013245763001007,9836221700,9836221.7,9836.2217,9.8362217,2026-02-17 12:32:24,2026-02-17 12:32:34,n_values_equal\n_values_096bit.txt
67136258296352167641665931221,96,3,60,FOUND,270731179013327,247981257796123,18352123,0,2991810715230246926,9518966964610076413226061757,55675330304339704389438278383,22412102000,22412102.0,22412.102,22.412102,2026-02-17 12:32:34,2026-02-17 12:32:57,n_values_equal\n_values_096bit.txt
47498568627979582376347213709,96,1,60,FOUND,184390949258179,257597071977071,10929765,0,4983929965686918024,46148292228472891928760887490,19467103928679481080859492170,12983407800,12983407.8,12983.4078,12.9834078,2026-02-17 12:32:57,2026-02-17 12:33:10,n_values_equal\n_values_096bit.txt
47498568627979582376347213709,96,2,60,FOUND,184390949258179,257597071977071,11765727,0,11408767577903045090,27765576249971226839948686864,7593951609742771189215424392,13970201300,13970201.3,13970.2013,13.9702013,2026-02-17 12:33:10,2026-02-17 12:33:24,n_values_equal\n_values_096bit.txt
47498568627979582376347213709,96,3,60,FOUND,257597071977071,184390949258179,9480666,0,17978019731885286208,11302778558421978924216451206,16722554650144743283770258293,11167714800,11167714.8,11167.7148,11.1677148,2026-02-17 12:33:24,2026-02-17 12:33:35,n_values_equal\n_values_096bit.txt
71573263535797606165134425047,96,1,60,FOUND,272396303963683,262754165509309,5784843,0,14896994092067096002,40269386623615063191601365848,4574175543106515454724884220,7035386800,7035386.8,7035.3868,7.0353868,2026-02-17 12:33:35,2026-02-17 12:33:42,n_values_equal\n_values_096bit.txt
71573263535797606165134425047,96,2,60,FOUND,262754165509309,272396303963683,4075120,0,9746031298514253466,50943345731862069522766348916,6000210087628028260537706286,4980142500,4980142.5,4980.1425,4.9801425,2026-02-17 12:33:42,2026-02-17 12:33:47,n_values_equal\n_values_096bit.txt
71573263535797606165134425047,96,3,60,FOUND,262754165509309,272396303963683,4119750,0,13990348703701000517,47195955063062571559753729850,23777853184449422484459845913,5145075200,5145075.2,5145.0752,5.1450752,2026-02-17 12:33:47,2026-02-17 12:33:52,n_values_equal\n_values_096bit.txt
47672786204207821790884208299,96,1,60,FOUND,279403531727473,170623420217563,207626,0,16746789377167793372,15478625376922979711323103549,3945222896120496517586974491,257122100,257122.1,257.1221,0.2571221,2026-02-17 12:33:52,2026-02-17 12:33:52,n_values_equal\n_values_096bit.txt
47672786204207821790884208299,96,2,60,FOUND,279403531727473,170623420217563,6260608,0,6036172132202222117,21678240186280313761461700078,20856417432039001081555428448,7670215500,7670215.5,7670.2155,7.6702155,2026-02-17 12:33:52,2026-02-17 12:34:00,n_values_equal\n_values_096bit.txt
47672786204207821790884208299,96,3,60,FOUND,279403531727473,170623420217563,18356359,0,9656503728503186860,30922676511628852924700781080,20650522026941250793062813778,22458890600,22458890.6,22458.8906,22.4588906,2026-02-17 12:34:00,2026-02-17 12:34:22,n_values_equal\n_values_096bit.txt
43961918409635145943031664221,96,1,60,FOUND,158338235286713,277645625707717,21653935,0,1333693904025892360,29962561458260657235675069514,13677011912327299655472138177,26697254700,26697254.7,26697.2547,26.6972547,2026-02-17 12:34:22,2026-02-17 12:34:49,n_values_equal\n_values_096bit.txt
43961918409635145943031664221,96,2,60,FOUND,158338235286713,277645625707717,23244255,0,17521347640511661562,32331914530377207757005830545,38943279914269267269889273832,28748643500,28748643.5,28748.6435,28.7486435,2026-02-17 12:34:49,2026-02-17 12:35:18,n_values_equal\n_values_096bit.txt
43961918409635145943031664221,96,3,60,FOUND,277645625707717,158338235286713,7498388,0,4706645604906438556,20659969255186415005076698948,34928961967520205585111718313,9045633700,9045633.7,9045.6337,9.0456337,2026-02-17 12:35:18,2026-02-17 12:35:27,n_values_equal\n_values_096bit.txt
48071780758016976747991021459,96,1,60,FOUND,212820202453301,225879781166759,9710537,0,12218812321359583831,24026079742003053072845578377,15857535518766192472533864277,11922786900,11922786.9,11922.7869,11.9227869,2026-02-17 12:35:27,2026-02-17 12:35:39,n_values_equal\n_values_096bit.txt
48071780758016976747991021459,96,2,60,FOUND,212820202453301,225879781166759,9174734,0,3359979982023697616,41289560997753730407490260369,20304352154456154467282537572,11199651800,11199651.8,11199.6518,11.1996518,2026-02-17 12:35:39,2026-02-17 12:35:50,n_values_equal\n_values_096bit.txt
48071780758016976747991021459,96,3,60,FOUND,212820202453301,225879781166759,5094951,0,6662892515941660471,14883423905491833585449294515,28959752954586864252587431902,6378202900,6378202.9,6378.2029,6.3782029,2026-02-17 12:35:50,2026-02-17 12:35:56,n_values_equal\n_values_096bit.txt
41552123050245400946159702141,96,1,60,FOUND,158575620810097,262033488111053,32757102,0,14040348909119707948,25044449616448708424064776225,11167658718827547391693903358,39593339300,39593339.3,39593.3393,39.5933393,2026-02-17 12:35:56,2026-02-17 12:36:36,n_values_equal\n_values_096bit.txt
41552123050245400946159702141,96,2,60,FOUND,262033488111053,158575620810097,14740195,0,10039237211466620715,19795365545850651736228718153,2013661646004589031046152545,17804583300,17804583.3,17804.5833,17.8045833,2026-02-17 12:36:36,2026-02-17 12:36:54,n_values_equal\n_values_096bit.txt
41552123050245400946159702141,96,3,60,FOUND,158575620810097,262033488111053,2113499,0,497658979224089306,13101110047966003494246346489,41011409915077908513674065172,2603518100,2603518.1,2603.5181,2.6035181,2026-02-17 12:36:54,2026-02-17 12:36:56,n_values_equal\n_values_096bit.txt
44353453032670073447479613659,96,1,60,FOUND,259464383517503,170942356062053,7464562,0,12558887401836006340,32858638355024704048255701651,21863507593271492808054986209,9530127800,9530127.8,9530.1278,9.5301278,2026-02-17 12:36:56,2026-02-17 12:37:06,n_values_equal\n_values_096bit.txt
44353453032670073447479613659,96,2,60,FOUND,170942356062053,259464383517503,11703474,0,1646411570095501195,25106442266351414373864121065,16840856179367317852690335594,14997826500,14997826.5,14997.8265,14.9978265,2026-02-17 12:37:06,2026-02-17 12:37:21,n_values_equal\n_values_096bit.txt
44353453032670073447479613659,96,3,60,FOUND,170942356062053,259464383517503,11443796,0,5219397199770788881,32349929398160088076544834192,43968117026391732746420173257,14509984600,14509984.6,14509.9846,14.5099846,2026-02-17 12:37:21,2026-02-17 12:37:35,n_values_equal\n_values_096bit.txt
927711615830805754424567786209,100,1,60,FOUND,998225977383359,929360322061151,12816316,0,15194605324329474191,372793637352467318766819353138,486681162724061125159362923576,16704136400,16704136.4,16704.1364,16.7041364,2026-02-17 12:37:35,2026-02-17 12:37:52,n_values_equal\n_values_100bit.txt
927711615830805754424567786209,100,2,60,TIMEOUT,0,0,48981555,0,2582282740579988961,905031149652226619329257781756,761135320569303127666218367442,60000000900,60000000.9,60000.0009,60.0000009,2026-02-17 12:37:52,2026-02-17 12:38:52,n_values_equal\n_values_100bit.txt
927711615830805754424567786209,100,3,60,FOUND,929360322061151,998225977383359,24813700,0,8719178780586641449,461367030296741708156452742534,594423170320238563793923841670,31220678000,31220678.0,31220.678,31.220678,2026-02-17 12:38:52,2026-02-17 12:39:23,n_values_equal\n_values_100bit.txt
1054712678515258087640489273833,100,1,60,FOUND,1001970781878907,1052638158307819,12831666,0,17517653376536191225,333807888131104349668842920516,540364534860082030077274618772,16374416600,16374416.6,16374.4166,16.3744166,2026-02-17 12:39:23,2026-02-17 12:39:40,n_values_equal\n_values_100bit.txt
1054712678515258087640489273833,100,2,60,FOUND,1052638158307819,1001970781878907,25297873,0,9674333073417550856,743847188108057700613309919094,98113272643179306910618493857,32876509000,32876509.0,32876.509,32.876509,2026-02-17 12:39:40,2026-02-17 12:40:12,n_values_equal\n_values_100bit.txt
1054712678515258087640489273833,100,3,60,FOUND,1052638158307819,1001970781878907,32621240,0,12548795108469927221,342840722944817016053250903428,953050328246919106339852924155,42659282700,42659282.7,42659.2827,42.6592827,2026-02-17 12:40:12,2026-02-17 12:40:55,n_values_equal\n_values_100bit.txt
977544335539736260248849656119,100,1,60,FOUND,1029792125345749,949263750887131,34817430,0,17458778057979991926,225079049691490649970609656604,856777523197298059498911801683,42406396000,42406396.0,42406.396,42.406396,2026-02-17 12:40:55,2026-02-17 12:41:38,n_values_equal\n_values_100bit.txt
977544335539736260248849656119,100,2,60,FOUND,949263750887131,1029792125345749,14168669,0,8645735819277333808,272226549813876786656016206626,19501132477252444026828688356,17266032000,17266032.0,17266.032,17.266032,2026-02-17 12:41:38,2026-02-17 12:41:55,n_values_equal\n_values_100bit.txt
977544335539736260248849656119,100,3,60,FOUND,949263750887131,1029792125345749,21306421,0,1125210611584837792,308474690388664289279954502551,501520748151515136821578388178,25877086000,25877086.0,25877.086,25.877086,2026-02-17 12:41:55,2026-02-17 12:42:21,n_values_equal\n_values_100bit.txt
776738921691206089049369455417,100,1,60,FOUND,766499665694407,1013358461138431,22095774,0,17256841184894702982,651418738611040184916890607648,693125337019146034593723004058,25585395400,25585395.4,25585.3954,25.5853954,2026-02-17 12:42:21,2026-02-17 12:42:46,n_values_equal\n_values_100bit.txt
776738921691206089049369455417,100,2,60,FOUND,766499665694407,1013358461138431,3892624,0,10741772109702235010,241435941572807163133214244757,508830651008023714292764999954,4551399300,4551399.3,4551.3993,4.5513993,2026-02-17 12:42:46,2026-02-17 12:42:51,n_values_equal\n_values_100bit.txt
776738921691206089049369455417,100,3,60,FOUND,1013358461138431,766499665694407,21300899,0,4585048671591235486,521056278793637469420334339667,476336997007906076385363878631,24732134000,24732134.0,24732.134,24.732134,2026-02-17 12:42:51,2026-02-17 12:43:16,n_values_equal\n_values_100bit.txt
678651188448626243230965515209,100,1,60,FOUND,1067267159010343,635877514565263,33638505,0,17693297869657629912,469908210182109450575140797784,380297798165090465529035175989,40187585200,40187585.2,40187.5852,40.1875852,2026-02-17 12:43:16,2026-02-17 12:43:56,n_values_equal\n_values_100bit.txt
678651188448626243230965515209,100,2,60,FOUND,1067267159010343,635877514565263,12916021,0,16198067157231825059,505483239901478504240569678087,644252978654336966172439872526,15488793100,15488793.1,15488.7931,15.4887931,2026-02-17 12:43:56,2026-02-17 12:44:11,n_values_equal\n_values_100bit.txt
678651188448626243230965515209,100,3,60,FOUND,635877514565263,1067267159010343,25949284,0,9137982532899999831,587135708724457153236106519562,601274425125283874280278124713,30951838300,30951838.3,30951.8383,30.9518383,2026-02-17 12:44:11,2026-02-17 12:44:42,n_values_equal\n_values_100bit.txt
820607897931753539731638722261,100,1,60,FOUND,989047636066823,829695019741507,31534290,0,12762876010508804474,712407280054361580546339401270,672786574569199582753897281445,37610356700,37610356.7,37610.3567,37.6103567,2026-02-17 12:44:42,2026-02-17 12:45:20,n_values_equal\n_values_100bit.txt
820607897931753539731638722261,100,2,60,FOUND,829695019741507,989047636066823,18961147,0,10735927607093675702,380183369441266142724692664896,480000279217547871396122105777,22499443500,22499443.5,22499.4435,22.4994435,2026-02-17 12:45:20,2026-02-17 12:45:42,n_values_equal\n_values_100bit.txt
820607897931753539731638722261,100,3,60,FOUND,989047636066823,829695019741507,48236927,0,7652005795447316,521584359052637201881843536224,590492446174682232151284060708,57371578900,57371578.9,57371.5789,57.3715789,2026-02-17 12:45:42,2026-02-17 12:46:40,n_values_equal\n_values_100bit.txt
804976055875198571211522880591,100,1,60,FOUND,858052419851959,938143215089449,7355868,0,13469904172108877336,462673205603906271507558110620,586813723584177777173879297936,8528561500,8528561.5,8528.5615,8.5285615,2026-02-17 12:46:40,2026-02-17 12:46:48,n_values_equal\n_values_100bit.txt
804976055875198571211522880591,100,2,60,FOUND,858052419851959,938143215089449,17963209,0,2237965249358676534,493387482428145614654521060367,560208381836061117651688036125,20882335900,20882335.9,20882.3359,20.8823359,2026-02-17 12:46:48,2026-02-17 12:47:09,n_values_equal\n_values_100bit.txt
804976055875198571211522880591,100,3,60,FOUND,938143215089449,858052419851959,9632541,0,15395206993163863043,229508478186549883342061611263,273522619340290893321879303114,11209084800,11209084.8,11209.0848,11.2090848,2026-02-17 12:47:09,2026-02-17 12:47:20,n_values_equal\n_values_100bit.txt
888701846923319716208971682959,100,1,60,FOUND,922439172029953,963425962242703,12350884,0,249229237555652840,114227049489355379670152939919,188129960134322436362369070382,15239080400,15239080.4,15239.0804,15.2390804,2026-02-17 12:47:20,2026-02-17 12:47:36,n_values_equal\n_values_100bit.txt
888701846923319716208971682959,100,2,60,FOUND,963425962242703,922439172029953,19645635,0,17990494311488248512,524057141753574035853951807850,536395993722935184509274259587,24043941000,24043941.0,24043.941,24.043941,2026-02-17 12:47:36,2026-02-17 12:48:00,n_values_equal\n_values_100bit.txt
888701846923319716208971682959,100,3,60,FOUND,922439172029953,963425962242703,20305485,0,17265961623321163733,42149116824178048680762009564,712583616260507716945676962330,24766971800,24766971.8,24766.9718,24.7669718,2026-02-17 12:48:00,2026-02-17 12:48:24,n_values_equal\n_values_100bit.txt
836869512594519511568354901913,100,1,60,FOUND,808765291907549,1034749538547437,26133118,0,8196117522674434602,263755575697634854620008901500,12468762209402275497786946418,32056942900,32056942.9,32056.9429,32.0569429,2026-02-17 12:48:24,2026-02-17 12:48:56,n_values_equal\n_values_100bit.txt
836869512594519511568354901913,100,2,60,FOUND,1034749538547437,808765291907549,29051739,0,1783623099493850856,584059731473598869390440289473,635080225323408029746320035227,35588846600,35588846.6,35588.8466,35.5888466,2026-02-17 12:48:56,2026-02-17 12:49:32,n_values_equal\n_values_100bit.txt
836869512594519511568354901913,100,3,60,FOUND,1034749538547437,808765291907549,28530611,0,7921331572170955781,671209368880035941520910631721,446724675848509185192508117619,35165075200,35165075.2,35165.0752,35.1650752,2026-02-17 12:49:32,2026-02-17 12:50:07,n_values_equal\n_values_100bit.txt
1096223404805184264715499509223,100,1,60,FOUND,1121242229682479,977686512142537,26307414,0,2529786374197185243,773103120003599428914660101346,382830200382228519735122302517,31394684600,31394684.6,31394.6846,31.3946846,2026-02-17 12:50:07,2026-02-17 12:50:39,n_values_equal\n_values_100bit.txt
1096223404805184264715499509223,100,2,60,FOUND,1121242229682479,977686512142537,28152247,0,12151602062466277797,155239656892109073055284297722,583318790132296405800035879363,33623413700,33623413.7,33623.4137,33.6234137,2026-02-17 12:50:39,2026-02-17 12:51:12,n_values_equal\n_values_100bit.txt
1096223404805184264715499509223,100,3,60,FOUND,977686512142537,1121242229682479,26377596,0,4344722784926416298,1085684067369402737859433141421,1077459030075766444809046322443,31612765800,31612765.8,31612.7658,31.6127658,2026-02-17 12:51:12,2026-02-17 12:51:44,n_values_equal\n_values_100bit.txt
960722542635225890922356902817,100,1,60,FOUND,896379985361639,1071780448386103,12511484,0,8423925090053727953,955304538635103951601708210323,229153076672568521914078628341,15444437000,15444437.0,15444.437,15.444437,2026-02-17 12:51:44,2026-02-17 12:51:59,n_values_equal\n_values_100bit.txt
960722542635225890922356902817,100,2,60,FOUND,1071780448386103,896379985361639,18245269,0,7012901639700141100,516996199446096675812864507299,932496162198647545756789068357,22413555300,22413555.3,22413.5553,22.4135553,2026-02-17 12:51:59,2026-02-17 12:52:22,n_values_equal\n_values_100bit.txt
960722542635225890922356902817,100,3,60,FOUND,896379985361639,1071780448386103,21106356,0,751986696046862782,517232787883069019529914227034,886969626244261079720680219487,25988810100,25988810.1,25988.8101,25.9888101,2026-02-17 12:52:22,2026-02-17 12:52:48,n_values_equal\n_values_100bit.txt
819593708729883581195001209729,100,1,60,FOUND,749353470540823,1093734453699623,16194964,0,10801692477152896105,223846581959048767695136298938,126454480795263095656857140950,19784090800,19784090.8,19784.0908,19.7840908,2026-02-17 12:52:48,2026-02-17 12:53:07,n_values_equal\n_values_100bit.txt
819593708729883581195001209729,100,2,60,FOUND,749353470540823,1093734453699623,38211492,0,5198468500258955333,110193826345367331162746253040,115095207185136970452729665004,46720070600,46720070.6,46720.0706,46.7200706,2026-02-17 12:53:07,2026-02-17 12:53:54,n_values_equal\n_values_100bit.txt
819593708729883581195001209729,100,3,60,FOUND,1093734453699623,749353470540823,32816916,0,2063431260968204249,11179628191740376793716269909,623753337524998371412228992417,39984833400,39984833.4,39984.8334,39.9848334,2026-02-17 12:53:54,2026-02-17 12:54:34,n_values_equal\n_values_100bit.txt
864842665935914486619936842041,100,1,60,FOUND,900578133086537,960319415009393,37746030,0,4914150093291442603,399998606140995919253072132348,789368883274225269378004280559,44596696600,44596696.6,44596.6966,44.5966966,2026-02-17 12:54:34,2026-02-17 12:55:19,n_values_equal\n_values_100bit.txt
864842665935914486619936842041,100,2,60,FOUND,960319415009393,900578133086537,24353788,0,15570856904056150595,642329572976973459056157676513,371048428169552080526571769960,28580978900,28580978.9,28580.9789,28.5809789,2026-02-17 12:55:19,2026-02-17 12:55:47,n_values_equal\n_values_100bit.txt
864842665935914486619936842041,100,3,60,FOUND,960319415009393,900578133086537,14319850,0,13595675203251222143,217981838902208659140565322040,775308406847651837438529499446,17010673400,17010673.4,17010.6734,17.0106734,2026-02-17 12:55:47,2026-02-17 12:56:04,n_values_equal\n_values_100bit.txt
1062386182051357419347164242223,100,1,60,FOUND,977311683812627,1087049504930549,13434645,0,12170183871214038468,1051701173497838581238887707447,790023510333663430562850478221,16465328600,16465328.6,16465.3286,16.4653286,2026-02-17 12:56:04,2026-02-17 12:56:21,n_values_equal\n_values_100bit.txt
1062386182051357419347164242223,100,2,60,FOUND,1087049504930549,977311683812627,17298746,0,7273448902267149005,108893125982609759956497941822,186964756011177240185652270607,21169155300,21169155.3,21169.1553,21.1691553,2026-02-17 12:56:21,2026-02-17 12:56:42,n_values_equal\n_values_100bit.txt
1062386182051357419347164242223,100,3,60,FOUND,1087049504930549,977311683812627,16669712,0,9189394563169029400,632214696940197365243668312929,617966794883918180610112943685,20329809500,20329809.5,20329.8095,20.3298095,2026-02-17 12:56:42,2026-02-17 12:57:02,n_values_equal\n_values_100bit.txt
822366266971455613809327067391,100,1,60,FOUND,754228834343521,1090340529989471,11161565,0,3603625351764711831,228248488725055322982476978710,799065043068677316403012559901,13715106900,13715106.9,13715.1069,13.7151069,2026-02-17 12:57:02,2026-02-17 12:57:16,n_values_equal\n_values_100bit.txt
822366266971455613809327067391,100,2,60,FOUND,754228834343521,1090340529989471,20148425,0,12846955387480532135,808414392339187870449486604,138721740317299507764255939884,24924301700,24924301.7,24924.3017,24.9243017,2026-02-17 12:57:16,2026-02-17 12:57:41,n_values_equal\n_values_100bit.txt
822366266971455613809327067391,100,3,60,FOUND,754228834343521,1090340529989471,28189271,0,4904682611090773944,663223828131701057747844455881,163699814865919106871853779328,34754440600,34754440.6,34754.4406,34.7544406,2026-02-17 12:57:41,2026-02-17 12:58:16,n_values_equal\n_values_100bit.txt
704480675770267531205838476341,100,1,60,FOUND,647032698867437,1088786821753193,12782323,0,13990274712667825927,467718047840710684849168284259,481193856485250048097444274086,14905490200,14905490.2,14905.4902,14.9054902,2026-02-17 12:58:16,2026-02-17 12:58:31,n_values_equal\n_values_100bit.txt
704480675770267531205838476341,100,2,60,FOUND,1088786821753193,647032698867437,28451903,0,5684720945868035282,513480515049081659637025655935,659547584889330889658754515037,33244990000,33244990.0,33244.99,33.24499,2026-02-17 12:58:31,2026-02-17 12:59:04,n_values_equal\n_values_100bit.txt
704480675770267531205838476341,100,3,60,FOUND,1088786821753193,647032698867437,18324687,0,8032746356763871118,701260136145451081006254306342,39913583180576196102276476403,21372960100,21372960.1,21372.9601,21.3729601,2026-02-17 12:59:04,2026-02-17 12:59:25,n_values_equal\n_values_100bit.txt
681969194244563708734862071187,100,1,60,FOUND,885714103934983,769965377331989,29267801,0,6822248927147130272,268318023523539574873184477407,35010316788983554580298646403,35401919700,35401919.7,35401.9197,35.4019197,2026-02-17 12:59:25,2026-02-17 13:00:01,n_values_equal\n_values_100bit.txt
681969194244563708734862071187,100,2,60,FOUND,769965377331989,885714103934983,17070424,0,6644908840480944181,478367818541848887890813201213,478329143992047569343654495613,20731073100,20731073.1,20731.0731,20.7310731,2026-02-17 13:00:01,2026-02-17 13:00:21,n_values_equal\n_values_100bit.txt
681969194244563708734862071187,100,3,60,FOUND,885714103934983,769965377331989,22445421,0,2166467862427428817,170661732999732282594856848057,464893750042460040532144219789,27200694300,27200694.3,27200.6943,27.2006943,2026-02-17 13:00:21,2026-02-17 13:00:49,n_values_equal\n_values_100bit.txt
792328276720448504046598052629,100,1,60,FOUND,755735719360073,1048419780120173,31064680,0,16824255936791311232,704400000838684374183702485294,656248404480073578093356990745,37455676000,37455676.0,37455.676,37.455676,2026-02-17 13:00:49,2026-02-17 13:01:26,n_values_equal\n_values_100bit.txt
792328276720448504046598052629,100,2,60,FOUND,755735719360073,1048419780120173,21933039,0,9931185048322028448,382167800848636779335402721282,627569236702789361942846971262,26884612000,26884612.0,26884.612,26.884612,2026-02-17 13:01:26,2026-02-17 13:01:53,n_values_equal\n_values_100bit.txt
792328276720448504046598052629,100,3,60,FOUND,755735719360073,1048419780120173,35726211,0,15690200523562546945,316455528761335503211976246812,253232104958521518642976980258,43786490600,43786490.6,43786.4906,43.7864906,2026-02-17 13:01:53,2026-02-17 13:02:37,n_values_equal\n_values_100bit.txt
746638727642186587457842619311,100,1,60,FOUND,848378844462137,880077022801703,20469792,0,9420065046905751946,414924457832616024640471876522,211789505979092083988351531829,23870862900,23870862.9,23870.8629,23.8708629,2026-02-17 13:02:37,2026-02-17 13:03:01,n_values_equal\n_values_100bit.txt
746638727642186587457842619311,100,2,60,FOUND,880077022801703,848378844462137,32163935,0,3366029433679800453,604102723390712815628178640825,400547092912618905199714707826,37490677700,37490677.7,37490.6777,37.4906777,2026-02-17 13:03:01,2026-02-17 13:03:38,n_values_equal\n_values_100bit.txt
746638727642186587457842619311,100,3,60,FOUND,848378844462137,880077022801703,14704399,0,4829716530693842055,59586916020172810672903788647,431053203195593682862421473226,17125874200,17125874.2,17125.8742,17.1258742,2026-02-17 13:03:38,2026-02-17 13:03:55,n_values_equal\n_values_100bit.txt
1210900808159526836610675352853,100,1,60,FOUND,1105134950347513,1095704020381181,14868380,0,3029474666042085570,1007257391470261869550121854562,208221187285590276078204720716,18208333100,18208333.1,18208.3331,18.2083331,2026-02-17 13:03:55,2026-02-17 13:04:13,n_values_equal\n_values_100bit.txt
1210900808159526836610675352853,100,2,60,FOUND,1105134950347513,1095704020381181,12901779,0,1069841541900904257,874350135487132741893835850349,1027501937306207724146787560738,15744480700,15744480.7,15744.4807,15.7444807,2026-02-17 13:04:13,2026-02-17 13:04:29,n_values_equal\n_values_100bit.txt
1210900808159526836610675352853,100,3,60,FOUND,1105134950347513,1095704020381181,14246785,0,12229734923241837247,1147079396569823659867822451567,603015103590805846685874604414,17084808700,17084808.7,17084.8087,17.0848087,2026-02-17 13:04:29,2026-02-17 13:04:46,n_values_equal\n_values_100bit.txt
976955570816407054867699063951,100,1,60,FOUND,875590853291257,1115767218380743,31324779,0,4544473696518893444,810384923890841385351631650379,741212577303723200592470422808,38072781200,38072781.2,38072.7812,38.0727812,2026-02-17 13:04:46,2026-02-17 13:05:24,n_values_equal\n_values_100bit.txt
976955570816407054867699063951,100,2,60,FOUND,875590853291257,1115767218380743,21865452,0,17444710366651482161,8432876160386577460013307587,880027462904921307824175034340,26713094200,26713094.2,26713.0942,26.7130942,2026-02-17 13:05:24,2026-02-17 13:05:51,n_values_equal\n_values_100bit.txt
976955570816407054867699063951,100,3,60,FOUND,1115767218380743,875590853291257,21355633,0,6841724373346844505,301775938220748660618130270542,555715620037937587615269478890,25969316000,25969316.0,25969.316,25.969316,2026-02-17 13:05:51,2026-02-17 13:06:17,n_values_equal\n_values_100bit.txt
1046791248648218819165949423989,100,1,60,FOUND,1052059533291587,994992408246247,16588525,0,3154542939355088197,389983939778835851658933105470,24711200794741206747904568437,20299273700,20299273.7,20299.2737,20.2992737,2026-02-17 13:06:17,2026-02-17 13:06:37,n_values_equal\n_values_100bit.txt
1046791248648218819165949423989,100,2,60,FOUND,1052059533291587,994992408246247,15915705,0,9698542054055875941,119657336173841926112124508796,64666448667719711131014464666,19452992500,19452992.5,19452.9925,19.4529925,2026-02-17 13:06:37,2026-02-17 13:06:57,n_values_equal\n_values_100bit.txt
1046791248648218819165949423989,100,3,60,FOUND,994992408246247,1052059533291587,32175650,0,17603959450391966265,170478729419886749680754285662,249975743679511414241260436706,39383893800,39383893.8,39383.8938,39.3838938,2026-02-17 13:06:57,2026-02-17 13:07:36,n_values_equal\n_values_100bit.txt
695113572098927750530292903657,100,1,60,FOUND,1022992580125123,679490336101859,26336293,0,15630380221616055966,554623060456920448797905963239,490539988800091292510427181540,32516422200,32516422.2,32516.4222,32.5164222,2026-02-17 13:07:36,2026-02-17 13:08:09,n_values_equal\n_values_100bit.txt
695113572098927750530292903657,100,2,60,FOUND,679490336101859,1022992580125123,20022701,0,2785318070629224393,54049446886985920272981717891,322920671827117666905678490761,24871241500,24871241.5,24871.2415,24.8712415,2026-02-17 13:08:09,2026-02-17 13:08:33,n_values_equal\n_values_100bit.txt
695113572098927750530292903657,100,3,60,FOUND,1022992580125123,679490336101859,26256644,0,6700720323561305333,234811326810423608884025729477,627148862119868373131832469071,32494917400,32494917.4,32494.9174,32.4949174,2026-02-17 13:08:33,2026-02-17 13:09:06,n_values_equal\n_values_100bit.txt
811824261195859230205195237157,100,1,60,FOUND,1066005850517897,761557040987581,14641992,0,11708907264769143576,314066790451752725128482905967,325341323573474900652979751199,18835848700,18835848.7,18835.8487,18.8358487,2026-02-17 13:09:06,2026-02-17 13:09:25,n_values_equal\n_values_100bit.txt
811824261195859230205195237157,100,2,60,FOUND,761557040987581,1066005850517897,27576856,0,12144047079685766388,140710592487215168895120368946,268598069104232377896803815845,35217341100,35217341.1,35217.3411,35.2173411,2026-02-17 13:09:25,2026-02-17 13:10:00,n_values_equal\n_values_100bit.txt
811824261195859230205195237157,100,3,60,FOUND,1066005850517897,761557040987581,5175182,0,16355698672880995933,260450836361509120613551112600,555840018635247632300548594027,6419481700,6419481.7,6419.4817,6.4194817,2026-02-17 13:10:00,2026-02-17 13:10:06,n_values_equal\n_values_100bit.txt
744452282709180953462816371403,100,1,60,FOUND,797403911240821,933594972654143,46245709,0,8814258714419180762,180801211236002315234792951659,525528108479986387397229479766,56784959400,56784959.4,56784.9594,56.7849594,2026-02-17 13:10:06,2026-02-17 13:11:03,n_values_equal\n_values_100bit.txt
744452282709180953462816371403,100,2,60,FOUND,797403911240821,933594972654143,6546711,0,8363929446164590922,244802753957618031126567045255,195724359549875204745840656482,8247342400,8247342.4,8247.3424,8.2473424,2026-02-17 13:11:03,2026-02-17 13:11:11,n_values_equal\n_values_100bit.txt
744452282709180953462816371403,100,3,60,FOUND,797403911240821,933594972654143,35005604,0,13453939099805847754,120246158648469549940931817673,97328692458698403148450196371,41703958700,41703958.7,41703.9587,41.7039587,2026-02-17 13:11:11,2026-02-17 13:11:53,n_values_equal\n_values_100bit.txt
